sku,kind,level,idx,status,lift_max_mm,limiting,zc
can,lane,0,0,ok,>=90,,393.3
can,lane,0,2,ok,>=90,,393.3
can,lane,0,4,ok,>=90,,393.3
can,lane,1,0,ok,>=90,,833.3
can,lane,1,2,ok,>=90,,833.3
can,lane,1,4,ok,>=90,,833.3
can,tote,0,0,ok,73.8,arm_l1_cover|L1_ledge,403.0
can,tote,0,2,ok,>=90,,403.0
can,tote,0,3,ok,>=90,,403.0
can,tote,0,5,ok,>=90,,403.0
can,tote,1,0,ok,>=90,,843.0
can,tote,1,2,ok,>=90,,843.0
can,tote,1,3,ok,>=90,,843.0
can,tote,1,5,ok,>=90,,843.0
pet1l,lane,0,0,BLOCKED at nominal height,,arm_l2_cover|L1_lane0_E;arm_l2_cover|L1_lane1_E;ar,550.3
pet1l,lane,0,2,BLOCKED at nominal height,,arm_l2_cover|L1_lane2_E;arm_l2_cover|L1_lane3_E;ar,550.3
pet1l,lane,0,4,BLOCKED at nominal height,,arm_l2_cover|L1_plate;arm_l2|L1_lane4_E;arm_l2|L1_,550.3
pet1l,lane,1,0,ok,>=90,,990.3
pet1l,lane,1,2,ok,>=90,,990.3
pet1l,lane,1,4,ok,>=90,,990.3
pet1l,tote,0,0,BLOCKED at nominal height,,arm_j2_housing|L1_ledge;arm_j2_housing|L1_trayB;ar,550.0
pet1l,tote,0,2,BLOCKED at nominal height,,arm_l2_cover|L1_ledge;arm_l2|L1_tbracket_1,550.0
pet1l,tote,0,3,BLOCKED at nominal height,,arm_l2_cover|L1_ledge,550.0
pet1l,tote,0,5,BLOCKED at nominal height,,arm_l2_cover|L1_ledge,550.0
pet1l,tote,1,0,ok,>=90,,990.0
pet1l,tote,1,2,ok,>=90,,990.0
pet1l,tote,1,3,ok,>=90,,990.0
pet1l,tote,1,5,ok,>=90,,990.0
pet600,lane,0,0,ok,21.6,arm_l2|L1_bracket_LF,497.3
pet600,lane,0,2,ok,38.5,arm_l2|L1_plate,497.3
pet600,lane,0,4,ok,39.2,arm_l2|L1_plate,497.3
pet600,lane,1,0,ok,>=90,,937.3
pet600,lane,1,2,ok,>=90,,937.3
pet600,lane,1,4,ok,>=90,,937.3
pet600,tote,0,0,BLOCKED at nominal height,,arm_l1_cover|L1_trayB;arm_l1|L1_ledge;arm_l1|L1_tr,497.0
pet600,tote,0,2,ok,37.3,arm_l2|L1_tbracket_1,497.0
pet600,tote,0,3,ok,50.6,arm_l2_cover|L1_ledge,497.0
pet600,tote,0,5,ok,50.6,arm_l2_cover|L1_ledge,497.0
pet600,tote,1,0,ok,>=90,,937.0
pet600,tote,1,2,ok,>=90,,937.0
pet600,tote,1,3,ok,>=90,,937.0
pet600,tote,1,5,ok,>=90,,937.0
