container_id,container_type,product_brand_flavour,nominal_volume_mL,modelled_full_mass_g,modelled_source,full_mass_g_sample1,full_mass_g_sample2,full_mass_g_sample3,empty_mass_g_with_cap_label,poured_volume_mL,liquid_density_g_per_mL_calc,diameter_mm_low,diameter_mm_mid,diameter_mm_high,max_diameter_mm,height_mm,base_cup_diameter_mm,shoulder_start_height_mm,neck_diameter_mm,surface_and_label,tilt_angle_deg_TPU_dry,tilt_angle_deg_TPU_wet,mu_dry_calc_tan,mu_wet_calc_tan,notes,ring_outer_diameter_mm,ring_thickness_mm,free_neck_below_ring_mm,cap_top_to_ring_underside_mm,status
can_355_std,aluminium can,(modelled: regular cola density 1.04),355,382.0,rho 1.04 g/mL x 355 mL + pack 13 g; pdmeasurement.com 12 oz can: 66 mm x 122.7 mm; mass = rho*V + shell,,,,,,,,,,,,,,,,,,,,,,,,,optional (PET and cans only; glass and returnable are out of the plan)
can_355_slim,aluminium can,(modelled: regular cola density 1.04),355,382.0,rho 1.04 g/mL x 355 mL + pack 13 g; candimension.com slim 12 oz: 57 mm x 156 mm,,,,,,,,,,,,,,,,,,,,,,,,,optional (PET and cans only; glass and returnable are out of the plan)
can_473_tall,aluminium can,(modelled: regular cola density 1.04),473,507.0,rho 1.04 g/mL x 473 mL + pack 15 g; pdmeasurement.com 16 oz: 66 mm x 157.2 mm,,,,,,,,,,,,,,,,,,,,,,,,,optional (PET and cans only; glass and returnable are out of the plan)
pet_500_water,PET one-way (assumed),(modelled: water),500,519.0,rho 1.0 g/mL x 500 mL + pack 19 g; dimensions.com 63.5 x 203 mm; retail 500 mL PET 65-71 mm x 205-222 mm ,,,,,,,,,,,,,,,,,,,,,,,,,optional (PET and cans only; glass and returnable are out of the plan)
pet_600_soda,PET one-way (assumed),(modelled: regular cola density 1.04),600,650.0,"rho 1.04 g/mL x 600 mL + pack 26 g; Remsa 600 mL PET 239x64 / 235x68.5 mm; Makro CO 71x71x235 mm, 0.648 kg",,,,,,,,,,,,,,,,,,,,,,,,,optional (PET and cans only; glass and returnable are out of the plan)
pet_1000,PET one-way (assumed),(modelled: regular cola density 1.04),1000,1072.0,rho 1.04 g/mL x 1000 mL + pack 32 g; ESTIMATE (no source retrieved) - measure with caliper,,,,,,,,,,,,,,,,,,,,,,,,,optional (PET and cans only; glass and returnable are out of the plan)
pet_1500,PET one-way (assumed),(modelled: regular cola density 1.04),1500,1605.0,rho 1.04 g/mL x 1500 mL + pack 45 g; candimension.com 1.5 L: 311 mm x 89 mm,,,,,,,,,,,,,,,,,,,,,,,,,optional (PET and cans only; glass and returnable are out of the plan)
pet_2000,PET one-way (assumed),(modelled: regular cola density 1.04),2000,2130.0,rho 1.04 g/mL x 2000 mL + pack 50 g; candimension 318x102 mm; Wikipedia 2 L: 300-330 mm x 100-120 mm,,,,,,,,,,,,,,,,,,,,,,,,,optional (PET and cans only; glass and returnable are out of the plan)
pet_600_diet,PET one-way,diet / zero cola,600,,"liquid 0.997 g/mL (Diet Coke, UW chemistry demo) + 26 g pack",,,,,,,,,,,,,,,,,,,,,,,,,optional (PET and cans only; glass and returnable are out of the plan)
can_473_beer,aluminium can,beer,473,,liquid about 1.01 g/mL + 15 g can,,,,,,,,,,,,,,,,,,,,,,,,,optional (PET and cans only; glass and returnable are out of the plan)
