order_batch,module,item,spec,qty,unit,unit_price_usd,price_status,stock_status,notes,line_usd,in_total
1 (long lead),Z module,4040 V-slot column,"40x40 mm V-slot, TWO slots per face at 20 mm pitch (= 2x2 of 2020; OpenBuilds / ZYLtech V-Groove type), anodised 6063, centre bore; NOT a one-slot-per-face indu",1.0,pc,50.0,ESTIMATE,to buy,"I = 8.14e-8 m^4 nominal (makers list 7.5-9.9 cm4), 1.55 kg/m (1.35-1.77). Mounted at x = -30..10 so the rail line x=0 sits over the front slot. Lean at z_c 1060: 2.45 mm alone (fails with a 7.5 cm4 pr",50.0,True
1 (long lead),Z module,MGN12H rail + 2 blocks,"rail 12x8 mm, 25 mm hole pitch, M3x8 rail bolts; blocks 27x45.4, 20x20 M3 pattern, M3x3.5 thread",1.0,pc,64.0,FOUND,to buy,"HIWIN genuine blocks ~USD 21-45 each (makerstore.cc 21.20, Zyltech 12.95 clone); price varies 30-90 USD; usable operating stroke by rail length at 60 mm block spacing: 800 mm: 667 mm, 850 mm: 717 mm, ",64.0,True
1 (long lead),Z module,Lead screw T8x4 + brass flange nut,"Tr8x4: 8 mm OD, 2 mm pitch, 2-start, 4 mm lead; nut flange D22, 4 holes on 16 mm circle (same footprint as the T8x8 nut)",1.0,pc,12.0,ESTIMATE,to buy,"order the 2-start (4 mm lead) nut with the screw; speed limited to 40 mm/s cruise; 836 mm needed (top end 12.5 mm in coupler, bottom end 5 mm below lower bearing); hold on detent + friction needs the ",12.0,True
1 (long lead),Z module,NEMA17 stepper with 24 V power-off brake,"OMC 17HS19-2004D-B070: 42x42x79 mm, 2.0 A/phase, 0.52 N*m, R 1.30 ohm, L 2.0 mH, shaft D5x24 (D-cut 15), brake 24 V 3.7 W 0.7 N*m, ~0.55 kg (gross 0.63-0.64 kg ",1.0,pc,29.26,FOUND,to buy,"longest-lead item: order first. Motor cable 500 mm, brake cable 180 mm (extend). Rotor inertia, detent torque and torque curve are not on the page: assumed 100 g*cm2 incl. brake hub and 25 mN*m detent",29.26,True
1 (long lead),Z module,5-to-8 mm flexible coupler,"D20 x L25, set-screw or clamp",1.0,pc,1.15,FOUND,to buy,"VERIFY bore depth >= 12 mm each side (shaft 11.5 mm, screw 12.5 mm engaged); D-cut flat on the motor shaft is 15 mm long, put the clamp screw on it",1.15,True
1 (long lead),Z module,608-2RS bearing,8x22x7,4.0,pc,0.8800000000000001,ESTIMATE,to buy,2 per support (top + bottom). 6701/624 on order are not 608,3.52,True
1 (long lead),Z module,Shaft collar 8 mm,"8 mm bore, OD 14-16, set-screw, width ~10",2.0,pc,1.5,ESTIMATE,to buy,"1 required (above top bearing), 1 spare; if OD > 12 add a 1 mm D12 shim so the collar bears on the inner race only",3.0,True
own print/stock,Z module,Printed spacer (PETG),zmod_bearing_spacer: OD21 ID15 L18,2.0,pc,,own,own print,one per bearing pair,0.0,False
own print/stock,Z module,PETG filament for all printed Z-module parts,"13 distinct parts (spacer x2): plate 90.1 g, motor mount 52.0, bottom support 35.7, spacers 2x3.9, camera bracket 16.2, cradle 11.1, limit brackets 2x7.4, lower",1.0,pc,,own,own print,orientations and supports per part in zmod_parts_table.csv; only the motor mount needs supports (under the upper arm); test the 22.1 mm bearing pockets with a fit coupon first,0.0,False
2 (hardware store),Z module,M5x16 DIN912 + M5 slot T-nut (2020-series),"web, limit-bracket and rod-clamp screws into the 4040 slots",16.0,pc,0.25,ESTIMATE,to buy,"8 motor-mount + bottom-support webs (+x face), 4 limit brackets (-x face), 4 rod clamps (2 rear face, 2 -x face); 16 T-nuts (+2 spare)",4.0,True
2 (hardware store),Z module,M5x25 DIN912 + M5 slot T-nut,lower stop (front slot),2.0,pc,0.3,ESTIMATE,to buy,"lower stop, front slot x=0",0.6,True
2 (hardware store),Z module,M3 slot T-nut (6 mm V-slot),"rail mounting, 25 mm pitch",36.0,pc,0.1,ESTIMATE,to buy,use every hole (36 on 900 mm) for rigidity; rail M3x8 bolts come with the rail,3.6,True
2 (hardware store),Z module,M3x8 DIN912,MGN12H block to carriage plate (8) + motor to mount (4),12.0,pc,0.05,ESTIMATE,to buy,M3x10 on hand would bottom in the 3.5 mm block thread; use M3x8,0.6,True
2 (hardware store),Z module,M3x16 DIN912 + M3 nut + washer,nut flange to ledge,4.0,pc,0.1,ESTIMATE,to buy,"nuts sit under the ledge, thread-lock",0.4,True
on hand / check,Z module,M3x10 DIN912 + M3 nut,camera bracket leg to plate (nut traps on rear face),4.0,pc,0.05,ESTIMATE,on hand / ordered,tip ends flush with rear face; M3x12 gives margin,0.2,False
on hand / check,Z module,M2x12 DIN912 + M2 nut,limit switches to brackets (hex traps on rear),4.0,pc,0.05,ESTIMATE,on hand / ordered,M2 nuts not on the order list,0.2,False
2 (hardware store),Z module,M4x60 + M4 nyloc + washers,camera hinge and lock bolt,2.0,pc,0.2,ESTIMATE,to buy,lock bolt in arc slot; tighten for friction lock,0.4,True
2 (hardware store),Z module,1/4-20 UNC x 3/8 in bolt + washer,camera tripod thread,1.0,pc,0.5,ESTIMATE,to buy,pocket is 4.5 mm deep; head AF 11,0.5,True
1 (long lead),Z module,KW12-3 micro limit switch,"20x10x6.3 mm roller lever, 2 holes ~9.5 mm pitch D2.4 (VERIFY)",2.0,pc,0.7,ESTIMATE,to buy,home (bottom) + top; trip 3 mm beyond working range; wire NORMALLY CLOSED (COM + NC) so a broken wire reads as a trip; hole pitch / lever VERIFY on the received part,1.4,True
2 (hardware store),Z module,Rubber bumper D20x10,"cylindrical, Shore ~60A",2.0,pc,1.5,ESTIMATE,to buy,1 + spare; seat pocket D20.2 x 4 deep,3.0,True
on hand / check,Z module,Orbbec Gemini 2,"90x25x30 mm, 1/4-20 bottom hole",1.0,pc,,not,check,mass ~0.1 kg,0.0,False
2 (hardware store),Z module,M6 threaded rod (tie rods),"M6 DIN 975 steel (zinc or A2), 2 m length, A_s 20.1 mm2, ~0.22 kg/m",2.0,pc,4.0,ESTIMATE,to buy,two separate 2 m pieces (a 1 m rod plus coupling nut would add a slack joint). Horizontal-equivalent rod stiffness 0.061 (rear) / 0.036 (side) N/um before the joints. Snug (not tensioned) at assembly,8.0,True
2 (hardware store),Z module,M6 nut DIN 934 + M6 washer DIN 125,"rod ends: top nut + washer on the clamp seat; bottom nut captive in the anchor slot (AF 10, 5 mm)",8.0,pc,0.1,ESTIMATE,to buy,"4 nuts + 4 washers used, 4 spare of each; use a drop of thread-lock on the top nuts",0.8,True
2 (hardware store),Z module,M5x60 DIN912 + M5 nyloc nut + M5 penny washer (anchor bolts),"rod anchor blocks to the plywood: 2 bolts per anchor, bolt head in the D10 counterbore, nut + 20 mm washer under the plywood",4.0,pc,0.4,ESTIMATE,to buy,bolt tension 143 N each at the design load (hand calc ROD2); drill D5.5 holes in the plywood at the positions in zmod_build.py ANCHOR_BOLTS (the CAD plywood has them),1.6,True
2 (hardware store),Z module,Plywood base 400 x 400 x 18 mm,"birch / construction plywood, one piece; x -200..200, y -401..-1 (front edge 130 mm ahead of the column front face)",1.0,pc,12.0,ESTIMATE,to buy,"mass 1.87 kg (650 kg/m3 ESTIMATE); column and ballast are not glued to it: bolt the 4 foot brackets, ballast plates on the rear half",12.0,True
2 (hardware store),Z module,Column foot brackets (4),"3 mm steel (or aluminium) angle bracket 40 mm wide, legs >= 36 mm (on the column slot) and >= 30 mm (on the plywood); one per column face",4.0,pc,1.5,ESTIMATE,to buy,"M5x10 + T-nut on the column leg, 2x M5x30 + nut + washer through the plywood leg per bracket (8 bolts total); with the rods the base moment is <= 3 N*m (C-RODS), without them 18.8 N*m",6.0,True
2 (hardware store),Z module,M5x30 DIN912 + M5 nut + washer (foot brackets),bracket horizontal legs through the 18 mm plywood,8.0,pc,0.2,ESTIMATE,to buy,nan,1.6,True
2 (hardware store),Z module,Ballast,"steel plates / weights, 6 kg on the rear half of the plywood (lever >= 0.33 m); 11 kg if centred",1.0,pc,15.0,ESTIMATE,to buy,O1 static SF 2: 4.3 kg (rear) / 7.1 kg (centre); O3 dynamic SF 1.5 (2 m/s^2 at 1 m) governs: 6.5 / 10.8 kg; not modelled in CAD; the 400 mm base replaces the 300 mm one (ballast 14.2 kg -> 7.1 kg),15.0,True
1 (long lead),Z module,24 V DC power supply 5 A,"Mean Well EDR-120-24: 24 V 5 A 120 W DIN-rail, 100-240 VAC in (adjustable ~24-28 V: set 24.0 V, never above 25 V for the TMC2209)",1.0,pc,29.89,FOUND,to buy,feeds motor driver and brake only; arm servos stay on their 12 V supply; mains wiring only by a competent person / enclosed unit,29.89,True
2 (hardware store),Z module,Fuse T3.15A slow-blow + holder,5x20 mm slow-blow in the 24 V line after the supply,1.0,pc,3.0,ESTIMATE,to buy,"sized above the ~1 A running current and the capacitor inrush, below what 1.0 mm2 wire and the driver tolerate (UNVERIFIED)",3.0,True
1 (long lead),Z module,Stepper driver TMC2209 module (UART),"BigTreeTech TMC2209 V1.3 or Watterott SilentStepStick TMC2209 (0.11 ohm sense, VM 4.75-28 V); heatsink; spare 1",2.0,pc,8.0,ESTIMATE,to buy,"set 1.4 A rms (ASSUMED, UNVERIFIED): UART IRUN = 24 (1.38 A rms) or 25 (1.44 A rms) with vsense = 0 and R_sense 0.11 ohm, formula I_rms = (CS+1)/32 x 0.325 V/(R_sense + 0.02 ohm)/sqrt2; or analog Vref",16.0,True
2 (hardware store),Z module,Brake switch: N-MOSFET + flyback diode (or 24 V relay),"logic-level N-MOSFET (IRLZ44N or similar) low side, 1N5819 / 1N4007 flyback diode across the brake coil, 100 ohm gate resistor, 10 kohm gate pull-down; relay al",1.0,pc,2.0,ESTIMATE,to buy,brake coil 3.7 W = 154 mA at 24 V; diode must be rated >= 1 A / 40 V,2.0,True
2 (hardware store),Z module,E-stop: mushroom button NC + 24 V relay,"22 mm mushroom, latching, NC contact; DC power relay with 24 V coil, contacts >= 5 A DC at 24 V (switches 24 V to driver VM and brake)",1.0,pc,12.0,ESTIMATE,to buy,E-stop NC contact only carries the relay coil current; releasing it drops the relay -> motor power and brake power both cut -> brake engages; 12 V arm servo supply stays alive (see zmod_electrical.md),12.0,True
2 (hardware store),Z module,Bulk capacitor 470 uF 35 V + 100 nF ceramic,at the driver VM pins (< 20 mm leads),1.0,pc,0.6,ESTIMATE,to buy,do not use a 25 V part: VM runs at 24 V with regeneration spikes (TMC2209 limit 28-29 V),0.6,True
2 (hardware store),Z module,Wire 1.0 mm2 + ferrules + terminal blocks,"2 colours (24 V +/-), motor and brake extensions, 4-pin / 2-pin connectors, NC switch wire 0.25 mm2",1.0,pc,10.0,ESTIMATE,to buy,nan,10.0,True
1 (long lead),Z module,Step/dir controller (optional if the arm controller supplies it),"Raspberry Pi Pico (RP2040) or ESP32 board: STEP, DIR, EN, UART TX/RX, HOME, TOP, BRAKE, ESTOP_OK pins (list in zmod_electrical.md)",1.0,pc,5.0,ESTIMATE,to buy,3.3 V logic fits the TMC2209 VIO,5.0,True
on hand / check,Gripper,Feetech STS3215 C018 12 V (gripper drive),"tower pocket, shaft down",1.0,pc,,own stock,on hand (3 loose),,0.0,False
2 (hardware store),Gripper,624-2RS bearing 4x13x5,pinion journal,1.0,pc,0.0,own stock,on order (x10),,0.0,False
1 (long lead),Gripper,M3 x 18 socket cap screw,"pinion to horn, heads in the flange counterbores",4.0,pc,0.05,ESTIMATE,to buy,,0.2,True
2 (hardware store),Gripper,M3 x 12 socket cap screw,J3 hub to tower inserts (shared with the arm list),4.0,pc,0.05,ESTIMATE,to buy,buy 8 (spares),0.2,True
2 (hardware store),Gripper,M3 x 8 socket cap screw,yoke to rack tab insert,2.0,pc,0.05,ESTIMATE,to buy,,0.1,True
2 (hardware store),Gripper,M3 x 16 socket cap screw,camera wedge,2.0,pc,0.05,ESTIMATE,to buy,,0.1,True
on hand / check,Gripper,M3 x 10 socket cap screw,carrier/top plate/servo adjust/yokes/pads,22.0,pc,0.0,own stock,on hand (x300 ordered),+12 for the four dummies,0.0,False
on hand / check,Gripper,M2 x 12 screw + M2 nut,camera board,4.0,pc,0.05,ESTIMATE,screws on hand; M2 nuts to buy,,0.2,True
on hand / check,Gripper,Ruthex M3 x 5 x 4 heat-set insert,"base 4, carrier 12, racks 2, fingers 12",30.0,pc,0.0,own stock,on order (x100),+12 for the dummies,0.0,False
on hand / check,Gripper,TPU 95A filament,pads,1.0,pc,,own stock,on order,21 g,0.0,False
2 (hardware store),Arm,screw: M3x50 socket cap (DIN 912) - horn clamp screws,M3x50 socket cap (DIN 912) - horn clamp screws,16.0,pc,0.12,ESTIMATE,to buy,goes through floor/plate 6 + flange 5 + collar 5 + tube 27 + ring (J1 7 / J2 4 mm) into the horn; thread engagement 3.0 mm of the 3.5 mm horn (VERIFY horn thick,1.92,True
2 (hardware store),Arm,washer: M3 Belleville/disc spring washer DIN 6796 (3.2x7x0.4),M3 Belleville/disc spring washer DIN 6796 (3.2x7x0.4),16.0,pc,0.1,ESTIMATE,to buy,keeps clamp preload as PETG creeps; tighten ~0.3 N*m,1.6,True
2 (hardware store),Arm,screw: M3x16 socket cap,M3x16 socket cap,6.0,pc,0.06,ESTIMATE,to buy,screws enter from behind the plate,0.36,True
on hand / check,Arm,screw: M3x10 socket cap,M3x10 socket cap,16.0,pc,0.0,own stock,on hand / ordered,cap: 1.2 mm cap + 5 mm insert + 3.8 mm into relief; J3 housing: 3.8 mm floor + 5 mm insert,0.0,False
2 (hardware store),Arm,screw: M3x8 socket cap,M3x8 socket cap,4.0,pc,0.06,ESTIMATE,to buy,1.8 mm floor + 5 mm insert + 1.2 mm into relief,0.24,True
2 (hardware store),Arm,screw: M3x10 flat/countersunk head (DIN 7991),M3x10 flat/countersunk head (DIN 7991),22.0,pc,0.0,ESTIMATE,to buy,countersinks 90 deg in 3 mm covers (head 1.7 mm),0.0,True
2 (hardware store),Arm,screw: M3x20 flat/countersunk head (DIN 7991),M3x20 flat/countersunk head (DIN 7991),1.0,pc,0.06,ESTIMATE,to buy,"seat z64.1, tip z84.1; thread-forming into the D2.6 pilot (3.6 mm engagement); pin top key + D6 centring post engage first",0.06,True
2 (hardware store),Arm,screw: M3x5 flat/countersunk head (DIN 7991),M3x5 flat/countersunk head (DIN 7991),4.0,pc,0.06,ESTIMATE,to buy,VERIFY horn thread depth; use M3x6 only if the horn is through-tapped,0.24,True
2 (hardware store),Arm,screw: M3x12 socket cap,M3x12 socket cap,4.0,pc,0.06,ESTIMATE,to buy,gripper-side inserts supplied by the gripper track,0.24,True
on hand / check,Arm,"insert: ruthex M3 heat-set 5x4 (hole D4.2, 9 mm deep incl. relief)","ruthex M3 heat-set 5x4 (hole D4.2, 9 mm deep incl. relief)",50.0,pc,0.0,own stock,on hand / ordered,J2 housing flange / J3 housing flange use 7.0 / 6.5 mm deep holes,0.0,False
1 (long lead),Arm,bearing: 6806-2RS 30x42x7,6806-2RS 30x42x7,6.0,pc,4.5,ESTIMATE,to buy,press-fit seat D42.1 (determine with coupon +0.0/+0.1/+0.2),27.0,True
on hand / check,Arm,bearing: 6701-2RS 12x18x4,6701-2RS 12x18x4,2.0,pc,0.0,own stock,on hand / ordered,seat D18.1,0.0,False
on hand / check,Arm,"servo: Feetech STS3095 (C002, 12 V)","Feetech STS3095 (C002, 12 V)",2.0,pc,0.0,own stock,on hand / ordered,"VERIFY 30x65x48, shaft 17 mm from end, horn 3.5 mm / D30",0.0,False
on hand / check,Arm,"servo: Feetech STS3215 (C018, 12 V)","Feetech STS3215 (C018, 12 V)",1.0,pc,0.0,own stock,on hand / ordered,torque limit <= 1.0 N*m (pin shear),0.0,False
on hand / check,Arm,filament: TPU 95A,TPU 95A,1.0,pc,0.0,own stock,on hand / ordered,nan,0.0,False
2 (hardware store),Arm,misc: cable ties 2.5 mm,cable ties 2.5 mm,1.0,pc,2.0,ESTIMATE,to buy,nan,2.0,True
2 (hardware store),Arm,screw: M3x8 button head ISO 7380,M3x8 button head ISO 7380,2.0,pc,0.06,ESTIMATE,to buy,plate 1.2 mm under head + 5 mm insert; tip 0.2 mm in relief,0.12,True
on hand / check,Arm,"part: arm_j3_spacer (printed, OD17.9/ID15/10 mm)","arm_j3_spacer (printed, OD17.9/ID15/10 mm)",1.0,pc,0.0,own print,print,locates the upper bearing; upper bearing otherwise retained by press fit only,0.0,False
on hand / check,Fixture,Ruthex M3 x 5 x 4 brass heat-set insert,"hole 4.2 x 5.5 deep, 220-230 C soldering iron",40.0,pc,0.0,own stock,on hand / ordered,STD lane segments: 2 per segment x 20 segments (10 entry + 10 exit),0.0,False
2 (hardware store),Fixture,M3 x 20 socket head cap screw,"ISO 4762, steel",40.0,pc,0.06,ESTIMATE,to buy,"lane segment to shelf plate, from below through the 12 mm plate into the insert",2.4,True
2 (hardware store),Fixture,M3 washer,"DIN 125, 7 mm OD",40.0,pc,0.02,ESTIMATE,to buy,"under the plywood, one per M3 screw",0.8,True
on hand / check,Fixture,Ruthex M3 x 5 x 4 brass heat-set insert (WIDE set),as above,12.0,pc,0.0,own stock,optional (on hand / ordered),"WIDE lanes: 3 lanes x 2 segments x 2 inserts (level 1 swap, OPTIONAL set)",0.0,False
on hand / check,Fixture,M3 x 20 socket head cap screw + M3 washer (WIDE set),as above,12.0,pc,0.06,ESTIMATE,optional (to buy),WIDE segments to the level-1 plate (OPTIONAL set),0.72,False
2 (hardware store),Fixture,M6 x 50 socket head cap screw,ISO 4762; head in the 11 x 6.5 counterbore of the bracket leg,16.0,pc,0.25,ESTIMATE,to buy,main bracket leg to post: 8 main brackets x 2 bolts (through the 12 mm leg + 30 mm wood post),4.0,True
2 (hardware store),Fixture,M6 hex nut + 2 x M6 washer (18 mm OD),ISO 4032 / DIN 125,16.0,pc,0.3,ESTIMATE,to buy,main bracket bolts (nut and washer on the far face of the post),4.8,True
2 (hardware store),Fixture,alt: M6 x 16 socket head cap screw + M6 T-nut,for 3030 T-slot posts,16.0,pc,0.35,ESTIMATE,alternative (excluded from totals),same 16 main-bracket joints if 3030 aluminium posts are used instead of wood,5.6,False
2 (hardware store),Fixture,M6 x 35 socket head cap screw,head in the 7 mm counterbore of the tote bracket leg,8.0,pc,0.2,ESTIMATE,to buy,tote bracket leg to the 18 mm plywood stand panel: 4 tote brackets x 2 bolts,1.6,True
2 (hardware store),Fixture,M6 hex nut + 2 x M6 washer (18 mm OD),as above,8.0,pc,0.3,ESTIMATE,to buy,tote bracket bolts (nut and washer on the outer face of the panel),2.4,True
2 (hardware store),Fixture,4 x 30 countersunk wood screw,pilot 2.8 mm (fixture_plate_holes.csv),16.0,pc,0.04,ESTIMATE,to buy,"main bracket seat + wedge shim to the 12 mm shelf plate, from below: 2 per bracket x 8",0.64,True
2 (hardware store),Fixture,4 x 20 countersunk wood screw,"pilot 2.8 mm, 4 mm deep",16.0,pc,0.04,ESTIMATE,to buy,tote bracket seat (16 mm) to the 6 mm ledge plate: 4 per bracket x 4,0.64,True
2 (hardware store),Fixture,3.5 x 16 wood screw,"pilot 2.5 mm, 4 mm deep",6.0,pc,0.03,ESTIMATE,to buy,tote stops to the ledge plates (3 per ledge),0.18,True
2 (hardware store),Fixture,5 x 25 wood / chipboard screw,countersunk or pan head,16.0,pc,0.04,ESTIMATE,to buy,post foot flange to baseboard: 4 per foot x 4 feet,0.64,True
2 (hardware store),Fixture,5 x 20 wood screw,nan,12.0,pc,0.04,ESTIMATE,to buy,post retaining screws through the foot socket walls: 3 per foot x 4,0.48,True
2 (hardware store),Fixture,4 x 40 wood screw + wood glue,nan,24.0,pc,0.05,ESTIMATE,to buy,tote stand knee gussets: 6 screws per edge x 2 edges x 2 gussets,1.2,True
2 (hardware store),Fixture,4 x 50 wood screw + wood glue,from below through the base plate into the panel end grain,6.0,pc,0.05,ESTIMATE,to buy,tote stand panel to base plate,0.3,True
2 (hardware store),Fixture,5 x 30 wood screw,nan,4.0,pc,0.05,ESTIMATE,to buy,tote stand base plate to the baseboard (far corners),0.2,True
1 (long lead),Fixture,"PTFE or UHMW-PE adhesive tape, 19 mm (3/4 in) wide, about 0.2 mm thick",thickness UNVERIFIED,15.0,pc,1.6,ESTIMATE,to buy,lane floors: 3 strips x 0.4 m x 10 lanes = 12.0 m net,24.0,True
1 (long lead),Fixture,"PTFE or UHMW-PE adhesive tape, 19 mm wide (WIDE set)",as above,4.5,pc,1.6,ESTIMATE,optional (to buy),WIDE lanes: 3 strips x 0.4 m x 3 lanes = 3.6 m net (OPTIONAL set),7.2,False
on hand / check,Fixture,"Skate-wheel strips, 17 mm wide",dimensions UNVERIFIED,30.0,pc,0.0,ESTIMATE,optional (OPTIONAL),"OPTIONAL alternative lane floor (parts fixture_lane_entry_wheel / fixture_lane_exit_wheel, 3 channels per segment)",0.0,False
2 (hardware store),Fixture,CA or 2-part epoxy,nan,1.0,pc,8.0,ESTIMATE,to buy,tote tray dovetail seams (2 STD trays + 1 D120 tray),8.0,True
2 (hardware store),Fixture,"Birch plywood (or acrylic) 12 mm, 500 x 440",cut list item 1-2,2.0,pc,9.0,ESTIMATE,to buy,"lane shelf plates, level 0 and level 1",18.0,True
2 (hardware store),Fixture,"Birch plywood 6 mm, 205 x 315",cut list item 3,2.0,pc,3.0,ESTIMATE,to buy,tote ledge plates (extension beyond the brief),6.0,True
2 (hardware store),Fixture,"Birch plywood 18 mm: panel 576 x 280, base plate 250 x 280, 2 gussets 200 x 200",cut list items 6-8,1.0,pc,14.0,ESTIMATE,to buy,tote stand (replaces the two tote posts),14.0,True
2 (hardware store),Fixture,"Post 30 x 30 mm wood batten or 3030 aluminium, 599.6 mm","front posts x = +-278.0, y = 299.8",2.0,pc,6.0,ESTIMATE,to buy,frame,12.0,True
2 (hardware store),Fixture,"Post 30 x 30 mm wood batten or 3030 aluminium, 573.4 mm","rear posts x = +-278.0, y = 548.5",2.0,pc,6.0,ESTIMATE,to buy,frame,12.0,True
2 (hardware store),Fixture,"Common baseboard >= 18 mm plywood, 920 x 1000 mm (x -620..+300, y -420..+580), top face = world z 0","x -620..+293, y -40..563",1.0,pc,25.0,ESTIMATE,to buy (lead change: extended under the robot base),common test bed; its top face is world z = 0 and must equal the robot base z = 0,25.0,True
on hand / check,Fixture,"Ruthex M3 inserts, M3 screws, 6806-2RS / 6701-2RS / 624-2RS bearings (coupon test fit only)",from the build stock,4.0,pc,0.0,own stock,on hand / ordered,"fixture_coupon_bearing_seats.stl calibration: seats, insert holes, M3 clearance and counterbore holes, slide-fit slots",0.0,False
1 (long lead),System,12 V DC power supply 10 A (arm servo bus),"regulated, fused output; replaces the 5 A unit on hand",1.0,pc,25.0,ESTIMATE,to buy,STS3095 stall 9.8 A each; keep torque limits; fuse at the supply,25.0,True
2 (hardware store),System,Inline blade fuse holder + 10 A fuse,12 V rail,1.0,pc,4.0,ESTIMATE,to buy,,4.0,True
2 (hardware store),System,Power distribution block / terminal strip,"12 V and GND, 6 positions",1.0,pc,6.0,ESTIMATE,to buy,signal only through the Waveshare adapter,6.0,True
2 (hardware store),System,Electrolytic capacitor 2200 uF 25 V,12 V servo bus bulk,1.0,pc,1.5,ESTIMATE,to buy,,1.5,True
on hand / check,System,Waveshare Bus Servo Adapter (A),USB to servo bus,1.0,pc,0.0,own stock,on hand,VERIFY the adapter current rating before connecting two STS3095,0.0,False
2 (hardware store),System,USB cables / powered USB hub,"adapter, Pico, cameras",1.0,pc,15.0,ESTIMATE,to buy,,15.0,True
on hand / check,System,"Orbbec Gemini 2, Logitech C922, Sonix wrist camera",perception,1.0,pc,0.0,own stock,on hand,,0.0,False
1 (long lead),System,"Ruthex M3 x 5 x 4 heat-set inserts, second pack of 100",need about 120 (144 with options) against 100 ordered,100.0,pc,0.12,ESTIMATE,to buy,"insert count: gripper 30 (+12), arm 50, fixture 40 (+12)",12.0,True
2 (hardware store),System,Assorted M3 socket cap screws 8/12/16/18/20/50 mm (kit),see consolidated fastener table,1.0,pc,15.0,ESTIMATE,to buy,buy the sizes in ElRobot2_S1_BOM_fasteners.csv,15.0,True
on hand / check,System,"ArUco markers 20-23, 80 mm",calibration,4.0,pc,0.0,own stock,on hand,,0.0,False
on hand / check,System,"Bambu Lab X2D, PETG (black, gray), TPU 95A",printing,1.0,pc,0.0,own stock,on hand,about 8-9 kg of PETG for everything incl. the fixture; stage the fixture,0.0,False
