phase,module,part,qty_in_phase,qty_total_default_set,material,mass_each_g,mass_in_phase_g,est_print_h,stl_file,infill_walls,orientation,supports,bbox_mm,notes
"S2 Gate 0 (print first, before any jaw)",S2 hand,s2hand_gauge_cap29p5,1,1,PETG,12.8,12.8,0.64,s2hand_gauge_cap29p5.stl,"3 perimeters, 15 % gyroid","back face (bridge) down, slot opening up",none,39.3 x 20.0 x 48.0,cap 29.5 mm position; identified by notches in the top edge of the bridge
"S2 Gate 0 (print first, before any jaw)",S2 hand,s2hand_gauge_cap30p5,1,1,PETG,12.9,12.9,0.64,s2hand_gauge_cap30p5.stl,"3 perimeters, 15 % gyroid","back face (bridge) down, slot opening up",none,40.3 x 20.0 x 48.0,nominal cap 30.5 mm; try every real bottle on it first; identified by notches in the top edge of the bridge
"S2 Gate 0 (print first, before any jaw)",S2 hand,s2hand_gauge_cap32p0,1,1,PETG,13.0,13.0,0.64,s2hand_gauge_cap32p0.stl,"3 perimeters, 15 % gyroid","back face (bridge) down, slot opening up",none,41.8 x 20.0 x 48.0,cap 32.0 mm position; identified by notches in the top edge of the bridge
"S2 Gate 0 (print first, before any jaw) - conditional",S2 hand,s2hand_gauge_cap30p5_lip2,1,0,PETG,12.1,12.1,0.62,s2hand_gauge_cap30p5_lip2.stl,"3 perimeters, 15 % gyroid","back face (bridge) down, slot opening up",none,40.3 x 19.0 x 48.0,"only if a bottle has a free neck of 3.0-4.0 mm (2.0 mm lip); conditional, print one when needed; identified by notches in the top edge of the bridge"
"S2 Gate 0 (print first, before any jaw) - optional",S2 hand,s2hand_stick_A_C,1,1,PETG,17.2,17.2,0.77,s2hand_stick_A_C.stl,"4 perimeters, 25-30 % gyroid","outer face (|x| = 23) down, slot face up: lip/groove/cap-wall steps print as terraces (no supports); strap window opens sideways",none,20.0 x 77.0 x 22.0,"hand-held head of jaw A (lip, groove, cap faces, lead-ins, ramp); optional push test"
"S2 Gate 0 (print first, before any jaw) - optional",S2 hand,s2hand_stick_B_C,1,1,PETG,17.2,17.2,0.77,s2hand_stick_B_C.stl,"4 perimeters, 25-30 % gyroid","outer face (|x| = 23) down, slot face up: lip/groove/cap-wall steps print as terraces (no supports); strap window opens sideways",none,20.0 x 77.0 x 22.0,hand-held head of jaw B; optional push test
S2 hand (print after Gate 0 passes),S2 hand,s2hand_jaw_A_C,1,1,PETG,37.1,37.1,1.37,s2hand_jaw_A_C.stl,"4 perimeters, 25-30 % gyroid","outer face (|x| = 23) down, slot face up: lip/groove/cap-wall steps print as terraces (no supports); strap window opens sideways",none,42.8 x 147.0 x 29.0,"jaw A, type C collar (baseline 3.0 mm lip); use the lip2 set instead if Gate 0 says free neck 3-4 mm"
S2 hand (print after Gate 0 passes),S2 hand,s2hand_jaw_B_C,1,1,PETG,40.4,40.4,1.47,s2hand_jaw_B_C.stl,"4 perimeters, 25-30 % gyroid","outer face (|x| = 23) down, slot face up: lip/groove/cap-wall steps print as terraces (no supports); strap window opens sideways",none,42.8 x 157.1 x 29.0,"jaw B, type C collar"
S2 hand (print after Gate 0 passes),S2 hand,s2hand_guide_rail,1,1,PETG,44.4,44.4,1.6,s2hand_guide_rail.stl,"4 perimeters, 25-30 % gyroid","front face (y = 30) down, U opening up; brackets grow as 4 mm walls",none,152.6 x 56.5 x 48.0,rail + 2 end brackets; 4 x M3 x 10 into the base end-face inserts; PTFE tape on the rail top
S2 hand (print after Gate 0 passes),S2 hand,s2hand_drill_template,2,2,PETG,5.2,10.4,0.41,s2hand_drill_template.stl,"4 perimeters, 25-30 % gyroid",plate flat,none,14.8 x 36.0 x 16.0,"only if the S1 base is already printed: drill the 4 end-face holes D4.2 x 5.5 (D4.3 guides), 1 per end; otherwise print s2hand_base_v2"
S2 options (print only when needed),S2 hand,s2hand_base_v2,1,0,PETG,72.3,72.3,2.44,s2hand_base_v2.stl,"4 perimeters, 25-30 % gyroid","floor down, channels up (as S1)",none,144.0 x 58.3 x 25.3,S1 base with the 4 end-face holes (instead of the drill templates); only if the S1 base is not yet printed or not drilled
S2 options (print only when needed),S2 hand,s2hand_jaw_A_C_pad,1,0,PETG,37.1,37.1,1.38,s2hand_jaw_A_C_pad.stl,"4 perimeters, 25-30 % gyroid","outer face (|x| = 23) down, slot face up: lip/groove/cap-wall steps print as terraces (no supports); strap window opens sideways",none,42.8 x 147.0 x 29.0,type C with a 1.0 mm pad pocket (use with s2hand_pad_tpu): recommended for 1 L and for swing control
S2 options (print only when needed),S2 hand,s2hand_jaw_B_C_pad,1,0,PETG,40.4,40.4,1.47,s2hand_jaw_B_C_pad.stl,"4 perimeters, 25-30 % gyroid","outer face (|x| = 23) down, slot face up: lip/groove/cap-wall steps print as terraces (no supports); strap window opens sideways",none,42.8 x 157.1 x 29.0,"type C pad pocket, jaw B"
S2 options (print only when needed),S2 hand,s2hand_pad_tpu,4,0,TPU 95A,0.2,0.8,0.26,s2hand_pad_tpu.stl,"100 %, 0.12 mm layers, slow","flat, 1.0 mm thick",none,1.0 x 14.0 x 10.5,1.0 mm TPU 95A strip 14 x 10.5; glue (CA) into the pad pockets; 2 per hand + 2 spares
S2 options (print only when needed),S2 hand,s2hand_jaw_A_F,1,0,PETG,36.3,36.3,1.35,s2hand_jaw_A_F.stl,"4 perimeters, 25-30 % gyroid","outer face (|x| = 23) down, slot face up: lip/groove/cap-wall steps print as terraces (no supports); strap window opens sideways",none,42.8 x 147.0 x 29.0,type F fork jaw A (dominated by type C in the simulation: 600 mL lip drag); comparison only
S2 options (print only when needed),S2 hand,s2hand_jaw_B_F,1,0,PETG,39.6,39.6,1.45,s2hand_jaw_B_F.stl,"4 perimeters, 25-30 % gyroid","outer face (|x| = 23) down, slot face up: lip/groove/cap-wall steps print as terraces (no supports); strap window opens sideways",none,42.8 x 157.1 x 29.0,type F fork jaw B
S2 options (print only when needed),S2 hand,s2hand_stick_A_F,1,0,PETG,16.4,16.4,0.75,s2hand_stick_A_F.stl,"4 perimeters, 25-30 % gyroid","outer face (|x| = 23) down, slot face up: lip/groove/cap-wall steps print as terraces (no supports); strap window opens sideways",none,20.0 x 77.0 x 22.0,type F clip stick (only if the fork type is evaluated)
S2 options (print only when needed),S2 hand,s2hand_stick_B_F,1,0,PETG,16.4,16.4,0.75,s2hand_stick_B_F.stl,"4 perimeters, 25-30 % gyroid","outer face (|x| = 23) down, slot face up: lip/groove/cap-wall steps print as terraces (no supports); strap window opens sideways",none,20.0 x 77.0 x 22.0,type F clip stick
S2 options (print only when needed),S2 hand,s2hand_jaw_A_C_lip2,1,0,PETG,36.5,36.5,1.36,s2hand_jaw_A_C_lip2.stl,"4 perimeters, 25-30 % gyroid","outer face (|x| = 23) down, slot face up",none,42.8 x 147.0 x 29.0,"short-neck set (2.0 mm lip), replaces jaw A when free neck is 3.0-4.0 mm"
S2 options (print only when needed),S2 hand,s2hand_jaw_B_C_lip2,1,0,PETG,39.8,39.8,1.46,s2hand_jaw_B_C_lip2.stl,"4 perimeters, 25-30 % gyroid","outer face (|x| = 23) down, slot face up",none,42.8 x 157.1 x 29.0,"short-neck set (2.0 mm lip), replaces jaw B"
S2 options (print only when needed),S2 hand,s2hand_ladder_LIP2p0_GH5p5_D29p0,1,0,PETG,17.5,17.5,0.78,s2hand_ladder_LIP2p0_GH5p5_D29p0.stl,"4 perimeters, 25-30 % gyroid","two heads side by side, outer faces down",none,46.0 x 48.0 x 22.0,"tolerance ladder (left + right head side by side): print only if a Gate-0 gauge fails; ladder LIP2.0_GH5.5_D29.0: LIP_T = 2.0 (others nominal {'lip_t': 3.0, 'groove_h': 5.5, 'd_cap_hs': 29.0}); try on real bottles; hard-stop cap-wall gap D_CAP_HS"
S2 options (print only when needed),S2 hand,s2hand_ladder_LIP3p0_GH5p5_D29p0,1,0,PETG,18.2,18.2,0.8,s2hand_ladder_LIP3p0_GH5p5_D29p0.stl,"4 perimeters, 25-30 % gyroid","two heads side by side, outer faces down",none,48.0 x 48.0 x 22.0,"tolerance ladder (left + right head side by side): print only if a Gate-0 gauge fails; ladder LIP3.0_GH5.5_D29.0: LIP_T = 3.0 (others nominal {'lip_t': 3.0, 'groove_h': 5.5, 'd_cap_hs': 29.0}); try on real bottles; hard-stop cap-wall gap D_CAP_HS"
S2 options (print only when needed),S2 hand,s2hand_ladder_LIP4p0_GH5p5_D29p0,1,0,PETG,19.0,19.0,0.83,s2hand_ladder_LIP4p0_GH5p5_D29p0.stl,"4 perimeters, 25-30 % gyroid","two heads side by side, outer faces down",none,50.0 x 48.0 x 22.0,"tolerance ladder (left + right head side by side): print only if a Gate-0 gauge fails; ladder LIP4.0_GH5.5_D29.0: LIP_T = 4.0 (others nominal {'lip_t': 3.0, 'groove_h': 5.5, 'd_cap_hs': 29.0}); try on real bottles; hard-stop cap-wall gap D_CAP_HS"
S2 options (print only when needed),S2 hand,s2hand_ladder_LIP5p0_GH5p5_D29p0,1,0,PETG,19.8,19.8,0.85,s2hand_ladder_LIP5p0_GH5p5_D29p0.stl,"4 perimeters, 25-30 % gyroid","two heads side by side, outer faces down",none,52.0 x 48.0 x 22.0,"tolerance ladder (left + right head side by side): print only if a Gate-0 gauge fails; ladder LIP5.0_GH5.5_D29.0: LIP_T = 5.0 (others nominal {'lip_t': 3.0, 'groove_h': 5.5, 'd_cap_hs': 29.0}); try on real bottles; hard-stop cap-wall gap D_CAP_HS"
S2 options (print only when needed),S2 hand,s2hand_ladder_LIP3p0_GH3p5_D29p0,1,0,PETG,18.4,18.4,0.81,s2hand_ladder_LIP3p0_GH3p5_D29p0.stl,"4 perimeters, 25-30 % gyroid","two heads side by side, outer faces down",none,48.0 x 48.0 x 22.0,"tolerance ladder (left + right head side by side): print only if a Gate-0 gauge fails; ladder LIP3.0_GH3.5_D29.0: GROOVE_H = 3.5 (others nominal {'lip_t': 3.0, 'groove_h': 5.5, 'd_cap_hs': 29.0}); try on real bottles; hard-stop cap-wall gap D_CAP_HS"
S2 options (print only when needed),S2 hand,s2hand_ladder_LIP3p0_GH4p5_D29p0,1,0,PETG,18.3,18.3,0.81,s2hand_ladder_LIP3p0_GH4p5_D29p0.stl,"4 perimeters, 25-30 % gyroid","two heads side by side, outer faces down",none,48.0 x 48.0 x 22.0,"tolerance ladder (left + right head side by side): print only if a Gate-0 gauge fails; ladder LIP3.0_GH4.5_D29.0: GROOVE_H = 4.5 (others nominal {'lip_t': 3.0, 'groove_h': 5.5, 'd_cap_hs': 29.0}); try on real bottles; hard-stop cap-wall gap D_CAP_HS"
S2 options (print only when needed),S2 hand,s2hand_ladder_LIP3p0_GH5p5_D28p0,1,0,PETG,18.1,18.1,0.8,s2hand_ladder_LIP3p0_GH5p5_D28p0.stl,"4 perimeters, 25-30 % gyroid","two heads side by side, outer faces down",none,48.0 x 48.0 x 21.5,"tolerance ladder (left + right head side by side): print only if a Gate-0 gauge fails; ladder LIP3.0_GH5.5_D28.0: D_CAP_HS = 28.0 (others nominal {'lip_t': 3.0, 'groove_h': 5.5, 'd_cap_hs': 29.0}); try on real bottles; hard-stop cap-wall gap D_CAP_HS"
S2 options (print only when needed),S2 hand,s2hand_ladder_LIP3p0_GH5p5_D30p0,1,0,PETG,18.4,18.4,0.81,s2hand_ladder_LIP3p0_GH5p5_D30p0.stl,"4 perimeters, 25-30 % gyroid","two heads side by side, outer faces down",none,48.0 x 48.0 x 22.5,"tolerance ladder (left + right head side by side): print only if a Gate-0 gauge fails; ladder LIP3.0_GH5.5_D30.0: D_CAP_HS = 30.0 (others nominal {'lip_t': 3.0, 'groove_h': 5.5, 'd_cap_hs': 29.0}); try on real bottles; hard-stop cap-wall gap D_CAP_HS"
S2 J3 no-CNC kit helpers (printed parts),S2 wrist,s2wrist_nc_collar,2,2,PETG,0.1,0.2,0.1,s2wrist_nc_collar.stl,100 %,flat,none,14.6 x 14.6 x 1.6,ring ID 12.2 / OD 14.6 x (4.6 - plate thickness): 1.60 mm for a 3.00 mm plate; print 2 + spares
S2 J3 no-CNC kit helpers (printed parts),S2 wrist,s2wrist_nc_jig,1,1,PETG,8.7,8.7,0.4,s2wrist_nc_jig.stl,"6 walls, 100 %","guide plate on the bed, socket opening down",none,22 x 22 x 18,"drilling jig: socket D12.2 x 14, guide holes D2.2 (tap drill) on r 3.5 and D3.2 at +-4,0 (dowel holes)"
S2 can bar (tote picks only; lane placement NOT validated),S2 wrist,s2wrist_can_bar,1,0,PETG,69.6,69.6,2.0,s2wrist_can_bar.stl,"6 walls, 100 %","top face (arm flange mating face) on the bed, flipped 180 deg about x",none,150 x 46 x 28,"offset bar for the v1 finger set (can mode); 4 Ruthex M3 x 5 x 4 inserts, 4 x M3 x 12 + 4 x M3 x 14 DIN 7991; print only if tote-pick tests of cans are wanted"
