order_batch,module,item,spec,qty,unit,price_low_usd,price_high_usd,price_basis,stock_status,option,notes
"1 (long lead, 1-2 weeks)",S2 wrist,J3 shaft-flange (CNC),"File s2wrist_j3_shaft_flange.step. Material 7075-T6 (6061-T6 acceptable fallback: payload limit 1.0 kg bottles, see README). Turn + mill. Overall 46 x 46 x 25 mm: flange 46 x 46 x 3.0 (+-0.1), R6 corners; hub D14.0 (+-0.1) x 1.6; pin D11.95",3,pc,75.0,180.0,"ESTIMATE (JLCCNC lists CNC turning/milling 'from USD 5', 3 business days build; a prototyp",to buy,J3 kit option A (CNC),order 3 = 2 + 1 spare; send the STEP + this text
"1 (long lead, 1-2 weeks)",S2 wrist,J3 horn plate (CNC),File s2wrist_j3_horn_plate_al.step. Material 7075-T6 (or 6061-T6). Disc D24.0 (+0/-0.1) x 3.5 (+-0.05). From the bottom face: 4 x 90 deg countersink D6.2 x 1.6 for DIN 7991 M3 flat head on a 10 x 10 square (+-0.05) with D3.4 through; 2 x D3,3,pc,24.0,60.0,ESTIMATE,to buy,J3 kit option A (CNC),
"1 (long lead, 1-2 weeks)",S2 wrist,"tie screw M3 x 25 DIN 7991 (flat head, steel 8.8 or A2-70)","M3 x 25 countersunk flat head, DIN 7991 / ISO 10642, hex socket 2, zinc or black oxide, from the flange underside through the pin bore into the horn plate (replaces the S1 M3 x 20)",6,pc,2.0,5.0,ESTIMATE,to buy,J3 kit option A (CNC),
"1 (long lead, 1-2 weeks)",S2 wrist,horn screws M3 x 6 DIN 7991 (flat head),"M3 x 6 countersunk flat head DIN 7991, 4 per arm (replaces the S1 M3 x 5: 2.2 mm instead of 1.2 mm engagement in the POM horn)",12,pc,2.0,5.0,ESTIMATE,to buy,J3 kit option A (CNC),same SKU for option B
"1 (local, 1-3 days)",S2 wrist,"steel rod D12 (cold-drawn, drillable)","D12 mm round bar, UNHARDENED steel: AISI/SAE 1018 or 1045, 12L14, or silver steel (annealed). h9 or better (11.957-12.000 mm). NOT a hardened chrome linear shaft (cannot be drilled / tapped) and not A2 stainless (work hardens). Cut to 23.0 ",5,pc,4.0,12.0,ESTIMATE,to buy,J3 kit option B (no CNC),facing square is the critical workmanship item: it sets the hand tilt
"1 (local, 1-3 days)",S2 wrist,aluminium plate 3 mm (flat parts),"6061-T6 (or 5052-H32) sheet/plate, 3.0 mm (1/8 in = 3.175 mm is fine): NOT 1100/3003 or unknown 'aluminium sheet'. Cut from the DXF files s2wrist_nc_flange_plate.dxf (46 x 46, R6, 4 x D3.4 on 36 x 36, 3 x D3.0 on r 3.5) and s2wrist_nc_horn_",6,pc,25.0,75.0,WEB: 0.125 in 6061-T6 blanks listed at USD 10.84 (3 x 3 in) and 13.38 (4 x 4 in) at tcipre,to buy,J3 kit option B (no CNC),6 flange plates + 6 horn plates would be overkill: order 3 of each
"1 (local, 1-3 days)",S2 wrist,"screws M2.5 x 8 DIN 7991 (flat head, steel 8.8)","M2.5 x 8 countersunk flat head, DIN 7991 / ISO 10642, steel 8.8 (zinc / black oxide). NOT A2-70, NOT brass. 3 per arm. Fit with Loctite 243 or similar medium threadlocker.",20,pc,3.0,8.0,ESTIMATE,to buy,J3 kit option B (no CNC),
"1 (local, 1-3 days)",S2 wrist,"dowel pins D3 x 6 ISO 2338 (m6, hardened steel)","ISO 2338 / DIN 7 dowel pin 3 m6 x 6, steel; 2 per arm (4 mm pressed into the rod, 2 mm in the horn plate)",10,pc,3.0,8.0,ESTIMATE,to buy,J3 kit option B (no CNC),
"1 (local, 1-3 days)",S2 wrist,retaining compound (Loctite 638 or 648),"Loctite 638 (high strength, slip-fit retaining compound, gap fill 0.15-0.25 mm) 10 mL (or 50 mL); used on the rod/bearing bores, rod top face + dowels. Plus a small bottle of medium threadlocker (Loctite 243).",1,bottle,25.0,93.0,"WEB: 50 mL listed at USD 54.81 (emisupply), 67.19 (Zoro), 87.81 (MSC), 92.53 (aftfasteners",to buy,J3 kit option B (no CNC),"cure 24 h at room temperature, fixture 5 min"
"1 (local, 1-3 days)",S2 wrist,printed parts (own printer),"s2wrist_nc_collar (PETG, 100 %, ring ID 12.2 / OD 14.6 x (4.6 - t_plate): 1.60 mm for a 3.00 mm plate) x 2 + spares; s2wrist_nc_jig (PETG, 6 walls, 100 %) x 1 (socket D12.2 x 14 + guide holes D2.2 on r 3.5 (tap drill) and D3.2 at +-4,0 (dow",1,pc,0.0,0.0,own print (17.5 g + 8.7 g incl. spares ~ 0.5 h),own stock,J3 kit option B (no CNC),
"1 (local, 1-3 days)",S2 wrist,workshop tools (if not owned),"drill press or good hand drill + vise; drill bits D2.05, D2.9, D3.2, D3.4; hand reamer D3.0 H7; M2.5 x 0.45 hand tap set (taper + plug) + tap wrench; 90 deg countersink bit; deburring tool; digital calipers 0.02 mm",1,pc,25.0,70.0,ESTIMATE,to buy,J3 kit option B (no CNC),only what is missing
2 (hardware store),S2 wrist,"socket cap screws M3 x 12 (ISO 4762, steel 8.8+)","M3 x 12 socket head cap screw, 4 per mode (hand->J3 flange in PET mode, bar->J3 flange in CAN mode; the same 4 move between modes); order 12",12,pc,2.0,6.0,ESTIMATE,to buy,common to both options,
2 (hardware store),S2 wrist,bar pad screws M3 x 14 DIN 7991 (flat head),"M3 x 14 countersunk flat head DIN 7991 / ISO 10642, steel 8.8 or A2-70; 4 per CAN hand; 5 mm bar pad + 3 mm hand top plate + 6 mm into the carrier inserts (as the S1 flange screws)",8,pc,2.0,6.0,ESTIMATE,to buy,common to both options,M3 x 14 exists in the DIN 7991 range; M3 x 16 would bottom in the insert
2 (hardware store),S2 wrist,heat-set inserts Ruthex M3 x 5 x 4 (bar J3 block),same insert as the S1 (hole D4.2 x 9.5 deep in the bar block; 4 per bar),8,pc,0.0,0.0,own stock (S1 BOM: 100 ordered),own stock,common to both options,
2 (hardware store),S2 wrist,"servo extension cable, 3-pin, >= 300 mm","Feetech STS/SCS 3-pin servo extension cable (same connector as the STS3215 lead), 300 mm; for the CAN hand (the stock lead is 150 mm)",2,pc,6.0,14.0,ESTIMATE,to buy,common to both options,check connector pitch against your servo lead before ordering
2 (hardware store),S2 wrist,cable ties 2.5 x 100 mm,"2.5 mm wide, 2 per bar",10,pc,2.0,4.0,ESTIMATE,to buy,common to both options,
2 (hardware store),S2 wrist,6701-2RS bearings 12 x 18 x 4 (chrome steel),"2 per J3; chrome steel (C0r 530 N, AST catalogue). Stainless W 61701-2RS1 has C0r 260 N: do NOT substitute",4,pc,0.0,0.0,S1 BOM (own stock),own stock (material NOT verified: chrome or stainless; see the next row),common to both options,ask the seller for the material
2 (hardware store),S2 wrist,chrome-steel 6701-2RS bearings 12x18x4 from a known brand,"bearing steel (52100 / GCr15), NOT stainless; C0r 530 N",4,pc,,,not priced (low cost),to buy if the 20 on order are stainless or unmarked,common to both options,needed for payload above 0.72 kg; stainless carries 260 N
2 (hardware store),S2 hand,M3 x 10 socket cap screws (rail brackets),"ISO 4762, 8.8",8,pc,,,not priced (low cost),to buy,S2 hand,4 per hand + spares
2 (hardware store),S2 hand,M3 x 8 socket cap screws + 0.5 mm washers (jaw retention),ISO 4762 8.8; washers 0.5 mm thick,4,pc,,,not priced (low cost),reuse the v1 yoke screws,S2 hand,2 per hand
2 (hardware store),S2 hand,PTFE adhesive film tape 0.08-0.10 mm,width 10-20 mm,1,roll,,,not priced (low cost),to buy,S2 hand,guide gaps must be <= 0.12 mm (feeler gauge)
2 (hardware store),S2 hand,heat-set inserts Ruthex M3 x 5 x 4 (base end faces),4 per hand,4,pc,,,S1 BOM second pack,second pack of 100 in the S1 BOM,S2 hand,S1 needs 120-144 against 100 ordered
3 (instruments),Test,digital calipers 0.01 mm,,1,pc,,,not priced,check stock,instruments,neck measurement (Gate 0)
3 (instruments),Test,force gauge or spring / luggage scale (50 N class),,1,pc,,,not priced,to buy,instruments,"clamp and pull-out forces (H2, H3), register check (B2)"
3 (instruments),Test,feeler gauge set 0.05-0.5 mm,,1,set,,,not priced,to buy,instruments,guide gaps (H2)
3 (instruments),Test,dial indicator 0.01 mm with magnetic base,,1,pc,,,not priced,to buy,instruments,"droop and J3 hang test (H2, H5)"
3 (instruments),Test,1.3 kg test mass with a 104 mm lever,,1,pc,,,own build,make from a water bottle bag or weights,instruments,J3 proof hang (H5)
3 (spares),Spares,Feetech STS3095 C002 12 V,same C-suffix as J1/J2,1,pc,,,not priced,to buy (optional),spares,first collision tests may stall a joint
3 (spares),Spares,Feetech STS3215 C018 12 V,same C-suffix as J3 / gripper,1,pc,,,not priced,"3 on hand: J3, gripper, 1 spare",spares,buy 1 more only if a spare is used
1 (long lead),System,"12 V DC power supply 10 A regulated, fused",in the S1 BOM,1,pc,,,already counted in the S1 BOM (about US$25 ESTIMATE),to buy,system,STS3095 stall current 9.8 A at 12 V
