sku,class_,H_mm,pitch_m,gap_above_object_mm,concept,required_mm,feasible,margin_mm
355 mL can,can,122.7,0.287,129.3,v1 top-down gripper (CAD),140.0,False,-10.7
355 mL can,can,122.7,0.287,129.3,S2 flat body clamp (target),50.0,True,79.3
355 mL can,can,122.7,0.287,129.3,"S2 neck-jaw, PET only (target)",15.0,,
355 mL can,can,122.7,0.287,129.3,push-in from transfer plate,0.0,True,129.3
355 mL can,can,122.7,0.3,142.3,v1 top-down gripper (CAD),140.0,True,2.3
355 mL can,can,122.7,0.3,142.3,S2 flat body clamp (target),50.0,True,92.3
355 mL can,can,122.7,0.3,142.3,"S2 neck-jaw, PET only (target)",15.0,,
355 mL can,can,122.7,0.3,142.3,push-in from transfer plate,0.0,True,142.3
355 mL can,can,122.7,0.318,160.3,v1 top-down gripper (CAD),140.0,True,20.3
355 mL can,can,122.7,0.318,160.3,S2 flat body clamp (target),50.0,True,110.3
355 mL can,can,122.7,0.318,160.3,"S2 neck-jaw, PET only (target)",15.0,,
355 mL can,can,122.7,0.318,160.3,push-in from transfer plate,0.0,True,160.3
355 mL can,can,122.7,0.35,192.3,v1 top-down gripper (CAD),140.0,True,52.3
355 mL can,can,122.7,0.35,192.3,S2 flat body clamp (target),50.0,True,142.3
355 mL can,can,122.7,0.35,192.3,"S2 neck-jaw, PET only (target)",15.0,,
355 mL can,can,122.7,0.35,192.3,push-in from transfer plate,0.0,True,192.3
355 mL can,can,122.7,0.381,223.3,v1 top-down gripper (CAD),140.0,True,83.3
355 mL can,can,122.7,0.381,223.3,S2 flat body clamp (target),50.0,True,173.3
355 mL can,can,122.7,0.381,223.3,"S2 neck-jaw, PET only (target)",15.0,,
355 mL can,can,122.7,0.381,223.3,push-in from transfer plate,0.0,True,223.3
355 mL can,can,122.7,0.4,242.3,v1 top-down gripper (CAD),140.0,True,102.3
355 mL can,can,122.7,0.4,242.3,S2 flat body clamp (target),50.0,True,192.3
355 mL can,can,122.7,0.4,242.3,"S2 neck-jaw, PET only (target)",15.0,,
355 mL can,can,122.7,0.4,242.3,push-in from transfer plate,0.0,True,242.3
355 mL can,can,122.7,0.44,282.3,v1 top-down gripper (CAD),140.0,True,142.3
355 mL can,can,122.7,0.44,282.3,S2 flat body clamp (target),50.0,True,232.3
355 mL can,can,122.7,0.44,282.3,"S2 neck-jaw, PET only (target)",15.0,,
355 mL can,can,122.7,0.44,282.3,push-in from transfer plate,0.0,True,282.3
473 mL tall can,can,157.2,0.287,94.8,v1 top-down gripper (CAD),140.0,False,-45.2
473 mL tall can,can,157.2,0.287,94.8,S2 flat body clamp (target),50.0,True,44.8
473 mL tall can,can,157.2,0.287,94.8,"S2 neck-jaw, PET only (target)",15.0,,
473 mL tall can,can,157.2,0.287,94.8,push-in from transfer plate,0.0,True,94.8
473 mL tall can,can,157.2,0.3,107.8,v1 top-down gripper (CAD),140.0,False,-32.2
473 mL tall can,can,157.2,0.3,107.8,S2 flat body clamp (target),50.0,True,57.8
473 mL tall can,can,157.2,0.3,107.8,"S2 neck-jaw, PET only (target)",15.0,,
473 mL tall can,can,157.2,0.3,107.8,push-in from transfer plate,0.0,True,107.8
473 mL tall can,can,157.2,0.318,125.8,v1 top-down gripper (CAD),140.0,False,-14.2
473 mL tall can,can,157.2,0.318,125.8,S2 flat body clamp (target),50.0,True,75.8
473 mL tall can,can,157.2,0.318,125.8,"S2 neck-jaw, PET only (target)",15.0,,
473 mL tall can,can,157.2,0.318,125.8,push-in from transfer plate,0.0,True,125.8
473 mL tall can,can,157.2,0.35,157.8,v1 top-down gripper (CAD),140.0,True,17.8
473 mL tall can,can,157.2,0.35,157.8,S2 flat body clamp (target),50.0,True,107.8
473 mL tall can,can,157.2,0.35,157.8,"S2 neck-jaw, PET only (target)",15.0,,
473 mL tall can,can,157.2,0.35,157.8,push-in from transfer plate,0.0,True,157.8
473 mL tall can,can,157.2,0.381,188.8,v1 top-down gripper (CAD),140.0,True,48.8
473 mL tall can,can,157.2,0.381,188.8,S2 flat body clamp (target),50.0,True,138.8
473 mL tall can,can,157.2,0.381,188.8,"S2 neck-jaw, PET only (target)",15.0,,
473 mL tall can,can,157.2,0.381,188.8,push-in from transfer plate,0.0,True,188.8
473 mL tall can,can,157.2,0.4,207.8,v1 top-down gripper (CAD),140.0,True,67.8
473 mL tall can,can,157.2,0.4,207.8,S2 flat body clamp (target),50.0,True,157.8
473 mL tall can,can,157.2,0.4,207.8,"S2 neck-jaw, PET only (target)",15.0,,
473 mL tall can,can,157.2,0.4,207.8,push-in from transfer plate,0.0,True,207.8
473 mL tall can,can,157.2,0.44,247.8,v1 top-down gripper (CAD),140.0,True,107.8
473 mL tall can,can,157.2,0.44,247.8,S2 flat body clamp (target),50.0,True,197.8
473 mL tall can,can,157.2,0.44,247.8,"S2 neck-jaw, PET only (target)",15.0,,
473 mL tall can,can,157.2,0.44,247.8,push-in from transfer plate,0.0,True,247.8
355 mL slim can,can,156.0,0.287,96.0,v1 top-down gripper (CAD),140.0,False,-44.0
355 mL slim can,can,156.0,0.287,96.0,S2 flat body clamp (target),50.0,True,46.0
355 mL slim can,can,156.0,0.287,96.0,"S2 neck-jaw, PET only (target)",15.0,,
355 mL slim can,can,156.0,0.287,96.0,push-in from transfer plate,0.0,True,96.0
355 mL slim can,can,156.0,0.3,109.0,v1 top-down gripper (CAD),140.0,False,-31.0
355 mL slim can,can,156.0,0.3,109.0,S2 flat body clamp (target),50.0,True,59.0
355 mL slim can,can,156.0,0.3,109.0,"S2 neck-jaw, PET only (target)",15.0,,
355 mL slim can,can,156.0,0.3,109.0,push-in from transfer plate,0.0,True,109.0
355 mL slim can,can,156.0,0.318,127.0,v1 top-down gripper (CAD),140.0,False,-13.0
355 mL slim can,can,156.0,0.318,127.0,S2 flat body clamp (target),50.0,True,77.0
355 mL slim can,can,156.0,0.318,127.0,"S2 neck-jaw, PET only (target)",15.0,,
355 mL slim can,can,156.0,0.318,127.0,push-in from transfer plate,0.0,True,127.0
355 mL slim can,can,156.0,0.35,159.0,v1 top-down gripper (CAD),140.0,True,19.0
355 mL slim can,can,156.0,0.35,159.0,S2 flat body clamp (target),50.0,True,109.0
355 mL slim can,can,156.0,0.35,159.0,"S2 neck-jaw, PET only (target)",15.0,,
355 mL slim can,can,156.0,0.35,159.0,push-in from transfer plate,0.0,True,159.0
355 mL slim can,can,156.0,0.381,190.0,v1 top-down gripper (CAD),140.0,True,50.0
355 mL slim can,can,156.0,0.381,190.0,S2 flat body clamp (target),50.0,True,140.0
355 mL slim can,can,156.0,0.381,190.0,"S2 neck-jaw, PET only (target)",15.0,,
355 mL slim can,can,156.0,0.381,190.0,push-in from transfer plate,0.0,True,190.0
355 mL slim can,can,156.0,0.4,209.0,v1 top-down gripper (CAD),140.0,True,69.0
355 mL slim can,can,156.0,0.4,209.0,S2 flat body clamp (target),50.0,True,159.0
355 mL slim can,can,156.0,0.4,209.0,"S2 neck-jaw, PET only (target)",15.0,,
355 mL slim can,can,156.0,0.4,209.0,push-in from transfer plate,0.0,True,209.0
355 mL slim can,can,156.0,0.44,249.0,v1 top-down gripper (CAD),140.0,True,109.0
355 mL slim can,can,156.0,0.44,249.0,S2 flat body clamp (target),50.0,True,199.0
355 mL slim can,can,156.0,0.44,249.0,"S2 neck-jaw, PET only (target)",15.0,,
355 mL slim can,can,156.0,0.44,249.0,push-in from transfer plate,0.0,True,249.0
500 mL PET,pet,210.0,0.287,42.0,v1 top-down gripper (CAD),140.0,False,-98.0
500 mL PET,pet,210.0,0.287,42.0,S2 flat body clamp (target),50.0,False,-8.0
500 mL PET,pet,210.0,0.287,42.0,"S2 neck-jaw, PET only (target)",15.0,True,27.0
500 mL PET,pet,210.0,0.287,42.0,push-in from transfer plate,0.0,True,42.0
500 mL PET,pet,210.0,0.3,55.0,v1 top-down gripper (CAD),140.0,False,-85.0
500 mL PET,pet,210.0,0.3,55.0,S2 flat body clamp (target),50.0,True,5.0
500 mL PET,pet,210.0,0.3,55.0,"S2 neck-jaw, PET only (target)",15.0,True,40.0
500 mL PET,pet,210.0,0.3,55.0,push-in from transfer plate,0.0,True,55.0
500 mL PET,pet,210.0,0.318,73.0,v1 top-down gripper (CAD),140.0,False,-67.0
500 mL PET,pet,210.0,0.318,73.0,S2 flat body clamp (target),50.0,True,23.0
500 mL PET,pet,210.0,0.318,73.0,"S2 neck-jaw, PET only (target)",15.0,True,58.0
500 mL PET,pet,210.0,0.318,73.0,push-in from transfer plate,0.0,True,73.0
500 mL PET,pet,210.0,0.35,105.0,v1 top-down gripper (CAD),140.0,False,-35.0
500 mL PET,pet,210.0,0.35,105.0,S2 flat body clamp (target),50.0,True,55.0
500 mL PET,pet,210.0,0.35,105.0,"S2 neck-jaw, PET only (target)",15.0,True,90.0
500 mL PET,pet,210.0,0.35,105.0,push-in from transfer plate,0.0,True,105.0
500 mL PET,pet,210.0,0.381,136.0,v1 top-down gripper (CAD),140.0,False,-4.0
500 mL PET,pet,210.0,0.381,136.0,S2 flat body clamp (target),50.0,True,86.0
500 mL PET,pet,210.0,0.381,136.0,"S2 neck-jaw, PET only (target)",15.0,True,121.0
500 mL PET,pet,210.0,0.381,136.0,push-in from transfer plate,0.0,True,136.0
500 mL PET,pet,210.0,0.4,155.0,v1 top-down gripper (CAD),140.0,True,15.0
500 mL PET,pet,210.0,0.4,155.0,S2 flat body clamp (target),50.0,True,105.0
500 mL PET,pet,210.0,0.4,155.0,"S2 neck-jaw, PET only (target)",15.0,True,140.0
500 mL PET,pet,210.0,0.4,155.0,push-in from transfer plate,0.0,True,155.0
500 mL PET,pet,210.0,0.44,195.0,v1 top-down gripper (CAD),140.0,True,55.0
500 mL PET,pet,210.0,0.44,195.0,S2 flat body clamp (target),50.0,True,145.0
500 mL PET,pet,210.0,0.44,195.0,"S2 neck-jaw, PET only (target)",15.0,True,180.0
500 mL PET,pet,210.0,0.44,195.0,push-in from transfer plate,0.0,True,195.0
600 mL PET,pet,237.0,0.287,15.0,v1 top-down gripper (CAD),140.0,False,-125.0
600 mL PET,pet,237.0,0.287,15.0,S2 flat body clamp (target),50.0,False,-35.0
600 mL PET,pet,237.0,0.287,15.0,"S2 neck-jaw, PET only (target)",15.0,True,0.0
600 mL PET,pet,237.0,0.287,15.0,push-in from transfer plate,0.0,True,15.0
600 mL PET,pet,237.0,0.3,28.0,v1 top-down gripper (CAD),140.0,False,-112.0
600 mL PET,pet,237.0,0.3,28.0,S2 flat body clamp (target),50.0,False,-22.0
600 mL PET,pet,237.0,0.3,28.0,"S2 neck-jaw, PET only (target)",15.0,True,13.0
600 mL PET,pet,237.0,0.3,28.0,push-in from transfer plate,0.0,True,28.0
600 mL PET,pet,237.0,0.318,46.0,v1 top-down gripper (CAD),140.0,False,-94.0
600 mL PET,pet,237.0,0.318,46.0,S2 flat body clamp (target),50.0,False,-4.0
600 mL PET,pet,237.0,0.318,46.0,"S2 neck-jaw, PET only (target)",15.0,True,31.0
600 mL PET,pet,237.0,0.318,46.0,push-in from transfer plate,0.0,True,46.0
600 mL PET,pet,237.0,0.35,78.0,v1 top-down gripper (CAD),140.0,False,-62.0
600 mL PET,pet,237.0,0.35,78.0,S2 flat body clamp (target),50.0,True,28.0
600 mL PET,pet,237.0,0.35,78.0,"S2 neck-jaw, PET only (target)",15.0,True,63.0
600 mL PET,pet,237.0,0.35,78.0,push-in from transfer plate,0.0,True,78.0
600 mL PET,pet,237.0,0.381,109.0,v1 top-down gripper (CAD),140.0,False,-31.0
600 mL PET,pet,237.0,0.381,109.0,S2 flat body clamp (target),50.0,True,59.0
600 mL PET,pet,237.0,0.381,109.0,"S2 neck-jaw, PET only (target)",15.0,True,94.0
600 mL PET,pet,237.0,0.381,109.0,push-in from transfer plate,0.0,True,109.0
600 mL PET,pet,237.0,0.4,128.0,v1 top-down gripper (CAD),140.0,False,-12.0
600 mL PET,pet,237.0,0.4,128.0,S2 flat body clamp (target),50.0,True,78.0
600 mL PET,pet,237.0,0.4,128.0,"S2 neck-jaw, PET only (target)",15.0,True,113.0
600 mL PET,pet,237.0,0.4,128.0,push-in from transfer plate,0.0,True,128.0
600 mL PET,pet,237.0,0.44,168.0,v1 top-down gripper (CAD),140.0,True,28.0
600 mL PET,pet,237.0,0.44,168.0,S2 flat body clamp (target),50.0,True,118.0
600 mL PET,pet,237.0,0.44,168.0,"S2 neck-jaw, PET only (target)",15.0,True,153.0
600 mL PET,pet,237.0,0.44,168.0,push-in from transfer plate,0.0,True,168.0
1 L PET,pet,290.0,0.287,-38.0,v1 top-down gripper (CAD),140.0,False,-178.0
1 L PET,pet,290.0,0.287,-38.0,S2 flat body clamp (target),50.0,False,-88.0
1 L PET,pet,290.0,0.287,-38.0,"S2 neck-jaw, PET only (target)",15.0,False,-53.0
1 L PET,pet,290.0,0.287,-38.0,push-in from transfer plate,0.0,False,-38.0
1 L PET,pet,290.0,0.3,-25.0,v1 top-down gripper (CAD),140.0,False,-165.0
1 L PET,pet,290.0,0.3,-25.0,S2 flat body clamp (target),50.0,False,-75.0
1 L PET,pet,290.0,0.3,-25.0,"S2 neck-jaw, PET only (target)",15.0,False,-40.0
1 L PET,pet,290.0,0.3,-25.0,push-in from transfer plate,0.0,False,-25.0
1 L PET,pet,290.0,0.318,-7.0,v1 top-down gripper (CAD),140.0,False,-147.0
1 L PET,pet,290.0,0.318,-7.0,S2 flat body clamp (target),50.0,False,-57.0
1 L PET,pet,290.0,0.318,-7.0,"S2 neck-jaw, PET only (target)",15.0,False,-22.0
1 L PET,pet,290.0,0.318,-7.0,push-in from transfer plate,0.0,False,-7.0
1 L PET,pet,290.0,0.35,25.0,v1 top-down gripper (CAD),140.0,False,-115.0
1 L PET,pet,290.0,0.35,25.0,S2 flat body clamp (target),50.0,False,-25.0
1 L PET,pet,290.0,0.35,25.0,"S2 neck-jaw, PET only (target)",15.0,True,10.0
1 L PET,pet,290.0,0.35,25.0,push-in from transfer plate,0.0,True,25.0
1 L PET,pet,290.0,0.381,56.0,v1 top-down gripper (CAD),140.0,False,-84.0
1 L PET,pet,290.0,0.381,56.0,S2 flat body clamp (target),50.0,True,6.0
1 L PET,pet,290.0,0.381,56.0,"S2 neck-jaw, PET only (target)",15.0,True,41.0
1 L PET,pet,290.0,0.381,56.0,push-in from transfer plate,0.0,True,56.0
1 L PET,pet,290.0,0.4,75.0,v1 top-down gripper (CAD),140.0,False,-65.0
1 L PET,pet,290.0,0.4,75.0,S2 flat body clamp (target),50.0,True,25.0
1 L PET,pet,290.0,0.4,75.0,"S2 neck-jaw, PET only (target)",15.0,True,60.0
1 L PET,pet,290.0,0.4,75.0,push-in from transfer plate,0.0,True,75.0
1 L PET,pet,290.0,0.44,115.0,v1 top-down gripper (CAD),140.0,False,-25.0
1 L PET,pet,290.0,0.44,115.0,S2 flat body clamp (target),50.0,True,65.0
1 L PET,pet,290.0,0.44,115.0,"S2 neck-jaw, PET only (target)",15.0,True,100.0
1 L PET,pet,290.0,0.44,115.0,push-in from transfer plate,0.0,True,115.0
1.5 L PET,pet,311.0,0.287,-59.0,v1 top-down gripper (CAD),140.0,False,-199.0
1.5 L PET,pet,311.0,0.287,-59.0,S2 flat body clamp (target),50.0,False,-109.0
1.5 L PET,pet,311.0,0.287,-59.0,"S2 neck-jaw, PET only (target)",15.0,False,-74.0
1.5 L PET,pet,311.0,0.287,-59.0,push-in from transfer plate,0.0,False,-59.0
1.5 L PET,pet,311.0,0.3,-46.0,v1 top-down gripper (CAD),140.0,False,-186.0
1.5 L PET,pet,311.0,0.3,-46.0,S2 flat body clamp (target),50.0,False,-96.0
1.5 L PET,pet,311.0,0.3,-46.0,"S2 neck-jaw, PET only (target)",15.0,False,-61.0
1.5 L PET,pet,311.0,0.3,-46.0,push-in from transfer plate,0.0,False,-46.0
1.5 L PET,pet,311.0,0.318,-28.0,v1 top-down gripper (CAD),140.0,False,-168.0
1.5 L PET,pet,311.0,0.318,-28.0,S2 flat body clamp (target),50.0,False,-78.0
1.5 L PET,pet,311.0,0.318,-28.0,"S2 neck-jaw, PET only (target)",15.0,False,-43.0
1.5 L PET,pet,311.0,0.318,-28.0,push-in from transfer plate,0.0,False,-28.0
1.5 L PET,pet,311.0,0.35,4.0,v1 top-down gripper (CAD),140.0,False,-136.0
1.5 L PET,pet,311.0,0.35,4.0,S2 flat body clamp (target),50.0,False,-46.0
1.5 L PET,pet,311.0,0.35,4.0,"S2 neck-jaw, PET only (target)",15.0,False,-11.0
1.5 L PET,pet,311.0,0.35,4.0,push-in from transfer plate,0.0,True,4.0
1.5 L PET,pet,311.0,0.381,35.0,v1 top-down gripper (CAD),140.0,False,-105.0
1.5 L PET,pet,311.0,0.381,35.0,S2 flat body clamp (target),50.0,False,-15.0
1.5 L PET,pet,311.0,0.381,35.0,"S2 neck-jaw, PET only (target)",15.0,True,20.0
1.5 L PET,pet,311.0,0.381,35.0,push-in from transfer plate,0.0,True,35.0
1.5 L PET,pet,311.0,0.4,54.0,v1 top-down gripper (CAD),140.0,False,-86.0
1.5 L PET,pet,311.0,0.4,54.0,S2 flat body clamp (target),50.0,True,4.0
1.5 L PET,pet,311.0,0.4,54.0,"S2 neck-jaw, PET only (target)",15.0,True,39.0
1.5 L PET,pet,311.0,0.4,54.0,push-in from transfer plate,0.0,True,54.0
1.5 L PET,pet,311.0,0.44,94.0,v1 top-down gripper (CAD),140.0,False,-46.0
1.5 L PET,pet,311.0,0.44,94.0,S2 flat body clamp (target),50.0,True,44.0
1.5 L PET,pet,311.0,0.44,94.0,"S2 neck-jaw, PET only (target)",15.0,True,79.0
1.5 L PET,pet,311.0,0.44,94.0,push-in from transfer plate,0.0,True,94.0
2 L PET,pet,320.0,0.287,-68.0,v1 top-down gripper (CAD),140.0,False,-208.0
2 L PET,pet,320.0,0.287,-68.0,S2 flat body clamp (target),50.0,False,-118.0
2 L PET,pet,320.0,0.287,-68.0,"S2 neck-jaw, PET only (target)",15.0,False,-83.0
2 L PET,pet,320.0,0.287,-68.0,push-in from transfer plate,0.0,False,-68.0
2 L PET,pet,320.0,0.3,-55.0,v1 top-down gripper (CAD),140.0,False,-195.0
2 L PET,pet,320.0,0.3,-55.0,S2 flat body clamp (target),50.0,False,-105.0
2 L PET,pet,320.0,0.3,-55.0,"S2 neck-jaw, PET only (target)",15.0,False,-70.0
2 L PET,pet,320.0,0.3,-55.0,push-in from transfer plate,0.0,False,-55.0
2 L PET,pet,320.0,0.318,-37.0,v1 top-down gripper (CAD),140.0,False,-177.0
2 L PET,pet,320.0,0.318,-37.0,S2 flat body clamp (target),50.0,False,-87.0
2 L PET,pet,320.0,0.318,-37.0,"S2 neck-jaw, PET only (target)",15.0,False,-52.0
2 L PET,pet,320.0,0.318,-37.0,push-in from transfer plate,0.0,False,-37.0
2 L PET,pet,320.0,0.35,-5.0,v1 top-down gripper (CAD),140.0,False,-145.0
2 L PET,pet,320.0,0.35,-5.0,S2 flat body clamp (target),50.0,False,-55.0
2 L PET,pet,320.0,0.35,-5.0,"S2 neck-jaw, PET only (target)",15.0,False,-20.0
2 L PET,pet,320.0,0.35,-5.0,push-in from transfer plate,0.0,False,-5.0
2 L PET,pet,320.0,0.381,26.0,v1 top-down gripper (CAD),140.0,False,-114.0
2 L PET,pet,320.0,0.381,26.0,S2 flat body clamp (target),50.0,False,-24.0
2 L PET,pet,320.0,0.381,26.0,"S2 neck-jaw, PET only (target)",15.0,True,11.0
2 L PET,pet,320.0,0.381,26.0,push-in from transfer plate,0.0,True,26.0
2 L PET,pet,320.0,0.4,45.0,v1 top-down gripper (CAD),140.0,False,-95.0
2 L PET,pet,320.0,0.4,45.0,S2 flat body clamp (target),50.0,False,-5.0
2 L PET,pet,320.0,0.4,45.0,"S2 neck-jaw, PET only (target)",15.0,True,30.0
2 L PET,pet,320.0,0.4,45.0,push-in from transfer plate,0.0,True,45.0
2 L PET,pet,320.0,0.44,85.0,v1 top-down gripper (CAD),140.0,False,-55.0
2 L PET,pet,320.0,0.44,85.0,S2 flat body clamp (target),50.0,True,35.0
2 L PET,pet,320.0,0.44,85.0,"S2 neck-jaw, PET only (target)",15.0,True,70.0
2 L PET,pet,320.0,0.44,85.0,push-in from transfer plate,0.0,True,85.0
