assembly,part_a,part_b,overlap_mm3,min_gap_mm
gripper_rev4_gap70,gripper_base#0,gripper_carrier#1,-0.0,0.0
gripper_rev4_gap70,gripper_base#0,gripper_top_plate#2,0.0,5.0
gripper_rev4_gap70,gripper_base#0,gripper_camera_plate#3,0.0,5.0
gripper_rev4_gap70,gripper_base#0,gripper_pinion#4,0.0,0.25
gripper_rev4_gap70,gripper_base#0,gripper_rack#5,0.0,0.2
gripper_rev4_gap70,gripper_base#0,gripper_rack#6,0.0,0.2
gripper_rev4_gap70,gripper_base#0,gripper_yoke#7,0.0,0.2
gripper_rev4_gap70,gripper_base#0,gripper_yoke#8,0.0,0.2
gripper_rev4_gap70,gripper_base#0,gripper_finger#9,0.0,0.5
gripper_rev4_gap70,gripper_base#0,gripper_finger#10,0.0,0.5
gripper_rev4_gap70,gripper_base#0,gripper_pad#11,0.0,5.0
gripper_rev4_gap70,gripper_base#0,gripper_pad#12,0.0,5.0
gripper_rev4_gap70,gripper_carrier#1,gripper_top_plate#2,0.0,0.0
gripper_rev4_gap70,gripper_carrier#1,gripper_camera_plate#3,0.0,0.2
gripper_rev4_gap70,gripper_carrier#1,gripper_pinion#4,0.0,0.25
gripper_rev4_gap70,gripper_carrier#1,gripper_rack#5,0.0,0.25
gripper_rev4_gap70,gripper_carrier#1,gripper_rack#6,0.0,0.25
gripper_rev4_gap70,gripper_carrier#1,gripper_yoke#7,0.0,0.2
gripper_rev4_gap70,gripper_carrier#1,gripper_yoke#8,0.0,0.2
gripper_rev4_gap70,gripper_carrier#1,gripper_finger#9,0.0,5.0
gripper_rev4_gap70,gripper_carrier#1,gripper_finger#10,0.0,5.0
gripper_rev4_gap70,gripper_carrier#1,gripper_pad#11,0.0,5.0
gripper_rev4_gap70,gripper_carrier#1,gripper_pad#12,0.0,5.0
gripper_rev4_gap70,gripper_top_plate#2,gripper_camera_plate#3,0.0,0.2
gripper_rev4_gap70,gripper_top_plate#2,gripper_pinion#4,0.0,5.0
gripper_rev4_gap70,gripper_top_plate#2,gripper_rack#5,0.0,5.0
gripper_rev4_gap70,gripper_top_plate#2,gripper_rack#6,0.0,5.0
gripper_rev4_gap70,gripper_top_plate#2,gripper_yoke#7,0.0,5.0
gripper_rev4_gap70,gripper_top_plate#2,gripper_yoke#8,0.0,5.0
gripper_rev4_gap70,gripper_top_plate#2,gripper_finger#9,0.0,5.0
gripper_rev4_gap70,gripper_top_plate#2,gripper_finger#10,0.0,5.0
gripper_rev4_gap70,gripper_top_plate#2,gripper_pad#11,0.0,5.0
gripper_rev4_gap70,gripper_top_plate#2,gripper_pad#12,0.0,5.0
gripper_rev4_gap70,gripper_camera_plate#3,gripper_pinion#4,0.0,5.0
gripper_rev4_gap70,gripper_camera_plate#3,gripper_rack#5,0.0,5.0
gripper_rev4_gap70,gripper_camera_plate#3,gripper_rack#6,0.0,5.0
gripper_rev4_gap70,gripper_camera_plate#3,gripper_yoke#7,0.0,4.871
gripper_rev4_gap70,gripper_camera_plate#3,gripper_yoke#8,0.0,5.0
gripper_rev4_gap70,gripper_camera_plate#3,gripper_finger#9,0.0,5.0
gripper_rev4_gap70,gripper_camera_plate#3,gripper_finger#10,0.0,5.0
gripper_rev4_gap70,gripper_camera_plate#3,gripper_pad#11,0.0,5.0
gripper_rev4_gap70,gripper_camera_plate#3,gripper_pad#12,0.0,5.0
gripper_rev4_gap70,gripper_pinion#4,gripper_rack#5,0.0,0.082
gripper_rev4_gap70,gripper_pinion#4,gripper_rack#6,0.0,0.082
gripper_rev4_gap70,gripper_pinion#4,gripper_yoke#7,0.0,5.0
gripper_rev4_gap70,gripper_pinion#4,gripper_yoke#8,0.0,5.0
gripper_rev4_gap70,gripper_pinion#4,gripper_finger#9,0.0,5.0
gripper_rev4_gap70,gripper_pinion#4,gripper_finger#10,0.0,5.0
gripper_rev4_gap70,gripper_pinion#4,gripper_pad#11,0.0,5.0
gripper_rev4_gap70,gripper_pinion#4,gripper_pad#12,0.0,5.0
gripper_rev4_gap70,gripper_rack#5,gripper_rack#6,0.0,5.0
gripper_rev4_gap70,gripper_rack#5,gripper_yoke#7,0.0,0.2
gripper_rev4_gap70,gripper_rack#5,gripper_yoke#8,0.0,5.0
gripper_rev4_gap70,gripper_rack#5,gripper_finger#9,0.0,5.0
gripper_rev4_gap70,gripper_rack#5,gripper_finger#10,0.0,5.0
gripper_rev4_gap70,gripper_rack#5,gripper_pad#11,0.0,5.0
gripper_rev4_gap70,gripper_rack#5,gripper_pad#12,0.0,5.0
gripper_rev4_gap70,gripper_rack#6,gripper_yoke#7,0.0,5.0
gripper_rev4_gap70,gripper_rack#6,gripper_yoke#8,0.0,0.2
gripper_rev4_gap70,gripper_rack#6,gripper_finger#9,0.0,5.0
gripper_rev4_gap70,gripper_rack#6,gripper_finger#10,0.0,5.0
gripper_rev4_gap70,gripper_rack#6,gripper_pad#11,0.0,5.0
gripper_rev4_gap70,gripper_rack#6,gripper_pad#12,0.0,5.0
gripper_rev4_gap70,gripper_yoke#7,gripper_yoke#8,0.0,5.0
gripper_rev4_gap70,gripper_yoke#7,gripper_finger#9,0.0,0.0
gripper_rev4_gap70,gripper_yoke#7,gripper_finger#10,0.0,5.0
gripper_rev4_gap70,gripper_yoke#7,gripper_pad#11,0.0,5.0
gripper_rev4_gap70,gripper_yoke#7,gripper_pad#12,0.0,5.0
gripper_rev4_gap70,gripper_yoke#8,gripper_finger#9,0.0,5.0
gripper_rev4_gap70,gripper_yoke#8,gripper_finger#10,-0.0,0.0
gripper_rev4_gap70,gripper_yoke#8,gripper_pad#11,0.0,5.0
gripper_rev4_gap70,gripper_yoke#8,gripper_pad#12,0.0,5.0
gripper_rev4_gap70,gripper_finger#9,gripper_finger#10,0.0,5.0
gripper_rev4_gap70,gripper_finger#9,gripper_pad#11,0.0,0.0
gripper_rev4_gap70,gripper_finger#9,gripper_pad#12,0.0,5.0
gripper_rev4_gap70,gripper_finger#10,gripper_pad#11,0.0,5.0
gripper_rev4_gap70,gripper_finger#10,gripper_pad#12,-0.0,0.0
gripper_rev4_gap70,gripper_pad#11,gripper_pad#12,0.0,5.0
arm_final_assembly_pose,arm_j1_cap,arm_j1_clamp,0.0,3.0
arm_final_assembly_pose,arm_j1_cap,arm_j1_hub,0.0,0.5
arm_final_assembly_pose,arm_j1_cap,arm_j1_pedestal,0.0,0.0
arm_final_assembly_pose,arm_j1_cap,arm_j1_ring,0.0,3.0
arm_final_assembly_pose,arm_j1_cap,arm_j1_spacer,0.0,3.0
arm_final_assembly_pose,arm_j1_cap,arm_j2_cap,0.0,3.0
arm_final_assembly_pose,arm_j1_cap,arm_j2_housing,0.0,3.0
arm_final_assembly_pose,arm_j1_cap,arm_j2_hub,0.0,3.0
arm_final_assembly_pose,arm_j1_cap,arm_j2_ring,0.0,3.0
arm_final_assembly_pose,arm_j1_cap,arm_j2_spacer,0.0,3.0
arm_final_assembly_pose,arm_j1_cap,arm_j3_flange,0.0,3.0
arm_final_assembly_pose,arm_j1_cap,arm_j3_horn_plate,0.0,3.0
arm_final_assembly_pose,arm_j1_cap,arm_j3_housing,0.0,3.0
arm_final_assembly_pose,arm_j1_cap,arm_j3_pin,0.0,3.0
arm_final_assembly_pose,arm_j1_cap,arm_j3_spacer,0.0,3.0
arm_final_assembly_pose,arm_j1_cap,arm_l1,0.0,3.0
arm_final_assembly_pose,arm_j1_cap,arm_l1_cover,0.0,3.0
arm_final_assembly_pose,arm_j1_cap,arm_l2,0.0,3.0
arm_final_assembly_pose,arm_j1_cap,arm_l2_cover,0.0,3.0
arm_final_assembly_pose,arm_j1_clamp,arm_j1_hub,0.0,3.0
arm_final_assembly_pose,arm_j1_clamp,arm_j1_pedestal,-0.0,0.0
arm_final_assembly_pose,arm_j1_clamp,arm_j1_ring,0.0,3.0
arm_final_assembly_pose,arm_j1_clamp,arm_j1_spacer,0.0,3.0
arm_final_assembly_pose,arm_j1_clamp,arm_j2_cap,0.0,3.0
arm_final_assembly_pose,arm_j1_clamp,arm_j2_housing,0.0,3.0
arm_final_assembly_pose,arm_j1_clamp,arm_j2_hub,0.0,3.0
arm_final_assembly_pose,arm_j1_clamp,arm_j2_ring,0.0,3.0
arm_final_assembly_pose,arm_j1_clamp,arm_j2_spacer,0.0,3.0
arm_final_assembly_pose,arm_j1_clamp,arm_j3_flange,0.0,3.0
arm_final_assembly_pose,arm_j1_clamp,arm_j3_horn_plate,0.0,3.0
arm_final_assembly_pose,arm_j1_clamp,arm_j3_housing,0.0,3.0
arm_final_assembly_pose,arm_j1_clamp,arm_j3_pin,0.0,3.0
arm_final_assembly_pose,arm_j1_clamp,arm_j3_spacer,0.0,3.0
arm_final_assembly_pose,arm_j1_clamp,arm_l1,0.0,3.0
arm_final_assembly_pose,arm_j1_clamp,arm_l1_cover,0.0,3.0
arm_final_assembly_pose,arm_j1_clamp,arm_l2,0.0,3.0
arm_final_assembly_pose,arm_j1_clamp,arm_l2_cover,0.0,3.0
arm_final_assembly_pose,arm_j1_hub,arm_j1_pedestal,0.0,2.813
arm_final_assembly_pose,arm_j1_hub,arm_j1_ring,0.0,0.0
arm_final_assembly_pose,arm_j1_hub,arm_j1_spacer,0.0,3.0
arm_final_assembly_pose,arm_j1_hub,arm_j2_cap,0.0,3.0
arm_final_assembly_pose,arm_j1_hub,arm_j2_housing,0.0,3.0
arm_final_assembly_pose,arm_j1_hub,arm_j2_hub,0.0,3.0
arm_final_assembly_pose,arm_j1_hub,arm_j2_ring,0.0,3.0
arm_final_assembly_pose,arm_j1_hub,arm_j2_spacer,0.0,3.0
arm_final_assembly_pose,arm_j1_hub,arm_j3_flange,0.0,3.0
arm_final_assembly_pose,arm_j1_hub,arm_j3_horn_plate,0.0,3.0
arm_final_assembly_pose,arm_j1_hub,arm_j3_housing,0.0,3.0
arm_final_assembly_pose,arm_j1_hub,arm_j3_pin,0.0,3.0
arm_final_assembly_pose,arm_j1_hub,arm_j3_spacer,0.0,3.0
arm_final_assembly_pose,arm_j1_hub,arm_l1,-0.0,0.0
arm_final_assembly_pose,arm_j1_hub,arm_l1_cover,0.0,3.0
arm_final_assembly_pose,arm_j1_hub,arm_l2,0.0,3.0
arm_final_assembly_pose,arm_j1_hub,arm_l2_cover,0.0,3.0
arm_final_assembly_pose,arm_j1_pedestal,arm_j1_ring,0.0,0.746
arm_final_assembly_pose,arm_j1_pedestal,arm_j1_spacer,0.0,0.1
arm_final_assembly_pose,arm_j1_pedestal,arm_j2_cap,0.0,3.0
arm_final_assembly_pose,arm_j1_pedestal,arm_j2_housing,0.0,3.0
arm_final_assembly_pose,arm_j1_pedestal,arm_j2_hub,0.0,3.0
arm_final_assembly_pose,arm_j1_pedestal,arm_j2_ring,0.0,3.0
arm_final_assembly_pose,arm_j1_pedestal,arm_j2_spacer,0.0,3.0
arm_final_assembly_pose,arm_j1_pedestal,arm_j3_flange,0.0,3.0
arm_final_assembly_pose,arm_j1_pedestal,arm_j3_horn_plate,0.0,3.0
arm_final_assembly_pose,arm_j1_pedestal,arm_j3_housing,0.0,3.0
arm_final_assembly_pose,arm_j1_pedestal,arm_j3_pin,0.0,3.0
arm_final_assembly_pose,arm_j1_pedestal,arm_j3_spacer,0.0,3.0
arm_final_assembly_pose,arm_j1_pedestal,arm_l1,0.0,3.0
arm_final_assembly_pose,arm_j1_pedestal,arm_l1_cover,0.0,3.0
arm_final_assembly_pose,arm_j1_pedestal,arm_l2,0.0,3.0
arm_final_assembly_pose,arm_j1_pedestal,arm_l2_cover,0.0,3.0
arm_final_assembly_pose,arm_j1_ring,arm_j1_spacer,0.0,3.0
arm_final_assembly_pose,arm_j1_ring,arm_j2_cap,0.0,3.0
arm_final_assembly_pose,arm_j1_ring,arm_j2_housing,0.0,3.0
arm_final_assembly_pose,arm_j1_ring,arm_j2_hub,0.0,3.0
arm_final_assembly_pose,arm_j1_ring,arm_j2_ring,0.0,3.0
arm_final_assembly_pose,arm_j1_ring,arm_j2_spacer,0.0,3.0
arm_final_assembly_pose,arm_j1_ring,arm_j3_flange,0.0,3.0
arm_final_assembly_pose,arm_j1_ring,arm_j3_horn_plate,0.0,3.0
arm_final_assembly_pose,arm_j1_ring,arm_j3_housing,0.0,3.0
arm_final_assembly_pose,arm_j1_ring,arm_j3_pin,0.0,3.0
arm_final_assembly_pose,arm_j1_ring,arm_j3_spacer,0.0,3.0
arm_final_assembly_pose,arm_j1_ring,arm_l1,0.0,3.0
arm_final_assembly_pose,arm_j1_ring,arm_l1_cover,0.0,3.0
arm_final_assembly_pose,arm_j1_ring,arm_l2,0.0,3.0
arm_final_assembly_pose,arm_j1_ring,arm_l2_cover,0.0,3.0
arm_final_assembly_pose,arm_j1_spacer,arm_j2_cap,0.0,3.0
arm_final_assembly_pose,arm_j1_spacer,arm_j2_housing,0.0,3.0
arm_final_assembly_pose,arm_j1_spacer,arm_j2_hub,0.0,3.0
arm_final_assembly_pose,arm_j1_spacer,arm_j2_ring,0.0,3.0
arm_final_assembly_pose,arm_j1_spacer,arm_j2_spacer,0.0,3.0
arm_final_assembly_pose,arm_j1_spacer,arm_j3_flange,0.0,3.0
arm_final_assembly_pose,arm_j1_spacer,arm_j3_horn_plate,0.0,3.0
arm_final_assembly_pose,arm_j1_spacer,arm_j3_housing,0.0,3.0
arm_final_assembly_pose,arm_j1_spacer,arm_j3_pin,0.0,3.0
arm_final_assembly_pose,arm_j1_spacer,arm_j3_spacer,0.0,3.0
arm_final_assembly_pose,arm_j1_spacer,arm_l1,0.0,3.0
arm_final_assembly_pose,arm_j1_spacer,arm_l1_cover,0.0,3.0
arm_final_assembly_pose,arm_j1_spacer,arm_l2,0.0,3.0
arm_final_assembly_pose,arm_j1_spacer,arm_l2_cover,0.0,3.0
arm_final_assembly_pose,arm_j2_cap,arm_j2_housing,-0.0,0.0
arm_final_assembly_pose,arm_j2_cap,arm_j2_hub,0.0,0.5
arm_final_assembly_pose,arm_j2_cap,arm_j2_ring,0.0,3.0
arm_final_assembly_pose,arm_j2_cap,arm_j2_spacer,0.0,3.0
arm_final_assembly_pose,arm_j2_cap,arm_j3_flange,0.0,3.0
arm_final_assembly_pose,arm_j2_cap,arm_j3_horn_plate,0.0,3.0
arm_final_assembly_pose,arm_j2_cap,arm_j3_housing,0.0,3.0
arm_final_assembly_pose,arm_j2_cap,arm_j3_pin,0.0,3.0
arm_final_assembly_pose,arm_j2_cap,arm_j3_spacer,0.0,3.0
arm_final_assembly_pose,arm_j2_cap,arm_l1,0.0,3.0
arm_final_assembly_pose,arm_j2_cap,arm_l1_cover,0.0,3.0
arm_final_assembly_pose,arm_j2_cap,arm_l2,0.0,3.0
arm_final_assembly_pose,arm_j2_cap,arm_l2_cover,0.0,3.0
arm_final_assembly_pose,arm_j2_housing,arm_j2_hub,0.0,2.813
arm_final_assembly_pose,arm_j2_housing,arm_j2_ring,0.0,0.796
arm_final_assembly_pose,arm_j2_housing,arm_j2_spacer,0.0,0.1
arm_final_assembly_pose,arm_j2_housing,arm_j3_flange,0.0,3.0
arm_final_assembly_pose,arm_j2_housing,arm_j3_horn_plate,0.0,3.0
arm_final_assembly_pose,arm_j2_housing,arm_j3_housing,0.0,3.0
arm_final_assembly_pose,arm_j2_housing,arm_j3_pin,0.0,3.0
arm_final_assembly_pose,arm_j2_housing,arm_j3_spacer,0.0,3.0
arm_final_assembly_pose,arm_j2_housing,arm_l1,-0.0,0.0
arm_final_assembly_pose,arm_j2_housing,arm_l1_cover,0.0,3.0
arm_final_assembly_pose,arm_j2_housing,arm_l2,0.0,3.0
arm_final_assembly_pose,arm_j2_housing,arm_l2_cover,0.0,3.0
arm_final_assembly_pose,arm_j2_hub,arm_j2_ring,0.0,0.0
arm_final_assembly_pose,arm_j2_hub,arm_j2_spacer,0.0,3.0
arm_final_assembly_pose,arm_j2_hub,arm_j3_flange,0.0,3.0
arm_final_assembly_pose,arm_j2_hub,arm_j3_horn_plate,0.0,3.0
arm_final_assembly_pose,arm_j2_hub,arm_j3_housing,0.0,3.0
arm_final_assembly_pose,arm_j2_hub,arm_j3_pin,0.0,3.0
arm_final_assembly_pose,arm_j2_hub,arm_j3_spacer,0.0,3.0
arm_final_assembly_pose,arm_j2_hub,arm_l1,0.0,3.0
arm_final_assembly_pose,arm_j2_hub,arm_l1_cover,0.0,3.0
arm_final_assembly_pose,arm_j2_hub,arm_l2,-0.0,0.0
arm_final_assembly_pose,arm_j2_hub,arm_l2_cover,0.0,3.0
arm_final_assembly_pose,arm_j2_ring,arm_j2_spacer,0.0,3.0
arm_final_assembly_pose,arm_j2_ring,arm_j3_flange,0.0,3.0
arm_final_assembly_pose,arm_j2_ring,arm_j3_horn_plate,0.0,3.0
arm_final_assembly_pose,arm_j2_ring,arm_j3_housing,0.0,3.0
arm_final_assembly_pose,arm_j2_ring,arm_j3_pin,0.0,3.0
arm_final_assembly_pose,arm_j2_ring,arm_j3_spacer,0.0,3.0
arm_final_assembly_pose,arm_j2_ring,arm_l1,0.0,0.775
arm_final_assembly_pose,arm_j2_ring,arm_l1_cover,0.0,3.0
arm_final_assembly_pose,arm_j2_ring,arm_l2,0.0,3.0
arm_final_assembly_pose,arm_j2_ring,arm_l2_cover,0.0,3.0
arm_final_assembly_pose,arm_j2_spacer,arm_j3_flange,0.0,3.0
arm_final_assembly_pose,arm_j2_spacer,arm_j3_horn_plate,0.0,3.0
arm_final_assembly_pose,arm_j2_spacer,arm_j3_housing,0.0,3.0
arm_final_assembly_pose,arm_j2_spacer,arm_j3_pin,0.0,3.0
arm_final_assembly_pose,arm_j2_spacer,arm_j3_spacer,0.0,3.0
arm_final_assembly_pose,arm_j2_spacer,arm_l1,0.0,3.0
arm_final_assembly_pose,arm_j2_spacer,arm_l1_cover,0.0,3.0
arm_final_assembly_pose,arm_j2_spacer,arm_l2,0.0,3.0
arm_final_assembly_pose,arm_j2_spacer,arm_l2_cover,0.0,3.0
arm_final_assembly_pose,arm_j3_flange,arm_j3_horn_plate,0.0,3.0
arm_final_assembly_pose,arm_j3_flange,arm_j3_housing,0.0,0.3
arm_final_assembly_pose,arm_j3_flange,arm_j3_pin,-0.0,0.0
arm_final_assembly_pose,arm_j3_flange,arm_j3_spacer,0.0,3.0
arm_final_assembly_pose,arm_j3_flange,arm_l1,0.0,3.0
arm_final_assembly_pose,arm_j3_flange,arm_l1_cover,0.0,3.0
arm_final_assembly_pose,arm_j3_flange,arm_l2,0.0,3.0
arm_final_assembly_pose,arm_j3_flange,arm_l2_cover,0.0,3.0
arm_final_assembly_pose,arm_j3_horn_plate,arm_j3_housing,0.0,0.3
arm_final_assembly_pose,arm_j3_horn_plate,arm_j3_pin,-0.0,0.0
arm_final_assembly_pose,arm_j3_horn_plate,arm_j3_spacer,0.0,2.94
arm_final_assembly_pose,arm_j3_horn_plate,arm_l1,0.0,3.0
arm_final_assembly_pose,arm_j3_horn_plate,arm_l1_cover,0.0,3.0
arm_final_assembly_pose,arm_j3_horn_plate,arm_l2,0.0,0.969
arm_final_assembly_pose,arm_j3_horn_plate,arm_l2_cover,0.0,3.0
arm_final_assembly_pose,arm_j3_housing,arm_j3_pin,0.0,0.498
arm_final_assembly_pose,arm_j3_housing,arm_j3_spacer,0.0,0.099
arm_final_assembly_pose,arm_j3_housing,arm_l1,0.0,3.0
arm_final_assembly_pose,arm_j3_housing,arm_l1_cover,0.0,3.0
arm_final_assembly_pose,arm_j3_housing,arm_l2,0.0,0.1
arm_final_assembly_pose,arm_j3_housing,arm_l2_cover,0.0,3.0
arm_final_assembly_pose,arm_j3_pin,arm_j3_spacer,0.0,1.518
arm_final_assembly_pose,arm_j3_pin,arm_l1,0.0,3.0
arm_final_assembly_pose,arm_j3_pin,arm_l1_cover,0.0,3.0
arm_final_assembly_pose,arm_j3_pin,arm_l2,0.0,3.0
arm_final_assembly_pose,arm_j3_pin,arm_l2_cover,0.0,3.0
arm_final_assembly_pose,arm_j3_spacer,arm_l1,0.0,3.0
arm_final_assembly_pose,arm_j3_spacer,arm_l1_cover,0.0,3.0
arm_final_assembly_pose,arm_j3_spacer,arm_l2,0.0,3.0
arm_final_assembly_pose,arm_j3_spacer,arm_l2_cover,0.0,3.0
arm_final_assembly_pose,arm_l1,arm_l1_cover,0.0,0.0
arm_final_assembly_pose,arm_l1,arm_l2,0.0,3.0
arm_final_assembly_pose,arm_l1,arm_l2_cover,0.0,3.0
arm_final_assembly_pose,arm_l1_cover,arm_l2,0.0,3.0
arm_final_assembly_pose,arm_l1_cover,arm_l2_cover,0.0,3.0
arm_final_assembly_pose,arm_l2,arm_l2_cover,-0.0,0.0
