tag,lane,level,pitch,sku,phase,y_bore,reachable,zc,q1,q2,q3,zc_ok,arm_env_mm3,arm_env_who,arm_nb_mm3,arm_nb_who,hand_env_mm3,hand_env_who,hand_nb_mm3,hand_nb_who,can_env_mm3,can_env_who,can_nb_mm3,can_nb_who,arm_placedcan_mm3,arm_placedcan_who,hand_placedcan_mm3,hand_placedcan_who,pass
,1,0,287.0,can_355_std,insert,288.0,True,405.9,76.2,106.7,-92.9,True,0.0,,0.0,,0.0,,0.0,,0.0,,0.0,,0.0,,0.0,,True
,1,0,287.0,can_355_std,insert,300.8,True,404.5,76.1,103.1,-89.3,True,0.0,,0.0,,0.0,,0.0,,0.0,,0.0,,0.0,,0.0,,True
,1,0,287.0,can_355_std,insert,313.5,True,403.2,76.3,99.4,-85.6,True,0.0,,0.0,,0.0,,0.0,,0.0,,0.0,,0.0,,0.0,,True
,1,0,287.0,can_355_std,insert,326.2,True,401.9,76.7,95.4,-82.1,True,0.0,,0.0,,0.0,,0.0,,0.0,,0.0,,0.0,,0.0,,True
,1,0,287.0,can_355_std,insert,339.0,True,400.5,77.3,91.2,-78.5,True,0.0,,0.0,,0.0,,0.0,,0.0,,0.0,,0.0,,0.0,,True
,1,0,287.0,can_355_std,insert,351.8,True,399.2,78.1,86.8,-74.9,True,0.0,,0.0,,0.0,,0.0,,0.0,,0.0,,0.0,,0.0,,True
,1,0,287.0,can_355_std,insert,364.5,True,397.8,79.2,82.1,-71.3,True,0.0,,0.0,,0.0,,0.0,,0.0,,0.0,,0.0,,0.0,,True
,1,0,287.0,can_355_std,lower2,364.5,True,397.3,79.2,82.1,-71.3,True,0.0,,0.0,,0.0,,0.0,,0.0,,0.0,,0.0,,0.0,,True
,1,0,287.0,can_355_std,release,364.5,True,397.3,79.2,82.1,-71.3,True,0.0,,0.0,,0.0,,0.0,,0.0,,0.0,,0.0,,0.0,,True
,1,0,287.0,can_355_std,retreat,364.5,True,397.3,79.2,82.1,-71.3,True,0.0,,0.0,,0.0,,0.0,,0.0,,0.0,,0.0,,0.0,,True
,1,0,287.0,can_355_std,retreat,351.8,True,400.7,78.1,86.8,-74.9,True,0.0,,0.0,,0.0,,0.0,,0.0,,0.0,,0.0,,3402.155,hand_slider_plus,False
,1,0,287.0,can_355_std,retreat,339.0,True,404.0,77.3,91.2,-78.5,True,0.0,,0.0,,0.0,,0.0,,0.0,,0.0,,0.0,,43595.771,hand_slider_plus,False
,1,0,287.0,can_355_std,retreat,326.2,True,407.4,76.7,95.4,-82.1,True,0.0,,0.0,,0.0,,0.0,,0.0,,0.0,,0.0,,44777.142,hand_slider_plus,False
,1,0,287.0,can_355_std,retreat,313.5,True,410.7,76.3,99.4,-85.6,True,0.0,,0.0,,0.0,,0.0,,0.0,,0.0,,0.0,,42696.263,hand_slider_plus,False
,1,0,287.0,can_355_std,retreat,300.8,True,414.0,76.1,103.1,-89.3,True,0.0,,0.0,,0.0,,0.0,,0.0,,0.0,,0.0,,40179.851,hand_slider_plus,False
,1,0,287.0,can_355_std,retreat,288.0,True,417.4,76.2,106.7,-92.9,True,0.0,,0.0,,0.0,,0.0,,0.0,,0.0,,0.0,,27222.16,hand_slider_plus,False
,1,0,287.0,can_473_tall,insert,288.0,True,435.1,76.2,106.7,-92.9,True,0.0,,0.0,,0.0,,0.0,,0.0,,0.0,,0.0,,0.0,,True
,1,0,287.0,can_473_tall,insert,300.8,True,433.7,76.1,103.1,-89.3,True,0.0,,0.0,,0.0,,0.0,,0.0,,0.0,,0.0,,0.0,,True
,1,0,287.0,can_473_tall,insert,313.5,True,432.4,76.3,99.4,-85.6,True,0.0,,0.0,,0.0,,0.0,,0.0,,0.0,,0.0,,0.0,,True
,1,0,287.0,can_473_tall,insert,326.2,True,431.1,76.7,95.4,-82.1,True,0.0,,0.0,,0.0,,0.0,,0.0,,0.0,,0.0,,0.0,,True
,1,0,287.0,can_473_tall,insert,339.0,True,429.7,77.3,91.2,-78.5,True,0.0,,0.0,,0.0,,0.0,,0.0,,0.0,,0.0,,0.0,,True
,1,0,287.0,can_473_tall,insert,351.8,True,428.4,78.1,86.8,-74.9,True,0.0,,0.0,,0.0,,0.0,,0.0,,0.0,,0.0,,0.0,,True
,1,0,287.0,can_473_tall,insert,364.5,True,427.0,79.2,82.1,-71.3,True,0.0,,0.0,,0.0,,0.0,,0.0,,0.0,,0.0,,0.0,,True
,1,0,287.0,can_473_tall,lower2,364.5,True,425.0,79.2,82.1,-71.3,True,0.0,,0.0,,0.0,,0.0,,0.0,,0.0,,0.0,,0.0,,True
,1,0,287.0,can_473_tall,release,364.5,True,425.0,79.2,82.1,-71.3,True,0.0,,0.0,,0.0,,0.0,,0.0,,0.0,,0.0,,0.0,,True
,1,0,287.0,can_473_tall,retreat,364.5,True,425.0,79.2,82.1,-71.3,True,0.0,,0.0,,0.0,,0.0,,0.0,,0.0,,0.0,,0.0,,True
,1,0,287.0,can_473_tall,retreat,351.8,True,428.4,78.1,86.8,-74.9,True,0.0,,0.0,,0.0,,0.0,,0.0,,0.0,,0.0,,3565.512,hand_slider_plus,False
,1,0,287.0,can_473_tall,retreat,339.0,True,431.7,77.3,91.2,-78.5,True,0.0,,0.0,,0.0,,0.0,,0.0,,0.0,,0.0,,46438.983,hand_slider_plus,False
,1,0,287.0,can_473_tall,retreat,326.2,True,435.1,76.7,95.4,-82.1,True,0.0,,0.0,,0.0,,0.0,,0.0,,0.0,,0.0,,48305.621,hand_slider_plus,False
,1,0,287.0,can_473_tall,retreat,313.5,True,438.4,76.3,99.4,-85.6,True,0.0,,0.0,,0.0,,0.0,,0.0,,0.0,,0.0,,46223.637,hand_slider_plus,False
,1,0,287.0,can_473_tall,retreat,300.8,True,441.7,76.1,103.1,-89.3,True,0.0,,0.0,,0.0,,0.0,,0.0,,0.0,,0.0,,43409.888,hand_slider_plus,False
,1,0,287.0,can_473_tall,retreat,288.0,True,445.1,76.2,106.7,-92.9,True,0.0,,0.0,,0.0,,0.0,,0.0,,0.0,,0.0,,29330.408,hand_slider_plus,False
,1,0,287.0,can_355_slim,insert,288.0,True,433.4,76.2,106.7,-92.9,True,0.0,,0.0,,0.0,,0.0,,0.0,,0.0,,0.0,,0.0,,True
,1,0,287.0,can_355_slim,insert,300.0,True,432.1,76.1,103.4,-89.5,True,0.0,,0.0,,0.0,,0.0,,0.0,,0.0,,0.0,,0.0,,True
,1,0,287.0,can_355_slim,insert,312.0,True,430.9,76.3,99.8,-86.1,True,0.0,,0.0,,0.0,,0.0,,0.0,,0.0,,0.0,,0.0,,True
,1,0,287.0,can_355_slim,insert,324.0,True,429.6,76.6,96.1,-82.7,True,0.0,,0.0,,0.0,,0.0,,0.0,,0.0,,0.0,,0.0,,True
,1,0,287.0,can_355_slim,insert,336.0,True,428.4,77.1,92.2,-79.3,True,0.0,,0.0,,0.0,,0.0,,0.0,,0.0,,0.0,,0.0,,True
,1,0,287.0,can_355_slim,insert,348.0,True,427.1,77.9,88.1,-76.0,True,0.0,,0.0,,0.0,,0.0,,0.0,,0.0,,0.0,,0.0,,True
,1,0,287.0,can_355_slim,insert,360.0,True,425.8,78.8,83.8,-72.6,True,0.0,,0.0,,0.0,,0.0,,0.0,,0.0,,0.0,,0.0,,True
,1,0,287.0,can_355_slim,lower2,360.0,True,423.8,78.8,83.8,-72.6,True,0.0,,0.0,,0.0,,0.0,,0.0,,0.0,,0.0,,0.0,,True
,1,0,287.0,can_355_slim,release,360.0,True,423.8,78.8,83.8,-72.6,True,0.0,,0.0,,0.0,,0.0,,0.0,,0.0,,0.0,,0.0,,True
,1,0,287.0,can_355_slim,retreat,360.0,True,423.8,78.8,83.8,-72.6,True,0.0,,0.0,,0.0,,0.0,,0.0,,0.0,,0.0,,0.0,,True
,1,0,287.0,can_355_slim,retreat,348.0,True,427.1,77.9,88.1,-76.0,True,0.0,,0.0,,0.0,,0.0,,0.0,,0.0,,0.0,,1811.418,hand_slider_plus,False
,1,0,287.0,can_355_slim,retreat,336.0,True,430.4,77.1,92.2,-79.3,True,0.0,,0.0,,0.0,,0.0,,0.0,,0.0,,0.0,,41581.413,hand_slider_plus,False
,1,0,287.0,can_355_slim,retreat,324.0,True,433.6,76.6,96.1,-82.7,True,0.0,,0.0,,0.0,,0.0,,0.0,,0.0,,0.0,,47535.811,hand_slider_plus,False
,1,0,287.0,can_355_slim,retreat,312.0,True,436.9,76.3,99.8,-86.1,True,0.0,,0.0,,0.0,,0.0,,0.0,,0.0,,0.0,,45601.155,hand_slider_plus,False
,1,0,287.0,can_355_slim,retreat,300.0,True,440.1,76.1,103.4,-89.5,True,0.0,,0.0,,0.0,,0.0,,0.0,,0.0,,0.0,,41605.782,hand_slider_plus,False
,1,0,287.0,can_355_slim,retreat,288.0,True,443.4,76.2,106.7,-92.9,True,0.0,,0.0,,0.0,,0.0,,0.0,,0.0,,0.0,,11540.248,hand_slider_plus,False
,1,0,318.0,can_355_std,insert,288.0,True,405.9,76.2,106.7,-92.9,True,0.0,,0.0,,0.0,,0.0,,0.0,,0.0,,0.0,,0.0,,True
,1,0,318.0,can_355_std,insert,300.8,True,404.5,76.1,103.1,-89.3,True,0.0,,0.0,,0.0,,0.0,,0.0,,0.0,,0.0,,0.0,,True
,1,0,318.0,can_355_std,insert,313.5,True,403.2,76.3,99.4,-85.6,True,0.0,,0.0,,0.0,,0.0,,0.0,,0.0,,0.0,,0.0,,True
,1,0,318.0,can_355_std,insert,326.2,True,401.9,76.7,95.4,-82.1,True,0.0,,0.0,,0.0,,0.0,,0.0,,0.0,,0.0,,0.0,,True
,1,0,318.0,can_355_std,insert,339.0,True,400.5,77.3,91.2,-78.5,True,0.0,,0.0,,0.0,,0.0,,0.0,,0.0,,0.0,,0.0,,True
,1,0,318.0,can_355_std,insert,351.8,True,399.2,78.1,86.8,-74.9,True,0.0,,0.0,,0.0,,0.0,,0.0,,0.0,,0.0,,0.0,,True
,1,0,318.0,can_355_std,insert,364.5,True,397.8,79.2,82.1,-71.3,True,0.0,,0.0,,0.0,,0.0,,0.0,,0.0,,0.0,,0.0,,True
,1,0,318.0,can_355_std,lower2,364.5,True,397.3,79.2,82.1,-71.3,True,0.0,,0.0,,0.0,,0.0,,0.0,,0.0,,0.0,,0.0,,True
,1,0,318.0,can_355_std,release,364.5,True,397.3,79.2,82.1,-71.3,True,0.0,,0.0,,0.0,,0.0,,0.0,,0.0,,0.0,,0.0,,True
,1,0,318.0,can_355_std,retreat,364.5,True,397.3,79.2,82.1,-71.3,True,0.0,,0.0,,0.0,,0.0,,0.0,,0.0,,0.0,,0.0,,True
,1,0,318.0,can_355_std,retreat,351.8,True,400.7,78.1,86.8,-74.9,True,0.0,,0.0,,0.0,,0.0,,0.0,,0.0,,0.0,,3402.155,hand_slider_plus,False
,1,0,318.0,can_355_std,retreat,339.0,True,404.0,77.3,91.2,-78.5,True,0.0,,0.0,,0.0,,0.0,,0.0,,0.0,,0.0,,43595.771,hand_slider_plus,False
,1,0,318.0,can_355_std,retreat,326.2,True,407.4,76.7,95.4,-82.1,True,0.0,,0.0,,0.0,,0.0,,0.0,,0.0,,0.0,,44777.142,hand_slider_plus,False
,1,0,318.0,can_355_std,retreat,313.5,True,410.7,76.3,99.4,-85.6,True,0.0,,0.0,,0.0,,0.0,,0.0,,0.0,,0.0,,42696.263,hand_slider_plus,False
,1,0,318.0,can_355_std,retreat,300.8,True,414.0,76.1,103.1,-89.3,True,0.0,,0.0,,0.0,,0.0,,0.0,,0.0,,0.0,,40179.851,hand_slider_plus,False
,1,0,318.0,can_355_std,retreat,288.0,True,417.4,76.2,106.7,-92.9,True,0.0,,0.0,,0.0,,0.0,,0.0,,0.0,,0.0,,27222.16,hand_slider_plus,False
,1,0,318.0,can_473_tall,insert,288.0,True,435.1,76.2,106.7,-92.9,True,0.0,,0.0,,0.0,,0.0,,0.0,,0.0,,0.0,,0.0,,True
,1,0,318.0,can_473_tall,insert,300.8,True,433.7,76.1,103.1,-89.3,True,0.0,,0.0,,0.0,,0.0,,0.0,,0.0,,0.0,,0.0,,True
,1,0,318.0,can_473_tall,insert,313.5,True,432.4,76.3,99.4,-85.6,True,0.0,,0.0,,0.0,,0.0,,0.0,,0.0,,0.0,,0.0,,True
,1,0,318.0,can_473_tall,insert,326.2,True,431.1,76.7,95.4,-82.1,True,0.0,,0.0,,0.0,,0.0,,0.0,,0.0,,0.0,,0.0,,True
,1,0,318.0,can_473_tall,insert,339.0,True,429.7,77.3,91.2,-78.5,True,0.0,,0.0,,0.0,,0.0,,0.0,,0.0,,0.0,,0.0,,True
,1,0,318.0,can_473_tall,insert,351.8,True,428.4,78.1,86.8,-74.9,True,0.0,,0.0,,0.0,,0.0,,0.0,,0.0,,0.0,,0.0,,True
,1,0,318.0,can_473_tall,insert,364.5,True,427.0,79.2,82.1,-71.3,True,0.0,,0.0,,0.0,,0.0,,0.0,,0.0,,0.0,,0.0,,True
,1,0,318.0,can_473_tall,lower2,364.5,True,425.0,79.2,82.1,-71.3,True,0.0,,0.0,,0.0,,0.0,,0.0,,0.0,,0.0,,0.0,,True
,1,0,318.0,can_473_tall,release,364.5,True,425.0,79.2,82.1,-71.3,True,0.0,,0.0,,0.0,,0.0,,0.0,,0.0,,0.0,,0.0,,True
,1,0,318.0,can_473_tall,retreat,364.5,True,425.0,79.2,82.1,-71.3,True,0.0,,0.0,,0.0,,0.0,,0.0,,0.0,,0.0,,0.0,,True
,1,0,318.0,can_473_tall,retreat,351.8,True,428.4,78.1,86.8,-74.9,True,0.0,,0.0,,0.0,,0.0,,0.0,,0.0,,0.0,,3565.512,hand_slider_plus,False
,1,0,318.0,can_473_tall,retreat,339.0,True,431.7,77.3,91.2,-78.5,True,0.0,,0.0,,0.0,,0.0,,0.0,,0.0,,0.0,,46438.983,hand_slider_plus,False
,1,0,318.0,can_473_tall,retreat,326.2,True,435.1,76.7,95.4,-82.1,True,0.0,,0.0,,0.0,,0.0,,0.0,,0.0,,0.0,,48305.621,hand_slider_plus,False
,1,0,318.0,can_473_tall,retreat,313.5,True,438.4,76.3,99.4,-85.6,True,0.0,,0.0,,0.0,,0.0,,0.0,,0.0,,0.0,,46223.637,hand_slider_plus,False
,1,0,318.0,can_473_tall,retreat,300.8,True,441.7,76.1,103.1,-89.3,True,0.0,,0.0,,0.0,,0.0,,0.0,,0.0,,0.0,,43409.888,hand_slider_plus,False
,1,0,318.0,can_473_tall,retreat,288.0,True,445.1,76.2,106.7,-92.9,True,0.0,,0.0,,0.0,,0.0,,0.0,,0.0,,0.0,,29330.408,hand_slider_plus,False
,1,0,318.0,can_355_slim,insert,288.0,True,433.4,76.2,106.7,-92.9,True,0.0,,0.0,,0.0,,0.0,,0.0,,0.0,,0.0,,0.0,,True
,1,0,318.0,can_355_slim,insert,300.0,True,432.1,76.1,103.4,-89.5,True,0.0,,0.0,,0.0,,0.0,,0.0,,0.0,,0.0,,0.0,,True
,1,0,318.0,can_355_slim,insert,312.0,True,430.9,76.3,99.8,-86.1,True,0.0,,0.0,,0.0,,0.0,,0.0,,0.0,,0.0,,0.0,,True
,1,0,318.0,can_355_slim,insert,324.0,True,429.6,76.6,96.1,-82.7,True,0.0,,0.0,,0.0,,0.0,,0.0,,0.0,,0.0,,0.0,,True
,1,0,318.0,can_355_slim,insert,336.0,True,428.4,77.1,92.2,-79.3,True,0.0,,0.0,,0.0,,0.0,,0.0,,0.0,,0.0,,0.0,,True
,1,0,318.0,can_355_slim,insert,348.0,True,427.1,77.9,88.1,-76.0,True,0.0,,0.0,,0.0,,0.0,,0.0,,0.0,,0.0,,0.0,,True
,1,0,318.0,can_355_slim,insert,360.0,True,425.8,78.8,83.8,-72.6,True,0.0,,0.0,,0.0,,0.0,,0.0,,0.0,,0.0,,0.0,,True
,1,0,318.0,can_355_slim,lower2,360.0,True,423.8,78.8,83.8,-72.6,True,0.0,,0.0,,0.0,,0.0,,0.0,,0.0,,0.0,,0.0,,True
,1,0,318.0,can_355_slim,release,360.0,True,423.8,78.8,83.8,-72.6,True,0.0,,0.0,,0.0,,0.0,,0.0,,0.0,,0.0,,0.0,,True
,1,0,318.0,can_355_slim,retreat,360.0,True,423.8,78.8,83.8,-72.6,True,0.0,,0.0,,0.0,,0.0,,0.0,,0.0,,0.0,,0.0,,True
,1,0,318.0,can_355_slim,retreat,348.0,True,427.1,77.9,88.1,-76.0,True,0.0,,0.0,,0.0,,0.0,,0.0,,0.0,,0.0,,1811.418,hand_slider_plus,False
,1,0,318.0,can_355_slim,retreat,336.0,True,430.4,77.1,92.2,-79.3,True,0.0,,0.0,,0.0,,0.0,,0.0,,0.0,,0.0,,41581.413,hand_slider_plus,False
,1,0,318.0,can_355_slim,retreat,324.0,True,433.6,76.6,96.1,-82.7,True,0.0,,0.0,,0.0,,0.0,,0.0,,0.0,,0.0,,47535.811,hand_slider_plus,False
,1,0,318.0,can_355_slim,retreat,312.0,True,436.9,76.3,99.8,-86.1,True,0.0,,0.0,,0.0,,0.0,,0.0,,0.0,,0.0,,45601.155,hand_slider_plus,False
,1,0,318.0,can_355_slim,retreat,300.0,True,440.1,76.1,103.4,-89.5,True,0.0,,0.0,,0.0,,0.0,,0.0,,0.0,,0.0,,41605.782,hand_slider_plus,False
,1,0,318.0,can_355_slim,retreat,288.0,True,443.4,76.2,106.7,-92.9,True,0.0,,0.0,,0.0,,0.0,,0.0,,0.0,,0.0,,11540.248,hand_slider_plus,False
,1,1,287.0,can_355_std,insert,288.0,True,692.9,76.2,106.7,-92.9,True,0.0,,0.0,,0.0,,0.0,,0.0,,0.0,,0.0,,0.0,,True
,1,1,287.0,can_355_std,insert,300.8,True,691.5,76.1,103.1,-89.3,True,0.0,,0.0,,0.0,,0.0,,0.0,,0.0,,0.0,,0.0,,True
,1,1,287.0,can_355_std,insert,313.5,True,690.2,76.3,99.4,-85.6,True,0.0,,0.0,,0.0,,0.0,,0.0,,0.0,,0.0,,0.0,,True
,1,1,287.0,can_355_std,insert,326.2,True,688.9,76.7,95.4,-82.1,True,0.0,,0.0,,0.0,,0.0,,0.0,,0.0,,0.0,,0.0,,True
,1,1,287.0,can_355_std,insert,339.0,True,687.5,77.3,91.2,-78.5,True,0.0,,0.0,,0.0,,0.0,,0.0,,0.0,,0.0,,0.0,,True
,1,1,287.0,can_355_std,insert,351.8,True,686.2,78.1,86.8,-74.9,True,0.0,,0.0,,0.0,,0.0,,0.0,,0.0,,0.0,,0.0,,True
,1,1,287.0,can_355_std,insert,364.5,True,684.8,79.2,82.1,-71.3,True,0.0,,0.0,,0.0,,0.0,,0.0,,0.0,,0.0,,0.0,,True
,1,1,287.0,can_355_std,lower2,364.5,True,684.3,79.2,82.1,-71.3,True,0.0,,0.0,,0.0,,0.0,,0.0,,0.0,,0.0,,0.0,,True
,1,1,287.0,can_355_std,release,364.5,True,684.3,79.2,82.1,-71.3,True,0.0,,0.0,,0.0,,0.0,,0.0,,0.0,,0.0,,0.0,,True
,1,1,287.0,can_355_std,retreat,364.5,True,684.3,79.2,82.1,-71.3,True,0.0,,0.0,,0.0,,0.0,,0.0,,0.0,,0.0,,0.0,,True
,1,1,287.0,can_355_std,retreat,351.8,True,687.7,78.1,86.8,-74.9,True,0.0,,0.0,,0.0,,0.0,,0.0,,0.0,,0.0,,3402.155,hand_slider_plus,False
,1,1,287.0,can_355_std,retreat,339.0,True,691.0,77.3,91.2,-78.5,True,0.0,,0.0,,0.0,,0.0,,0.0,,0.0,,0.0,,43595.785,hand_slider_plus,False
,1,1,287.0,can_355_std,retreat,326.2,True,694.4,76.7,95.4,-82.1,True,0.0,,0.0,,0.0,,0.0,,0.0,,0.0,,0.0,,44777.153,hand_slider_plus,False
,1,1,287.0,can_355_std,retreat,313.5,True,697.7,76.3,99.4,-85.6,True,0.0,,0.0,,0.0,,0.0,,0.0,,0.0,,0.0,,42696.27,hand_slider_plus,False
,1,1,287.0,can_355_std,retreat,300.8,True,701.0,76.1,103.1,-89.3,True,0.0,,0.0,,0.0,,0.0,,0.0,,0.0,,0.0,,40179.868,hand_slider_plus,False
,1,1,287.0,can_355_std,retreat,288.0,True,704.4,76.2,106.7,-92.9,True,0.0,,0.0,,0.0,,0.0,,0.0,,0.0,,0.0,,27222.168,hand_slider_plus,False
,1,1,287.0,can_473_tall,insert,288.0,True,722.1,76.2,106.7,-92.9,True,0.0,,0.0,,0.0,,0.0,,0.0,,0.0,,0.0,,0.0,,True
,1,1,287.0,can_473_tall,insert,300.8,True,720.7,76.1,103.1,-89.3,True,0.0,,0.0,,0.0,,0.0,,0.0,,0.0,,0.0,,0.0,,True
,1,1,287.0,can_473_tall,insert,313.5,True,719.4,76.3,99.4,-85.6,True,0.0,,0.0,,0.0,,0.0,,0.0,,0.0,,0.0,,0.0,,True
,1,1,287.0,can_473_tall,insert,326.2,True,718.1,76.7,95.4,-82.1,True,0.0,,0.0,,0.0,,0.0,,0.0,,0.0,,0.0,,0.0,,True
,1,1,287.0,can_473_tall,insert,339.0,True,716.7,77.3,91.2,-78.5,True,0.0,,0.0,,0.0,,0.0,,0.0,,0.0,,0.0,,0.0,,True
,1,1,287.0,can_473_tall,insert,351.8,True,715.4,78.1,86.8,-74.9,True,0.0,,0.0,,0.0,,0.0,,0.0,,0.0,,0.0,,0.0,,True
,1,1,287.0,can_473_tall,insert,364.5,True,714.0,79.2,82.1,-71.3,True,0.0,,0.0,,0.0,,0.0,,0.0,,0.0,,0.0,,0.0,,True
,1,1,287.0,can_473_tall,lower2,364.5,True,712.0,79.2,82.1,-71.3,True,0.0,,0.0,,0.0,,0.0,,0.0,,0.0,,0.0,,0.0,,True
,1,1,287.0,can_473_tall,release,364.5,True,712.0,79.2,82.1,-71.3,True,0.0,,0.0,,0.0,,0.0,,0.0,,0.0,,0.0,,0.0,,True
,1,1,287.0,can_473_tall,retreat,364.5,True,712.0,79.2,82.1,-71.3,True,0.0,,0.0,,0.0,,0.0,,0.0,,0.0,,0.0,,0.0,,True
,1,1,287.0,can_473_tall,retreat,351.8,True,715.4,78.1,86.8,-74.9,True,0.0,,0.0,,0.0,,0.0,,0.0,,0.0,,0.0,,3565.512,hand_slider_plus,False
,1,1,287.0,can_473_tall,retreat,339.0,True,718.7,77.3,91.2,-78.5,True,0.0,,0.0,,0.0,,0.0,,0.0,,0.0,,0.0,,46438.991,hand_slider_plus,False
,1,1,287.0,can_473_tall,retreat,326.2,True,722.1,76.7,95.4,-82.1,True,0.0,,0.0,,0.0,,0.0,,0.0,,0.0,,0.0,,48305.622,hand_slider_plus,False
,1,1,287.0,can_473_tall,retreat,313.5,True,725.4,76.3,99.4,-85.6,True,0.0,,0.0,,0.0,,0.0,,0.0,,0.0,,0.0,,46223.644,hand_slider_plus,False
,1,1,287.0,can_473_tall,retreat,300.8,True,728.7,76.1,103.1,-89.3,True,0.0,,0.0,,0.0,,0.0,,0.0,,0.0,,0.0,,43409.889,hand_slider_plus,False
,1,1,287.0,can_473_tall,retreat,288.0,True,732.1,76.2,106.7,-92.9,True,0.0,,0.0,,0.0,,0.0,,0.0,,0.0,,0.0,,29330.408,hand_slider_plus,False
,1,1,287.0,can_355_slim,insert,288.0,True,720.4,76.2,106.7,-92.9,True,0.0,,0.0,,0.0,,0.0,,0.0,,0.0,,0.0,,0.0,,True
,1,1,287.0,can_355_slim,insert,300.0,True,719.1,76.1,103.4,-89.5,True,0.0,,0.0,,0.0,,0.0,,0.0,,0.0,,0.0,,0.0,,True
,1,1,287.0,can_355_slim,insert,312.0,True,717.9,76.3,99.8,-86.1,True,0.0,,0.0,,0.0,,0.0,,0.0,,0.0,,0.0,,0.0,,True
,1,1,287.0,can_355_slim,insert,324.0,True,716.6,76.6,96.1,-82.7,True,0.0,,0.0,,0.0,,0.0,,0.0,,0.0,,0.0,,0.0,,True
,1,1,287.0,can_355_slim,insert,336.0,True,715.4,77.1,92.2,-79.3,True,0.0,,0.0,,0.0,,0.0,,0.0,,0.0,,0.0,,0.0,,True
,1,1,287.0,can_355_slim,insert,348.0,True,714.1,77.9,88.1,-76.0,True,0.0,,0.0,,0.0,,0.0,,0.0,,0.0,,0.0,,0.0,,True
,1,1,287.0,can_355_slim,insert,360.0,True,712.8,78.8,83.8,-72.6,True,0.0,,0.0,,0.0,,0.0,,0.0,,0.0,,0.0,,0.0,,True
,1,1,287.0,can_355_slim,lower2,360.0,True,710.8,78.8,83.8,-72.6,True,0.0,,0.0,,0.0,,0.0,,0.0,,0.0,,0.0,,0.0,,True
,1,1,287.0,can_355_slim,release,360.0,True,710.8,78.8,83.8,-72.6,True,0.0,,0.0,,0.0,,0.0,,0.0,,0.0,,0.0,,0.0,,True
,1,1,287.0,can_355_slim,retreat,360.0,True,710.8,78.8,83.8,-72.6,True,0.0,,0.0,,0.0,,0.0,,0.0,,0.0,,0.0,,0.0,,True
,1,1,287.0,can_355_slim,retreat,348.0,True,714.1,77.9,88.1,-76.0,True,0.0,,0.0,,0.0,,0.0,,0.0,,0.0,,0.0,,1811.418,hand_slider_plus,False
,1,1,287.0,can_355_slim,retreat,336.0,True,717.4,77.1,92.2,-79.3,True,0.0,,0.0,,0.0,,0.0,,0.0,,0.0,,0.0,,41581.415,hand_slider_plus,False
,1,1,287.0,can_355_slim,retreat,324.0,True,720.6,76.6,96.1,-82.7,True,0.0,,0.0,,0.0,,0.0,,0.0,,0.0,,0.0,,47535.811,hand_slider_plus,False
,1,1,287.0,can_355_slim,retreat,312.0,True,723.9,76.3,99.8,-86.1,True,0.0,,0.0,,0.0,,0.0,,0.0,,0.0,,0.0,,45601.156,hand_slider_plus,False
,1,1,287.0,can_355_slim,retreat,300.0,True,727.1,76.1,103.4,-89.5,True,0.0,,0.0,,0.0,,0.0,,0.0,,0.0,,0.0,,41605.784,hand_slider_plus,False
,1,1,287.0,can_355_slim,retreat,288.0,True,730.4,76.2,106.7,-92.9,True,0.0,,0.0,,0.0,,0.0,,0.0,,0.0,,0.0,,11540.248,hand_slider_plus,False
,1,1,318.0,can_355_std,insert,288.0,True,723.9,76.2,106.7,-92.9,True,0.0,,0.0,,0.0,,0.0,,0.0,,0.0,,0.0,,0.0,,True
,1,1,318.0,can_355_std,insert,300.8,True,722.5,76.1,103.1,-89.3,True,0.0,,0.0,,0.0,,0.0,,0.0,,0.0,,0.0,,0.0,,True
,1,1,318.0,can_355_std,insert,313.5,True,721.2,76.3,99.4,-85.6,True,0.0,,0.0,,0.0,,0.0,,0.0,,0.0,,0.0,,0.0,,True
,1,1,318.0,can_355_std,insert,326.2,True,719.9,76.7,95.4,-82.1,True,0.0,,0.0,,0.0,,0.0,,0.0,,0.0,,0.0,,0.0,,True
,1,1,318.0,can_355_std,insert,339.0,True,718.5,77.3,91.2,-78.5,True,0.0,,0.0,,0.0,,0.0,,0.0,,0.0,,0.0,,0.0,,True
,1,1,318.0,can_355_std,insert,351.8,True,717.2,78.1,86.8,-74.9,True,0.0,,0.0,,0.0,,0.0,,0.0,,0.0,,0.0,,0.0,,True
,1,1,318.0,can_355_std,insert,364.5,True,715.8,79.2,82.1,-71.3,True,0.0,,0.0,,0.0,,0.0,,0.0,,0.0,,0.0,,0.0,,True
,1,1,318.0,can_355_std,lower2,364.5,True,715.3,79.2,82.1,-71.3,True,0.0,,0.0,,0.0,,0.0,,0.0,,0.0,,0.0,,0.0,,True
,1,1,318.0,can_355_std,release,364.5,True,715.3,79.2,82.1,-71.3,True,0.0,,0.0,,0.0,,0.0,,0.0,,0.0,,0.0,,0.0,,True
,1,1,318.0,can_355_std,retreat,364.5,True,715.3,79.2,82.1,-71.3,True,0.0,,0.0,,0.0,,0.0,,0.0,,0.0,,0.0,,0.0,,True
,1,1,318.0,can_355_std,retreat,351.8,True,718.7,78.1,86.8,-74.9,True,0.0,,0.0,,0.0,,0.0,,0.0,,0.0,,0.0,,3402.155,hand_slider_plus,False
,1,1,318.0,can_355_std,retreat,339.0,True,722.0,77.3,91.2,-78.5,True,0.0,,0.0,,0.0,,0.0,,0.0,,0.0,,0.0,,43595.779,hand_slider_plus,False
,1,1,318.0,can_355_std,retreat,326.2,True,725.4,76.7,95.4,-82.1,True,0.0,,0.0,,0.0,,0.0,,0.0,,0.0,,0.0,,44777.145,hand_slider_plus,False
,1,1,318.0,can_355_std,retreat,313.5,True,728.7,76.3,99.4,-85.6,True,0.0,,0.0,,0.0,,0.0,,0.0,,0.0,,0.0,,42696.279,hand_slider_plus,False
,1,1,318.0,can_355_std,retreat,300.8,True,732.0,76.1,103.1,-89.3,True,0.0,,0.0,,0.0,,0.0,,0.0,,0.0,,0.0,,40179.868,hand_slider_plus,False
,1,1,318.0,can_355_std,retreat,288.0,True,735.4,76.2,106.7,-92.9,True,0.0,,0.0,,0.0,,0.0,,0.0,,0.0,,0.0,,27222.168,hand_slider_plus,False
,1,1,318.0,can_473_tall,insert,288.0,True,753.1,76.2,106.7,-92.9,True,0.0,,0.0,,0.0,,0.0,,0.0,,0.0,,0.0,,0.0,,True
,1,1,318.0,can_473_tall,insert,300.8,True,751.7,76.1,103.1,-89.3,True,0.0,,0.0,,0.0,,0.0,,0.0,,0.0,,0.0,,0.0,,True
,1,1,318.0,can_473_tall,insert,313.5,True,750.4,76.3,99.4,-85.6,True,0.0,,0.0,,0.0,,0.0,,0.0,,0.0,,0.0,,0.0,,True
,1,1,318.0,can_473_tall,insert,326.2,True,749.1,76.7,95.4,-82.1,True,0.0,,0.0,,0.0,,0.0,,0.0,,0.0,,0.0,,0.0,,True
,1,1,318.0,can_473_tall,insert,339.0,True,747.7,77.3,91.2,-78.5,True,0.0,,0.0,,0.0,,0.0,,0.0,,0.0,,0.0,,0.0,,True
,1,1,318.0,can_473_tall,insert,351.8,True,746.4,78.1,86.8,-74.9,True,0.0,,0.0,,0.0,,0.0,,0.0,,0.0,,0.0,,0.0,,True
,1,1,318.0,can_473_tall,insert,364.5,True,745.0,79.2,82.1,-71.3,True,0.0,,0.0,,0.0,,0.0,,0.0,,0.0,,0.0,,0.0,,True
,1,1,318.0,can_473_tall,lower2,364.5,True,743.0,79.2,82.1,-71.3,True,0.0,,0.0,,0.0,,0.0,,0.0,,0.0,,0.0,,0.0,,True
,1,1,318.0,can_473_tall,release,364.5,True,743.0,79.2,82.1,-71.3,True,0.0,,0.0,,0.0,,0.0,,0.0,,0.0,,0.0,,0.0,,True
,1,1,318.0,can_473_tall,retreat,364.5,True,743.0,79.2,82.1,-71.3,True,0.0,,0.0,,0.0,,0.0,,0.0,,0.0,,0.0,,0.0,,True
,1,1,318.0,can_473_tall,retreat,351.8,True,746.4,78.1,86.8,-74.9,True,0.0,,0.0,,0.0,,0.0,,0.0,,0.0,,0.0,,3565.512,hand_slider_plus,False
,1,1,318.0,can_473_tall,retreat,339.0,True,749.7,77.3,91.2,-78.5,True,0.0,,0.0,,0.0,,0.0,,0.0,,0.0,,0.0,,46438.991,hand_slider_plus,False
,1,1,318.0,can_473_tall,retreat,326.2,True,753.1,76.7,95.4,-82.1,True,0.0,,0.0,,0.0,,0.0,,0.0,,0.0,,0.0,,48305.622,hand_slider_plus,False
,1,1,318.0,can_473_tall,retreat,313.5,True,756.4,76.3,99.4,-85.6,True,0.0,,0.0,,0.0,,0.0,,0.0,,0.0,,0.0,,46223.644,hand_slider_plus,False
,1,1,318.0,can_473_tall,retreat,300.8,True,759.7,76.1,103.1,-89.3,True,0.0,,0.0,,0.0,,0.0,,0.0,,0.0,,0.0,,43409.889,hand_slider_plus,False
,1,1,318.0,can_473_tall,retreat,288.0,True,763.1,76.2,106.7,-92.9,True,0.0,,0.0,,0.0,,0.0,,0.0,,0.0,,0.0,,29330.408,hand_slider_plus,False
,1,1,318.0,can_355_slim,insert,288.0,True,751.4,76.2,106.7,-92.9,True,0.0,,0.0,,0.0,,0.0,,0.0,,0.0,,0.0,,0.0,,True
,1,1,318.0,can_355_slim,insert,300.0,True,750.1,76.1,103.4,-89.5,True,0.0,,0.0,,0.0,,0.0,,0.0,,0.0,,0.0,,0.0,,True
,1,1,318.0,can_355_slim,insert,312.0,True,748.9,76.3,99.8,-86.1,True,0.0,,0.0,,0.0,,0.0,,0.0,,0.0,,0.0,,0.0,,True
,1,1,318.0,can_355_slim,insert,324.0,True,747.6,76.6,96.1,-82.7,True,0.0,,0.0,,0.0,,0.0,,0.0,,0.0,,0.0,,0.0,,True
,1,1,318.0,can_355_slim,insert,336.0,True,746.4,77.1,92.2,-79.3,True,0.0,,0.0,,0.0,,0.0,,0.0,,0.0,,0.0,,0.0,,True
,1,1,318.0,can_355_slim,insert,348.0,True,745.1,77.9,88.1,-76.0,True,0.0,,0.0,,0.0,,0.0,,0.0,,0.0,,0.0,,0.0,,True
,1,1,318.0,can_355_slim,insert,360.0,True,743.8,78.8,83.8,-72.6,True,0.0,,0.0,,0.0,,0.0,,0.0,,0.0,,0.0,,0.0,,True
,1,1,318.0,can_355_slim,lower2,360.0,True,741.8,78.8,83.8,-72.6,True,0.0,,0.0,,0.0,,0.0,,0.0,,0.0,,0.0,,0.0,,True
,1,1,318.0,can_355_slim,release,360.0,True,741.8,78.8,83.8,-72.6,True,0.0,,0.0,,0.0,,0.0,,0.0,,0.0,,0.0,,0.0,,True
,1,1,318.0,can_355_slim,retreat,360.0,True,741.8,78.8,83.8,-72.6,True,0.0,,0.0,,0.0,,0.0,,0.0,,0.0,,0.0,,0.0,,True
,1,1,318.0,can_355_slim,retreat,348.0,True,745.1,77.9,88.1,-76.0,True,0.0,,0.0,,0.0,,0.0,,0.0,,0.0,,0.0,,1811.418,hand_slider_plus,False
,1,1,318.0,can_355_slim,retreat,336.0,True,748.4,77.1,92.2,-79.3,True,0.0,,0.0,,0.0,,0.0,,0.0,,0.0,,0.0,,41581.415,hand_slider_plus,False
,1,1,318.0,can_355_slim,retreat,324.0,True,751.6,76.6,96.1,-82.7,True,0.0,,0.0,,0.0,,0.0,,0.0,,0.0,,0.0,,47535.811,hand_slider_plus,False
,1,1,318.0,can_355_slim,retreat,312.0,True,754.9,76.3,99.8,-86.1,True,0.0,,0.0,,0.0,,0.0,,0.0,,0.0,,0.0,,45601.151,hand_slider_plus,False
,1,1,318.0,can_355_slim,retreat,300.0,True,758.1,76.1,103.4,-89.5,True,0.0,,0.0,,0.0,,0.0,,0.0,,0.0,,0.0,,41605.788,hand_slider_plus,False
,1,1,318.0,can_355_slim,retreat,288.0,True,761.4,76.2,106.7,-92.9,True,0.0,,0.0,,0.0,,0.0,,0.0,,0.0,,0.0,,11540.248,hand_slider_plus,False
,3,0,287.0,can_355_std,insert,288.0,True,405.9,27.4,125.2,-62.6,True,0.0,,0.0,,0.0,,0.0,,0.0,,0.0,,0.0,,0.0,,True
,3,0,287.0,can_355_std,insert,300.8,True,404.5,29.5,121.1,-60.5,True,0.0,,0.0,,0.0,,0.0,,0.0,,0.0,,0.0,,0.0,,True
,3,0,287.0,can_355_std,insert,313.5,True,403.2,31.6,116.8,-58.4,True,0.0,,0.0,,0.0,,0.0,,0.0,,0.0,,0.0,,0.0,,True
,3,0,287.0,can_355_std,insert,326.2,True,401.9,33.8,112.5,-56.2,True,0.0,,0.0,,0.0,,0.0,,0.0,,0.0,,0.0,,0.0,,True
,3,0,287.0,can_355_std,insert,339.0,True,400.5,36.0,108.0,-54.0,True,0.0,,0.0,,0.0,,0.0,,0.0,,0.0,,0.0,,0.0,,True
,3,0,287.0,can_355_std,insert,351.8,True,399.2,38.3,103.5,-51.7,True,0.0,,0.0,,0.0,,0.0,,0.0,,0.0,,0.0,,0.0,,True
,3,0,287.0,can_355_std,insert,364.5,True,397.8,40.6,98.7,-49.4,True,0.0,,0.0,,0.0,,0.0,,0.0,,0.0,,0.0,,0.0,,True
,3,0,287.0,can_355_std,lower2,364.5,True,397.3,40.6,98.7,-49.4,True,0.0,,0.0,,0.0,,0.0,,0.0,,0.0,,0.0,,0.0,,True
,3,0,287.0,can_355_std,release,364.5,True,397.3,40.6,98.7,-49.4,True,0.0,,0.0,,0.0,,0.0,,0.0,,0.0,,0.0,,0.0,,True
,3,0,287.0,can_355_std,retreat,364.5,True,397.3,40.6,98.7,-49.4,True,0.0,,0.0,,0.0,,0.0,,0.0,,0.0,,0.0,,0.0,,True
,3,0,287.0,can_355_std,retreat,351.8,True,400.7,38.3,103.5,-51.7,True,0.0,,0.0,,0.0,,0.0,,0.0,,0.0,,0.0,,3402.155,hand_slider_plus,False
,3,0,287.0,can_355_std,retreat,339.0,True,404.0,36.0,108.0,-54.0,True,0.0,,0.0,,0.0,,0.0,,0.0,,0.0,,0.0,,43595.776,hand_slider_plus,False
,3,0,287.0,can_355_std,retreat,326.2,True,407.4,33.8,112.5,-56.2,True,0.0,,0.0,,0.0,,0.0,,0.0,,0.0,,0.0,,44777.15,hand_slider_plus,False
,3,0,287.0,can_355_std,retreat,313.5,True,410.7,31.6,116.8,-58.4,True,0.0,,0.0,,0.0,,0.0,,0.0,,0.0,,0.0,,42696.272,hand_slider_plus,False
,3,0,287.0,can_355_std,retreat,300.8,True,414.0,29.5,121.1,-60.5,True,0.0,,0.0,,0.0,,0.0,,0.0,,0.0,,0.0,,40179.859,hand_slider_plus,False
,3,0,287.0,can_355_std,retreat,288.0,True,417.4,27.4,125.2,-62.6,True,0.0,,0.0,,0.0,,0.0,,0.0,,0.0,,0.0,,27222.161,hand_slider_plus,False
,3,0,287.0,can_473_tall,insert,288.0,True,435.1,27.4,125.2,-62.6,True,0.0,,0.0,,0.0,,0.0,,0.0,,0.0,,0.0,,0.0,,True
,3,0,287.0,can_473_tall,insert,300.8,True,433.7,29.5,121.1,-60.5,True,0.0,,0.0,,0.0,,0.0,,0.0,,0.0,,0.0,,0.0,,True
,3,0,287.0,can_473_tall,insert,313.5,True,432.4,31.6,116.8,-58.4,True,0.0,,0.0,,0.0,,0.0,,0.0,,0.0,,0.0,,0.0,,True
,3,0,287.0,can_473_tall,insert,326.2,True,431.1,33.8,112.5,-56.2,True,0.0,,0.0,,0.0,,0.0,,0.0,,0.0,,0.0,,0.0,,True
,3,0,287.0,can_473_tall,insert,339.0,True,429.7,36.0,108.0,-54.0,True,0.0,,0.0,,0.0,,0.0,,0.0,,0.0,,0.0,,0.0,,True
,3,0,287.0,can_473_tall,insert,351.8,True,428.4,38.3,103.5,-51.7,True,0.0,,0.0,,0.0,,0.0,,0.0,,0.0,,0.0,,0.0,,True
,3,0,287.0,can_473_tall,insert,364.5,True,427.0,40.6,98.7,-49.4,True,0.0,,0.0,,0.0,,0.0,,0.0,,0.0,,0.0,,0.0,,True
,3,0,287.0,can_473_tall,lower2,364.5,True,425.0,40.6,98.7,-49.4,True,0.0,,0.0,,0.0,,0.0,,0.0,,0.0,,0.0,,0.0,,True
,3,0,287.0,can_473_tall,release,364.5,True,425.0,40.6,98.7,-49.4,True,0.0,,0.0,,0.0,,0.0,,0.0,,0.0,,0.0,,0.0,,True
,3,0,287.0,can_473_tall,retreat,364.5,True,425.0,40.6,98.7,-49.4,True,0.0,,0.0,,0.0,,0.0,,0.0,,0.0,,0.0,,0.0,,True
,3,0,287.0,can_473_tall,retreat,351.8,True,428.4,38.3,103.5,-51.7,True,0.0,,0.0,,0.0,,0.0,,0.0,,0.0,,0.0,,3565.512,hand_slider_plus,False
,3,0,287.0,can_473_tall,retreat,339.0,True,431.7,36.0,108.0,-54.0,True,0.0,,0.0,,0.0,,0.0,,0.0,,0.0,,0.0,,46438.987,hand_slider_plus,False
,3,0,287.0,can_473_tall,retreat,326.2,True,435.1,33.8,112.5,-56.2,True,0.0,,0.0,,0.0,,0.0,,0.0,,0.0,,0.0,,48305.63,hand_slider_plus,False
,3,0,287.0,can_473_tall,retreat,313.5,True,438.4,31.6,116.8,-58.4,True,0.0,,0.0,,0.0,,0.0,,0.0,,0.0,,0.0,,46223.646,hand_slider_plus,False
,3,0,287.0,can_473_tall,retreat,300.8,True,441.7,29.5,121.1,-60.5,True,0.0,,0.0,,0.0,,0.0,,0.0,,0.0,,0.0,,43409.897,hand_slider_plus,False
,3,0,287.0,can_473_tall,retreat,288.0,True,445.1,27.4,125.2,-62.6,True,0.0,,0.0,,0.0,,0.0,,0.0,,0.0,,0.0,,29330.409,hand_slider_plus,False
,3,0,287.0,can_355_slim,insert,288.0,True,433.4,27.4,125.2,-62.6,True,0.0,,0.0,,0.0,,0.0,,0.0,,0.0,,0.0,,0.0,,True
,3,0,287.0,can_355_slim,insert,300.0,True,432.1,29.3,121.3,-60.7,True,0.0,,0.0,,0.0,,0.0,,0.0,,0.0,,0.0,,0.0,,True
,3,0,287.0,can_355_slim,insert,312.0,True,430.9,31.3,117.3,-58.7,True,0.0,,0.0,,0.0,,0.0,,0.0,,0.0,,0.0,,0.0,,True
,3,0,287.0,can_355_slim,insert,324.0,True,429.6,33.4,113.3,-56.6,True,0.0,,0.0,,0.0,,0.0,,0.0,,0.0,,0.0,,0.0,,True
,3,0,287.0,can_355_slim,insert,336.0,True,428.4,35.5,109.1,-54.5,True,0.0,,0.0,,0.0,,0.0,,0.0,,0.0,,0.0,,0.0,,True
,3,0,287.0,can_355_slim,insert,348.0,True,427.1,37.6,104.8,-52.4,True,0.0,,0.0,,0.0,,0.0,,0.0,,0.0,,0.0,,0.0,,True
,3,0,287.0,can_355_slim,insert,360.0,True,425.8,39.8,100.4,-50.2,True,0.0,,0.0,,0.0,,0.0,,0.0,,0.0,,0.0,,0.0,,True
,3,0,287.0,can_355_slim,lower2,360.0,True,423.8,39.8,100.4,-50.2,True,0.0,,0.0,,0.0,,0.0,,0.0,,0.0,,0.0,,0.0,,True
,3,0,287.0,can_355_slim,release,360.0,True,423.8,39.8,100.4,-50.2,True,0.0,,0.0,,0.0,,0.0,,0.0,,0.0,,0.0,,0.0,,True
,3,0,287.0,can_355_slim,retreat,360.0,True,423.8,39.8,100.4,-50.2,True,0.0,,0.0,,0.0,,0.0,,0.0,,0.0,,0.0,,0.0,,True
,3,0,287.0,can_355_slim,retreat,348.0,True,427.1,37.6,104.8,-52.4,True,0.0,,0.0,,0.0,,0.0,,0.0,,0.0,,0.0,,1811.417,hand_slider_plus,False
,3,0,287.0,can_355_slim,retreat,336.0,True,430.4,35.5,109.1,-54.5,True,0.0,,0.0,,0.0,,0.0,,0.0,,0.0,,0.0,,41581.415,hand_slider_plus,False
,3,0,287.0,can_355_slim,retreat,324.0,True,433.6,33.4,113.3,-56.6,True,0.0,,0.0,,0.0,,0.0,,0.0,,0.0,,0.0,,47535.819,hand_slider_plus,False
,3,0,287.0,can_355_slim,retreat,312.0,True,436.9,31.3,117.3,-58.7,True,0.0,,0.0,,0.0,,0.0,,0.0,,0.0,,0.0,,45601.163,hand_slider_plus,False
,3,0,287.0,can_355_slim,retreat,300.0,True,440.1,29.3,121.3,-60.7,True,0.0,,0.0,,0.0,,0.0,,0.0,,0.0,,0.0,,41605.79,hand_slider_plus,False
,3,0,287.0,can_355_slim,retreat,288.0,True,443.4,27.4,125.2,-62.6,True,0.0,,0.0,,0.0,,0.0,,0.0,,0.0,,0.0,,11540.247,hand_slider_plus,False
,3,0,318.0,can_355_std,insert,288.0,True,405.9,27.4,125.2,-62.6,True,0.0,,0.0,,0.0,,0.0,,0.0,,0.0,,0.0,,0.0,,True
,3,0,318.0,can_355_std,insert,300.8,True,404.5,29.5,121.1,-60.5,True,0.0,,0.0,,0.0,,0.0,,0.0,,0.0,,0.0,,0.0,,True
,3,0,318.0,can_355_std,insert,313.5,True,403.2,31.6,116.8,-58.4,True,0.0,,0.0,,0.0,,0.0,,0.0,,0.0,,0.0,,0.0,,True
,3,0,318.0,can_355_std,insert,326.2,True,401.9,33.8,112.5,-56.2,True,0.0,,0.0,,0.0,,0.0,,0.0,,0.0,,0.0,,0.0,,True
,3,0,318.0,can_355_std,insert,339.0,True,400.5,36.0,108.0,-54.0,True,0.0,,0.0,,0.0,,0.0,,0.0,,0.0,,0.0,,0.0,,True
,3,0,318.0,can_355_std,insert,351.8,True,399.2,38.3,103.5,-51.7,True,0.0,,0.0,,0.0,,0.0,,0.0,,0.0,,0.0,,0.0,,True
,3,0,318.0,can_355_std,insert,364.5,True,397.8,40.6,98.7,-49.4,True,0.0,,0.0,,0.0,,0.0,,0.0,,0.0,,0.0,,0.0,,True
,3,0,318.0,can_355_std,lower2,364.5,True,397.3,40.6,98.7,-49.4,True,0.0,,0.0,,0.0,,0.0,,0.0,,0.0,,0.0,,0.0,,True
,3,0,318.0,can_355_std,release,364.5,True,397.3,40.6,98.7,-49.4,True,0.0,,0.0,,0.0,,0.0,,0.0,,0.0,,0.0,,0.0,,True
,3,0,318.0,can_355_std,retreat,364.5,True,397.3,40.6,98.7,-49.4,True,0.0,,0.0,,0.0,,0.0,,0.0,,0.0,,0.0,,0.0,,True
,3,0,318.0,can_355_std,retreat,351.8,True,400.7,38.3,103.5,-51.7,True,0.0,,0.0,,0.0,,0.0,,0.0,,0.0,,0.0,,3402.155,hand_slider_plus,False
,3,0,318.0,can_355_std,retreat,339.0,True,404.0,36.0,108.0,-54.0,True,0.0,,0.0,,0.0,,0.0,,0.0,,0.0,,0.0,,43595.776,hand_slider_plus,False
,3,0,318.0,can_355_std,retreat,326.2,True,407.4,33.8,112.5,-56.2,True,0.0,,0.0,,0.0,,0.0,,0.0,,0.0,,0.0,,44777.15,hand_slider_plus,False
,3,0,318.0,can_355_std,retreat,313.5,True,410.7,31.6,116.8,-58.4,True,0.0,,0.0,,0.0,,0.0,,0.0,,0.0,,0.0,,42696.272,hand_slider_plus,False
,3,0,318.0,can_355_std,retreat,300.8,True,414.0,29.5,121.1,-60.5,True,0.0,,0.0,,0.0,,0.0,,0.0,,0.0,,0.0,,40179.859,hand_slider_plus,False
,3,0,318.0,can_355_std,retreat,288.0,True,417.4,27.4,125.2,-62.6,True,0.0,,0.0,,0.0,,0.0,,0.0,,0.0,,0.0,,27222.161,hand_slider_plus,False
,3,0,318.0,can_473_tall,insert,288.0,True,435.1,27.4,125.2,-62.6,True,0.0,,0.0,,0.0,,0.0,,0.0,,0.0,,0.0,,0.0,,True
,3,0,318.0,can_473_tall,insert,300.8,True,433.7,29.5,121.1,-60.5,True,0.0,,0.0,,0.0,,0.0,,0.0,,0.0,,0.0,,0.0,,True
,3,0,318.0,can_473_tall,insert,313.5,True,432.4,31.6,116.8,-58.4,True,0.0,,0.0,,0.0,,0.0,,0.0,,0.0,,0.0,,0.0,,True
,3,0,318.0,can_473_tall,insert,326.2,True,431.1,33.8,112.5,-56.2,True,0.0,,0.0,,0.0,,0.0,,0.0,,0.0,,0.0,,0.0,,True
,3,0,318.0,can_473_tall,insert,339.0,True,429.7,36.0,108.0,-54.0,True,0.0,,0.0,,0.0,,0.0,,0.0,,0.0,,0.0,,0.0,,True
,3,0,318.0,can_473_tall,insert,351.8,True,428.4,38.3,103.5,-51.7,True,0.0,,0.0,,0.0,,0.0,,0.0,,0.0,,0.0,,0.0,,True
,3,0,318.0,can_473_tall,insert,364.5,True,427.0,40.6,98.7,-49.4,True,0.0,,0.0,,0.0,,0.0,,0.0,,0.0,,0.0,,0.0,,True
,3,0,318.0,can_473_tall,lower2,364.5,True,425.0,40.6,98.7,-49.4,True,0.0,,0.0,,0.0,,0.0,,0.0,,0.0,,0.0,,0.0,,True
,3,0,318.0,can_473_tall,release,364.5,True,425.0,40.6,98.7,-49.4,True,0.0,,0.0,,0.0,,0.0,,0.0,,0.0,,0.0,,0.0,,True
,3,0,318.0,can_473_tall,retreat,364.5,True,425.0,40.6,98.7,-49.4,True,0.0,,0.0,,0.0,,0.0,,0.0,,0.0,,0.0,,0.0,,True
,3,0,318.0,can_473_tall,retreat,351.8,True,428.4,38.3,103.5,-51.7,True,0.0,,0.0,,0.0,,0.0,,0.0,,0.0,,0.0,,3565.512,hand_slider_plus,False
,3,0,318.0,can_473_tall,retreat,339.0,True,431.7,36.0,108.0,-54.0,True,0.0,,0.0,,0.0,,0.0,,0.0,,0.0,,0.0,,46438.987,hand_slider_plus,False
,3,0,318.0,can_473_tall,retreat,326.2,True,435.1,33.8,112.5,-56.2,True,0.0,,0.0,,0.0,,0.0,,0.0,,0.0,,0.0,,48305.63,hand_slider_plus,False
,3,0,318.0,can_473_tall,retreat,313.5,True,438.4,31.6,116.8,-58.4,True,0.0,,0.0,,0.0,,0.0,,0.0,,0.0,,0.0,,46223.646,hand_slider_plus,False
,3,0,318.0,can_473_tall,retreat,300.8,True,441.7,29.5,121.1,-60.5,True,0.0,,0.0,,0.0,,0.0,,0.0,,0.0,,0.0,,43409.897,hand_slider_plus,False
,3,0,318.0,can_473_tall,retreat,288.0,True,445.1,27.4,125.2,-62.6,True,0.0,,0.0,,0.0,,0.0,,0.0,,0.0,,0.0,,29330.409,hand_slider_plus,False
,3,0,318.0,can_355_slim,insert,288.0,True,433.4,27.4,125.2,-62.6,True,0.0,,0.0,,0.0,,0.0,,0.0,,0.0,,0.0,,0.0,,True
,3,0,318.0,can_355_slim,insert,300.0,True,432.1,29.3,121.3,-60.7,True,0.0,,0.0,,0.0,,0.0,,0.0,,0.0,,0.0,,0.0,,True
,3,0,318.0,can_355_slim,insert,312.0,True,430.9,31.3,117.3,-58.7,True,0.0,,0.0,,0.0,,0.0,,0.0,,0.0,,0.0,,0.0,,True
,3,0,318.0,can_355_slim,insert,324.0,True,429.6,33.4,113.3,-56.6,True,0.0,,0.0,,0.0,,0.0,,0.0,,0.0,,0.0,,0.0,,True
,3,0,318.0,can_355_slim,insert,336.0,True,428.4,35.5,109.1,-54.5,True,0.0,,0.0,,0.0,,0.0,,0.0,,0.0,,0.0,,0.0,,True
,3,0,318.0,can_355_slim,insert,348.0,True,427.1,37.6,104.8,-52.4,True,0.0,,0.0,,0.0,,0.0,,0.0,,0.0,,0.0,,0.0,,True
,3,0,318.0,can_355_slim,insert,360.0,True,425.8,39.8,100.4,-50.2,True,0.0,,0.0,,0.0,,0.0,,0.0,,0.0,,0.0,,0.0,,True
,3,0,318.0,can_355_slim,lower2,360.0,True,423.8,39.8,100.4,-50.2,True,0.0,,0.0,,0.0,,0.0,,0.0,,0.0,,0.0,,0.0,,True
,3,0,318.0,can_355_slim,release,360.0,True,423.8,39.8,100.4,-50.2,True,0.0,,0.0,,0.0,,0.0,,0.0,,0.0,,0.0,,0.0,,True
,3,0,318.0,can_355_slim,retreat,360.0,True,423.8,39.8,100.4,-50.2,True,0.0,,0.0,,0.0,,0.0,,0.0,,0.0,,0.0,,0.0,,True
,3,0,318.0,can_355_slim,retreat,348.0,True,427.1,37.6,104.8,-52.4,True,0.0,,0.0,,0.0,,0.0,,0.0,,0.0,,0.0,,1811.417,hand_slider_plus,False
,3,0,318.0,can_355_slim,retreat,336.0,True,430.4,35.5,109.1,-54.5,True,0.0,,0.0,,0.0,,0.0,,0.0,,0.0,,0.0,,41581.415,hand_slider_plus,False
,3,0,318.0,can_355_slim,retreat,324.0,True,433.6,33.4,113.3,-56.6,True,0.0,,0.0,,0.0,,0.0,,0.0,,0.0,,0.0,,47535.819,hand_slider_plus,False
,3,0,318.0,can_355_slim,retreat,312.0,True,436.9,31.3,117.3,-58.7,True,0.0,,0.0,,0.0,,0.0,,0.0,,0.0,,0.0,,45601.163,hand_slider_plus,False
,3,0,318.0,can_355_slim,retreat,300.0,True,440.1,29.3,121.3,-60.7,True,0.0,,0.0,,0.0,,0.0,,0.0,,0.0,,0.0,,41605.79,hand_slider_plus,False
,3,0,318.0,can_355_slim,retreat,288.0,True,443.4,27.4,125.2,-62.6,True,0.0,,0.0,,0.0,,0.0,,0.0,,0.0,,0.0,,11540.247,hand_slider_plus,False
,3,1,287.0,can_355_std,insert,288.0,True,692.9,27.4,125.2,-62.6,True,0.0,,0.0,,0.0,,0.0,,0.0,,0.0,,0.0,,0.0,,True
,3,1,287.0,can_355_std,insert,300.8,True,691.5,29.5,121.1,-60.5,True,0.0,,0.0,,0.0,,0.0,,0.0,,0.0,,0.0,,0.0,,True
,3,1,287.0,can_355_std,insert,313.5,True,690.2,31.6,116.8,-58.4,True,0.0,,0.0,,0.0,,0.0,,0.0,,0.0,,0.0,,0.0,,True
,3,1,287.0,can_355_std,insert,326.2,True,688.9,33.8,112.5,-56.2,True,0.0,,0.0,,0.0,,0.0,,0.0,,0.0,,0.0,,0.0,,True
,3,1,287.0,can_355_std,insert,339.0,True,687.5,36.0,108.0,-54.0,True,0.0,,0.0,,0.0,,0.0,,0.0,,0.0,,0.0,,0.0,,True
,3,1,287.0,can_355_std,insert,351.8,True,686.2,38.3,103.5,-51.7,True,0.0,,0.0,,0.0,,0.0,,0.0,,0.0,,0.0,,0.0,,True
,3,1,287.0,can_355_std,insert,364.5,True,684.8,40.6,98.7,-49.4,True,0.0,,0.0,,0.0,,0.0,,0.0,,0.0,,0.0,,0.0,,True
,3,1,287.0,can_355_std,lower2,364.5,True,684.3,40.6,98.7,-49.4,True,0.0,,0.0,,0.0,,0.0,,0.0,,0.0,,0.0,,0.0,,True
,3,1,287.0,can_355_std,release,364.5,True,684.3,40.6,98.7,-49.4,True,0.0,,0.0,,0.0,,0.0,,0.0,,0.0,,0.0,,0.0,,True
,3,1,287.0,can_355_std,retreat,364.5,True,684.3,40.6,98.7,-49.4,True,0.0,,0.0,,0.0,,0.0,,0.0,,0.0,,0.0,,0.0,,True
,3,1,287.0,can_355_std,retreat,351.8,True,687.7,38.3,103.5,-51.7,True,0.0,,0.0,,0.0,,0.0,,0.0,,0.0,,0.0,,3402.155,hand_slider_plus,False
,3,1,287.0,can_355_std,retreat,339.0,True,691.0,36.0,108.0,-54.0,True,0.0,,0.0,,0.0,,0.0,,0.0,,0.0,,0.0,,43595.789,hand_slider_plus,False
,3,1,287.0,can_355_std,retreat,326.2,True,694.4,33.8,112.5,-56.2,True,0.0,,0.0,,0.0,,0.0,,0.0,,0.0,,0.0,,44777.162,hand_slider_plus,False
,3,1,287.0,can_355_std,retreat,313.5,True,697.7,31.6,116.8,-58.4,True,0.0,,0.0,,0.0,,0.0,,0.0,,0.0,,0.0,,42696.279,hand_slider_plus,False
,3,1,287.0,can_355_std,retreat,300.8,True,701.0,29.5,121.1,-60.5,True,0.0,,0.0,,0.0,,0.0,,0.0,,0.0,,0.0,,40179.876,hand_slider_plus,False
,3,1,287.0,can_355_std,retreat,288.0,True,704.4,27.4,125.2,-62.6,True,0.0,,0.0,,0.0,,0.0,,0.0,,0.0,,0.0,,27222.169,hand_slider_plus,False
,3,1,287.0,can_473_tall,insert,288.0,True,722.1,27.4,125.2,-62.6,True,0.0,,0.0,,0.0,,0.0,,0.0,,0.0,,0.0,,0.0,,True
,3,1,287.0,can_473_tall,insert,300.8,True,720.7,29.5,121.1,-60.5,True,0.0,,0.0,,0.0,,0.0,,0.0,,0.0,,0.0,,0.0,,True
,3,1,287.0,can_473_tall,insert,313.5,True,719.4,31.6,116.8,-58.4,True,0.0,,0.0,,0.0,,0.0,,0.0,,0.0,,0.0,,0.0,,True
,3,1,287.0,can_473_tall,insert,326.2,True,718.1,33.8,112.5,-56.2,True,0.0,,0.0,,0.0,,0.0,,0.0,,0.0,,0.0,,0.0,,True
,3,1,287.0,can_473_tall,insert,339.0,True,716.7,36.0,108.0,-54.0,True,0.0,,0.0,,0.0,,0.0,,0.0,,0.0,,0.0,,0.0,,True
,3,1,287.0,can_473_tall,insert,351.8,True,715.4,38.3,103.5,-51.7,True,0.0,,0.0,,0.0,,0.0,,0.0,,0.0,,0.0,,0.0,,True
,3,1,287.0,can_473_tall,insert,364.5,True,714.0,40.6,98.7,-49.4,True,0.0,,0.0,,0.0,,0.0,,0.0,,0.0,,0.0,,0.0,,True
,3,1,287.0,can_473_tall,lower2,364.5,True,712.0,40.6,98.7,-49.4,True,0.0,,0.0,,0.0,,0.0,,0.0,,0.0,,0.0,,0.0,,True
,3,1,287.0,can_473_tall,release,364.5,True,712.0,40.6,98.7,-49.4,True,0.0,,0.0,,0.0,,0.0,,0.0,,0.0,,0.0,,0.0,,True
,3,1,287.0,can_473_tall,retreat,364.5,True,712.0,40.6,98.7,-49.4,True,0.0,,0.0,,0.0,,0.0,,0.0,,0.0,,0.0,,0.0,,True
,3,1,287.0,can_473_tall,retreat,351.8,True,715.4,38.3,103.5,-51.7,True,0.0,,0.0,,0.0,,0.0,,0.0,,0.0,,0.0,,3565.512,hand_slider_plus,False
,3,1,287.0,can_473_tall,retreat,339.0,True,718.7,36.0,108.0,-54.0,True,0.0,,0.0,,0.0,,0.0,,0.0,,0.0,,0.0,,46438.995,hand_slider_plus,False
,3,1,287.0,can_473_tall,retreat,326.2,True,722.1,33.8,112.5,-56.2,True,0.0,,0.0,,0.0,,0.0,,0.0,,0.0,,0.0,,48305.631,hand_slider_plus,False
,3,1,287.0,can_473_tall,retreat,313.5,True,725.4,31.6,116.8,-58.4,True,0.0,,0.0,,0.0,,0.0,,0.0,,0.0,,0.0,,46223.654,hand_slider_plus,False
,3,1,287.0,can_473_tall,retreat,300.8,True,728.7,29.5,121.1,-60.5,True,0.0,,0.0,,0.0,,0.0,,0.0,,0.0,,0.0,,43409.897,hand_slider_plus,False
,3,1,287.0,can_473_tall,retreat,288.0,True,732.1,27.4,125.2,-62.6,True,0.0,,0.0,,0.0,,0.0,,0.0,,0.0,,0.0,,29330.409,hand_slider_plus,False
,3,1,287.0,can_355_slim,insert,288.0,True,720.4,27.4,125.2,-62.6,True,0.0,,0.0,,0.0,,0.0,,0.0,,0.0,,0.0,,0.0,,True
,3,1,287.0,can_355_slim,insert,300.0,True,719.1,29.3,121.3,-60.7,True,0.0,,0.0,,0.0,,0.0,,0.0,,0.0,,0.0,,0.0,,True
,3,1,287.0,can_355_slim,insert,312.0,True,717.9,31.3,117.3,-58.7,True,0.0,,0.0,,0.0,,0.0,,0.0,,0.0,,0.0,,0.0,,True
,3,1,287.0,can_355_slim,insert,324.0,True,716.6,33.4,113.3,-56.6,True,0.0,,0.0,,0.0,,0.0,,0.0,,0.0,,0.0,,0.0,,True
,3,1,287.0,can_355_slim,insert,336.0,True,715.4,35.5,109.1,-54.5,True,0.0,,0.0,,0.0,,0.0,,0.0,,0.0,,0.0,,0.0,,True
,3,1,287.0,can_355_slim,insert,348.0,True,714.1,37.6,104.8,-52.4,True,0.0,,0.0,,0.0,,0.0,,0.0,,0.0,,0.0,,0.0,,True
,3,1,287.0,can_355_slim,insert,360.0,True,712.8,39.8,100.4,-50.2,True,0.0,,0.0,,0.0,,0.0,,0.0,,0.0,,0.0,,0.0,,True
,3,1,287.0,can_355_slim,lower2,360.0,True,710.8,39.8,100.4,-50.2,True,0.0,,0.0,,0.0,,0.0,,0.0,,0.0,,0.0,,0.0,,True
,3,1,287.0,can_355_slim,release,360.0,True,710.8,39.8,100.4,-50.2,True,0.0,,0.0,,0.0,,0.0,,0.0,,0.0,,0.0,,0.0,,True
,3,1,287.0,can_355_slim,retreat,360.0,True,710.8,39.8,100.4,-50.2,True,0.0,,0.0,,0.0,,0.0,,0.0,,0.0,,0.0,,0.0,,True
,3,1,287.0,can_355_slim,retreat,348.0,True,714.1,37.6,104.8,-52.4,True,0.0,,0.0,,0.0,,0.0,,0.0,,0.0,,0.0,,1811.417,hand_slider_plus,False
,3,1,287.0,can_355_slim,retreat,336.0,True,717.4,35.5,109.1,-54.5,True,0.0,,0.0,,0.0,,0.0,,0.0,,0.0,,0.0,,41581.418,hand_slider_plus,False
,3,1,287.0,can_355_slim,retreat,324.0,True,720.6,33.4,113.3,-56.6,True,0.0,,0.0,,0.0,,0.0,,0.0,,0.0,,0.0,,47535.82,hand_slider_plus,False
,3,1,287.0,can_355_slim,retreat,312.0,True,723.9,31.3,117.3,-58.7,True,0.0,,0.0,,0.0,,0.0,,0.0,,0.0,,0.0,,45601.164,hand_slider_plus,False
,3,1,287.0,can_355_slim,retreat,300.0,True,727.1,29.3,121.3,-60.7,True,0.0,,0.0,,0.0,,0.0,,0.0,,0.0,,0.0,,41605.792,hand_slider_plus,False
,3,1,287.0,can_355_slim,retreat,288.0,True,730.4,27.4,125.2,-62.6,True,0.0,,0.0,,0.0,,0.0,,0.0,,0.0,,0.0,,11540.247,hand_slider_plus,False
,3,1,318.0,can_355_std,insert,288.0,True,723.9,27.4,125.2,-62.6,True,0.0,,0.0,,0.0,,0.0,,0.0,,0.0,,0.0,,0.0,,True
,3,1,318.0,can_355_std,insert,300.8,True,722.5,29.5,121.1,-60.5,True,0.0,,0.0,,0.0,,0.0,,0.0,,0.0,,0.0,,0.0,,True
,3,1,318.0,can_355_std,insert,313.5,True,721.2,31.6,116.8,-58.4,True,0.0,,0.0,,0.0,,0.0,,0.0,,0.0,,0.0,,0.0,,True
,3,1,318.0,can_355_std,insert,326.2,True,719.9,33.8,112.5,-56.2,True,0.0,,0.0,,0.0,,0.0,,0.0,,0.0,,0.0,,0.0,,True
,3,1,318.0,can_355_std,insert,339.0,True,718.5,36.0,108.0,-54.0,True,0.0,,0.0,,0.0,,0.0,,0.0,,0.0,,0.0,,0.0,,True
,3,1,318.0,can_355_std,insert,351.8,True,717.2,38.3,103.5,-51.7,True,0.0,,0.0,,0.0,,0.0,,0.0,,0.0,,0.0,,0.0,,True
,3,1,318.0,can_355_std,insert,364.5,True,715.8,40.6,98.7,-49.4,True,0.0,,0.0,,0.0,,0.0,,0.0,,0.0,,0.0,,0.0,,True
,3,1,318.0,can_355_std,lower2,364.5,True,715.3,40.6,98.7,-49.4,True,0.0,,0.0,,0.0,,0.0,,0.0,,0.0,,0.0,,0.0,,True
,3,1,318.0,can_355_std,release,364.5,True,715.3,40.6,98.7,-49.4,True,0.0,,0.0,,0.0,,0.0,,0.0,,0.0,,0.0,,0.0,,True
,3,1,318.0,can_355_std,retreat,364.5,True,715.3,40.6,98.7,-49.4,True,0.0,,0.0,,0.0,,0.0,,0.0,,0.0,,0.0,,0.0,,True
,3,1,318.0,can_355_std,retreat,351.8,True,718.7,38.3,103.5,-51.7,True,0.0,,0.0,,0.0,,0.0,,0.0,,0.0,,0.0,,3402.155,hand_slider_plus,False
,3,1,318.0,can_355_std,retreat,339.0,True,722.0,36.0,108.0,-54.0,True,0.0,,0.0,,0.0,,0.0,,0.0,,0.0,,0.0,,43595.783,hand_slider_plus,False
,3,1,318.0,can_355_std,retreat,326.2,True,725.4,33.8,112.5,-56.2,True,0.0,,0.0,,0.0,,0.0,,0.0,,0.0,,0.0,,44777.154,hand_slider_plus,False
,3,1,318.0,can_355_std,retreat,313.5,True,728.7,31.6,116.8,-58.4,True,0.0,,0.0,,0.0,,0.0,,0.0,,0.0,,0.0,,42696.287,hand_slider_plus,False
,3,1,318.0,can_355_std,retreat,300.8,True,732.0,29.5,121.1,-60.5,True,0.0,,0.0,,0.0,,0.0,,0.0,,0.0,,0.0,,40179.875,hand_slider_plus,False
,3,1,318.0,can_355_std,retreat,288.0,True,735.4,27.4,125.2,-62.6,True,0.0,,0.0,,0.0,,0.0,,0.0,,0.0,,0.0,,27222.169,hand_slider_plus,False
,3,1,318.0,can_473_tall,insert,288.0,True,753.1,27.4,125.2,-62.6,True,0.0,,0.0,,0.0,,0.0,,0.0,,0.0,,0.0,,0.0,,True
,3,1,318.0,can_473_tall,insert,300.8,True,751.7,29.5,121.1,-60.5,True,0.0,,0.0,,0.0,,0.0,,0.0,,0.0,,0.0,,0.0,,True
,3,1,318.0,can_473_tall,insert,313.5,True,750.4,31.6,116.8,-58.4,True,0.0,,0.0,,0.0,,0.0,,0.0,,0.0,,0.0,,0.0,,True
,3,1,318.0,can_473_tall,insert,326.2,True,749.1,33.8,112.5,-56.2,True,0.0,,0.0,,0.0,,0.0,,0.0,,0.0,,0.0,,0.0,,True
,3,1,318.0,can_473_tall,insert,339.0,True,747.7,36.0,108.0,-54.0,True,0.0,,0.0,,0.0,,0.0,,0.0,,0.0,,0.0,,0.0,,True
,3,1,318.0,can_473_tall,insert,351.8,True,746.4,38.3,103.5,-51.7,True,0.0,,0.0,,0.0,,0.0,,0.0,,0.0,,0.0,,0.0,,True
,3,1,318.0,can_473_tall,insert,364.5,True,745.0,40.6,98.7,-49.4,True,0.0,,0.0,,0.0,,0.0,,0.0,,0.0,,0.0,,0.0,,True
,3,1,318.0,can_473_tall,lower2,364.5,True,743.0,40.6,98.7,-49.4,True,0.0,,0.0,,0.0,,0.0,,0.0,,0.0,,0.0,,0.0,,True
,3,1,318.0,can_473_tall,release,364.5,True,743.0,40.6,98.7,-49.4,True,0.0,,0.0,,0.0,,0.0,,0.0,,0.0,,0.0,,0.0,,True
,3,1,318.0,can_473_tall,retreat,364.5,True,743.0,40.6,98.7,-49.4,True,0.0,,0.0,,0.0,,0.0,,0.0,,0.0,,0.0,,0.0,,True
,3,1,318.0,can_473_tall,retreat,351.8,True,746.4,38.3,103.5,-51.7,True,0.0,,0.0,,0.0,,0.0,,0.0,,0.0,,0.0,,3565.512,hand_slider_plus,False
,3,1,318.0,can_473_tall,retreat,339.0,True,749.7,36.0,108.0,-54.0,True,0.0,,0.0,,0.0,,0.0,,0.0,,0.0,,0.0,,46438.995,hand_slider_plus,False
,3,1,318.0,can_473_tall,retreat,326.2,True,753.1,33.8,112.5,-56.2,True,0.0,,0.0,,0.0,,0.0,,0.0,,0.0,,0.0,,48305.631,hand_slider_plus,False
,3,1,318.0,can_473_tall,retreat,313.5,True,756.4,31.6,116.8,-58.4,True,0.0,,0.0,,0.0,,0.0,,0.0,,0.0,,0.0,,46223.654,hand_slider_plus,False
,3,1,318.0,can_473_tall,retreat,300.8,True,759.7,29.5,121.1,-60.5,True,0.0,,0.0,,0.0,,0.0,,0.0,,0.0,,0.0,,43409.897,hand_slider_plus,False
,3,1,318.0,can_473_tall,retreat,288.0,True,763.1,27.4,125.2,-62.6,True,0.0,,0.0,,0.0,,0.0,,0.0,,0.0,,0.0,,29330.409,hand_slider_plus,False
,3,1,318.0,can_355_slim,insert,288.0,True,751.4,27.4,125.2,-62.6,True,0.0,,0.0,,0.0,,0.0,,0.0,,0.0,,0.0,,0.0,,True
,3,1,318.0,can_355_slim,insert,300.0,True,750.1,29.3,121.3,-60.7,True,0.0,,0.0,,0.0,,0.0,,0.0,,0.0,,0.0,,0.0,,True
,3,1,318.0,can_355_slim,insert,312.0,True,748.9,31.3,117.3,-58.7,True,0.0,,0.0,,0.0,,0.0,,0.0,,0.0,,0.0,,0.0,,True
,3,1,318.0,can_355_slim,insert,324.0,True,747.6,33.4,113.3,-56.6,True,0.0,,0.0,,0.0,,0.0,,0.0,,0.0,,0.0,,0.0,,True
,3,1,318.0,can_355_slim,insert,336.0,True,746.4,35.5,109.1,-54.5,True,0.0,,0.0,,0.0,,0.0,,0.0,,0.0,,0.0,,0.0,,True
,3,1,318.0,can_355_slim,insert,348.0,True,745.1,37.6,104.8,-52.4,True,0.0,,0.0,,0.0,,0.0,,0.0,,0.0,,0.0,,0.0,,True
,3,1,318.0,can_355_slim,insert,360.0,True,743.8,39.8,100.4,-50.2,True,0.0,,0.0,,0.0,,0.0,,0.0,,0.0,,0.0,,0.0,,True
,3,1,318.0,can_355_slim,lower2,360.0,True,741.8,39.8,100.4,-50.2,True,0.0,,0.0,,0.0,,0.0,,0.0,,0.0,,0.0,,0.0,,True
,3,1,318.0,can_355_slim,release,360.0,True,741.8,39.8,100.4,-50.2,True,0.0,,0.0,,0.0,,0.0,,0.0,,0.0,,0.0,,0.0,,True
,3,1,318.0,can_355_slim,retreat,360.0,True,741.8,39.8,100.4,-50.2,True,0.0,,0.0,,0.0,,0.0,,0.0,,0.0,,0.0,,0.0,,True
,3,1,318.0,can_355_slim,retreat,348.0,True,745.1,37.6,104.8,-52.4,True,0.0,,0.0,,0.0,,0.0,,0.0,,0.0,,0.0,,1811.417,hand_slider_plus,False
,3,1,318.0,can_355_slim,retreat,336.0,True,748.4,35.5,109.1,-54.5,True,0.0,,0.0,,0.0,,0.0,,0.0,,0.0,,0.0,,41581.418,hand_slider_plus,False
,3,1,318.0,can_355_slim,retreat,324.0,True,751.6,33.4,113.3,-56.6,True,0.0,,0.0,,0.0,,0.0,,0.0,,0.0,,0.0,,47535.82,hand_slider_plus,False
,3,1,318.0,can_355_slim,retreat,312.0,True,754.9,31.3,117.3,-58.7,True,0.0,,0.0,,0.0,,0.0,,0.0,,0.0,,0.0,,45601.158,hand_slider_plus,False
,3,1,318.0,can_355_slim,retreat,300.0,True,758.1,29.3,121.3,-60.7,True,0.0,,0.0,,0.0,,0.0,,0.0,,0.0,,0.0,,41605.796,hand_slider_plus,False
,3,1,318.0,can_355_slim,retreat,288.0,True,761.4,27.4,125.2,-62.6,True,0.0,,0.0,,0.0,,0.0,,0.0,,0.0,,0.0,,11540.247,hand_slider_plus,False
,5,0,287.0,can_355_std,insert,288.0,True,405.9,-2.9,106.7,-13.8,True,0.0,,0.0,,0.0,,0.0,,0.0,,0.0,,0.0,,0.0,,True
,5,0,287.0,can_355_std,insert,300.8,True,404.5,0.7,103.1,-13.9,True,0.0,,0.0,,0.0,,0.0,,0.0,,0.0,,0.0,,0.0,,True
,5,0,287.0,can_355_std,insert,313.5,True,403.2,4.4,99.4,-13.7,True,0.0,,0.0,,0.0,,0.0,,0.0,,0.0,,0.0,,0.0,,True
,5,0,287.0,can_355_std,insert,326.2,True,401.9,7.9,95.4,-13.3,True,0.0,,0.0,,0.0,,0.0,,0.0,,0.0,,0.0,,0.0,,True
,5,0,287.0,can_355_std,insert,339.0,True,400.5,11.5,91.2,-12.7,True,0.0,,0.0,,0.0,,0.0,,0.0,,0.0,,0.0,,0.0,,True
,5,0,287.0,can_355_std,insert,351.8,True,399.2,15.1,86.8,-11.9,True,0.0,,0.0,,0.0,,0.0,,0.0,,0.0,,0.0,,0.0,,True
,5,0,287.0,can_355_std,insert,364.5,True,397.8,18.7,82.1,-10.8,True,0.0,,0.0,,0.0,,0.0,,0.0,,0.0,,0.0,,0.0,,True
,5,0,287.0,can_355_std,lower2,364.5,True,397.3,18.7,82.1,-10.8,True,0.0,,0.0,,0.0,,0.0,,0.0,,0.0,,0.0,,0.0,,True
,5,0,287.0,can_355_std,release,364.5,True,397.3,18.7,82.1,-10.8,True,0.0,,0.0,,0.0,,0.0,,0.0,,0.0,,0.0,,0.0,,True
,5,0,287.0,can_355_std,retreat,364.5,True,397.3,18.7,82.1,-10.8,True,0.0,,0.0,,0.0,,0.0,,0.0,,0.0,,0.0,,0.0,,True
,5,0,287.0,can_355_std,retreat,351.8,True,400.7,15.1,86.8,-11.9,True,0.0,,0.0,,0.0,,0.0,,0.0,,0.0,,0.0,,3402.155,hand_slider_plus,False
,5,0,287.0,can_355_std,retreat,339.0,True,404.0,11.5,91.2,-12.7,True,0.0,,0.0,,0.0,,0.0,,0.0,,0.0,,0.0,,43595.771,hand_slider_plus,False
,5,0,287.0,can_355_std,retreat,326.2,True,407.4,7.9,95.4,-13.3,True,0.0,,0.0,,0.0,,0.0,,0.0,,0.0,,0.0,,44777.143,hand_slider_plus,False
,5,0,287.0,can_355_std,retreat,313.5,True,410.7,4.4,99.4,-13.7,True,0.0,,0.0,,0.0,,0.0,,0.0,,0.0,,0.0,,42696.265,hand_slider_plus,False
,5,0,287.0,can_355_std,retreat,300.8,True,414.0,0.7,103.1,-13.9,True,0.0,,0.0,,0.0,,0.0,,0.0,,0.0,,0.0,,40179.851,hand_slider_plus,False
,5,0,287.0,can_355_std,retreat,288.0,True,417.4,-2.9,106.7,-13.8,True,0.0,,0.0,,0.0,,0.0,,0.0,,0.0,,0.0,,27222.16,hand_slider_plus,False
,5,0,287.0,can_473_tall,insert,288.0,True,435.1,-2.9,106.7,-13.8,True,0.0,,0.0,,0.0,,0.0,,0.0,,0.0,,0.0,,0.0,,True
,5,0,287.0,can_473_tall,insert,300.8,True,433.7,0.7,103.1,-13.9,True,0.0,,0.0,,0.0,,0.0,,0.0,,0.0,,0.0,,0.0,,True
,5,0,287.0,can_473_tall,insert,313.5,True,432.4,4.4,99.4,-13.7,True,0.0,,0.0,,0.0,,0.0,,0.0,,0.0,,0.0,,0.0,,True
,5,0,287.0,can_473_tall,insert,326.2,True,431.1,7.9,95.4,-13.3,True,0.0,,0.0,,0.0,,0.0,,0.0,,0.0,,0.0,,0.0,,True
,5,0,287.0,can_473_tall,insert,339.0,True,429.7,11.5,91.2,-12.7,True,0.0,,0.0,,0.0,,0.0,,0.0,,0.0,,0.0,,0.0,,True
,5,0,287.0,can_473_tall,insert,351.8,True,428.4,15.1,86.8,-11.9,True,0.0,,0.0,,0.0,,0.0,,0.0,,0.0,,0.0,,0.0,,True
,5,0,287.0,can_473_tall,insert,364.5,True,427.0,18.7,82.1,-10.8,True,0.0,,0.0,,0.0,,0.0,,0.0,,0.0,,0.0,,0.0,,True
,5,0,287.0,can_473_tall,lower2,364.5,True,425.0,18.7,82.1,-10.8,True,0.0,,0.0,,0.0,,0.0,,0.0,,0.0,,0.0,,0.0,,True
,5,0,287.0,can_473_tall,release,364.5,True,425.0,18.7,82.1,-10.8,True,0.0,,0.0,,0.0,,0.0,,0.0,,0.0,,0.0,,0.0,,True
,5,0,287.0,can_473_tall,retreat,364.5,True,425.0,18.7,82.1,-10.8,True,0.0,,0.0,,0.0,,0.0,,0.0,,0.0,,0.0,,0.0,,True
,5,0,287.0,can_473_tall,retreat,351.8,True,428.4,15.1,86.8,-11.9,True,0.0,,0.0,,0.0,,0.0,,0.0,,0.0,,0.0,,3565.512,hand_slider_plus,False
,5,0,287.0,can_473_tall,retreat,339.0,True,431.7,11.5,91.2,-12.7,True,0.0,,0.0,,0.0,,0.0,,0.0,,0.0,,0.0,,46438.982,hand_slider_plus,False
,5,0,287.0,can_473_tall,retreat,326.2,True,435.1,7.9,95.4,-13.3,True,0.0,,0.0,,0.0,,0.0,,0.0,,0.0,,0.0,,48305.623,hand_slider_plus,False
,5,0,287.0,can_473_tall,retreat,313.5,True,438.4,4.4,99.4,-13.7,True,0.0,,0.0,,0.0,,0.0,,0.0,,0.0,,0.0,,46223.639,hand_slider_plus,False
,5,0,287.0,can_473_tall,retreat,300.8,True,441.7,0.7,103.1,-13.9,True,0.0,,0.0,,0.0,,0.0,,0.0,,0.0,,0.0,,43409.889,hand_slider_plus,False
,5,0,287.0,can_473_tall,retreat,288.0,True,445.1,-2.9,106.7,-13.8,True,0.0,,0.0,,0.0,,0.0,,0.0,,0.0,,0.0,,29330.408,hand_slider_plus,False
,5,0,287.0,can_355_slim,insert,288.0,True,433.4,-2.9,106.7,-13.8,True,0.0,,0.0,,0.0,,0.0,,0.0,,0.0,,0.0,,0.0,,True
,5,0,287.0,can_355_slim,insert,300.0,True,432.1,0.5,103.4,-13.9,True,0.0,,0.0,,0.0,,0.0,,0.0,,0.0,,0.0,,0.0,,True
,5,0,287.0,can_355_slim,insert,312.0,True,430.9,3.9,99.8,-13.7,True,0.0,,0.0,,0.0,,0.0,,0.0,,0.0,,0.0,,0.0,,True
,5,0,287.0,can_355_slim,insert,324.0,True,429.6,7.3,96.1,-13.4,True,0.0,,0.0,,0.0,,0.0,,0.0,,0.0,,0.0,,0.0,,True
,5,0,287.0,can_355_slim,insert,336.0,True,428.4,10.7,92.2,-12.9,True,0.0,,0.0,,0.0,,0.0,,0.0,,0.0,,0.0,,0.0,,True
,5,0,287.0,can_355_slim,insert,348.0,True,427.1,14.0,88.1,-12.1,True,0.0,,0.0,,0.0,,0.0,,0.0,,0.0,,0.0,,0.0,,True
,5,0,287.0,can_355_slim,insert,360.0,True,425.8,17.4,83.8,-11.2,True,0.0,,0.0,,0.0,,0.0,,0.0,,0.0,,0.0,,0.0,,True
,5,0,287.0,can_355_slim,lower2,360.0,True,423.8,17.4,83.8,-11.2,True,0.0,,0.0,,0.0,,0.0,,0.0,,0.0,,0.0,,0.0,,True
,5,0,287.0,can_355_slim,release,360.0,True,423.8,17.4,83.8,-11.2,True,0.0,,0.0,,0.0,,0.0,,0.0,,0.0,,0.0,,0.0,,True
,5,0,287.0,can_355_slim,retreat,360.0,True,423.8,17.4,83.8,-11.2,True,0.0,,0.0,,0.0,,0.0,,0.0,,0.0,,0.0,,0.0,,True
,5,0,287.0,can_355_slim,retreat,348.0,True,427.1,14.0,88.1,-12.1,True,0.0,,0.0,,0.0,,0.0,,0.0,,0.0,,0.0,,1811.418,hand_slider_plus,False
,5,0,287.0,can_355_slim,retreat,336.0,True,430.4,10.7,92.2,-12.9,True,0.0,,0.0,,0.0,,0.0,,0.0,,0.0,,0.0,,41581.413,hand_slider_plus,False
,5,0,287.0,can_355_slim,retreat,324.0,True,433.6,7.3,96.1,-13.4,True,0.0,,0.0,,0.0,,0.0,,0.0,,0.0,,0.0,,47535.812,hand_slider_plus,False
,5,0,287.0,can_355_slim,retreat,312.0,True,436.9,3.9,99.8,-13.7,True,0.0,,0.0,,0.0,,0.0,,0.0,,0.0,,0.0,,45601.155,hand_slider_plus,False
,5,0,287.0,can_355_slim,retreat,300.0,True,440.1,0.5,103.4,-13.9,True,0.0,,0.0,,0.0,,0.0,,0.0,,0.0,,0.0,,41605.782,hand_slider_plus,False
,5,0,287.0,can_355_slim,retreat,288.0,True,443.4,-2.9,106.7,-13.8,True,0.0,,0.0,,0.0,,0.0,,0.0,,0.0,,0.0,,11540.248,hand_slider_plus,False
,5,0,318.0,can_355_std,insert,288.0,True,405.9,-2.9,106.7,-13.8,True,0.0,,0.0,,0.0,,0.0,,0.0,,0.0,,0.0,,0.0,,True
,5,0,318.0,can_355_std,insert,300.8,True,404.5,0.7,103.1,-13.9,True,0.0,,0.0,,0.0,,0.0,,0.0,,0.0,,0.0,,0.0,,True
,5,0,318.0,can_355_std,insert,313.5,True,403.2,4.4,99.4,-13.7,True,0.0,,0.0,,0.0,,0.0,,0.0,,0.0,,0.0,,0.0,,True
,5,0,318.0,can_355_std,insert,326.2,True,401.9,7.9,95.4,-13.3,True,0.0,,0.0,,0.0,,0.0,,0.0,,0.0,,0.0,,0.0,,True
,5,0,318.0,can_355_std,insert,339.0,True,400.5,11.5,91.2,-12.7,True,0.0,,0.0,,0.0,,0.0,,0.0,,0.0,,0.0,,0.0,,True
,5,0,318.0,can_355_std,insert,351.8,True,399.2,15.1,86.8,-11.9,True,0.0,,0.0,,0.0,,0.0,,0.0,,0.0,,0.0,,0.0,,True
,5,0,318.0,can_355_std,insert,364.5,True,397.8,18.7,82.1,-10.8,True,0.0,,0.0,,0.0,,0.0,,0.0,,0.0,,0.0,,0.0,,True
,5,0,318.0,can_355_std,lower2,364.5,True,397.3,18.7,82.1,-10.8,True,0.0,,0.0,,0.0,,0.0,,0.0,,0.0,,0.0,,0.0,,True
,5,0,318.0,can_355_std,release,364.5,True,397.3,18.7,82.1,-10.8,True,0.0,,0.0,,0.0,,0.0,,0.0,,0.0,,0.0,,0.0,,True
,5,0,318.0,can_355_std,retreat,364.5,True,397.3,18.7,82.1,-10.8,True,0.0,,0.0,,0.0,,0.0,,0.0,,0.0,,0.0,,0.0,,True
,5,0,318.0,can_355_std,retreat,351.8,True,400.7,15.1,86.8,-11.9,True,0.0,,0.0,,0.0,,0.0,,0.0,,0.0,,0.0,,3402.155,hand_slider_plus,False
,5,0,318.0,can_355_std,retreat,339.0,True,404.0,11.5,91.2,-12.7,True,0.0,,0.0,,0.0,,0.0,,0.0,,0.0,,0.0,,43595.771,hand_slider_plus,False
,5,0,318.0,can_355_std,retreat,326.2,True,407.4,7.9,95.4,-13.3,True,0.0,,0.0,,0.0,,0.0,,0.0,,0.0,,0.0,,44777.143,hand_slider_plus,False
,5,0,318.0,can_355_std,retreat,313.5,True,410.7,4.4,99.4,-13.7,True,0.0,,0.0,,0.0,,0.0,,0.0,,0.0,,0.0,,42696.265,hand_slider_plus,False
,5,0,318.0,can_355_std,retreat,300.8,True,414.0,0.7,103.1,-13.9,True,0.0,,0.0,,0.0,,0.0,,0.0,,0.0,,0.0,,40179.851,hand_slider_plus,False
,5,0,318.0,can_355_std,retreat,288.0,True,417.4,-2.9,106.7,-13.8,True,0.0,,0.0,,0.0,,0.0,,0.0,,0.0,,0.0,,27222.16,hand_slider_plus,False
,5,0,318.0,can_473_tall,insert,288.0,True,435.1,-2.9,106.7,-13.8,True,0.0,,0.0,,0.0,,0.0,,0.0,,0.0,,0.0,,0.0,,True
,5,0,318.0,can_473_tall,insert,300.8,True,433.7,0.7,103.1,-13.9,True,0.0,,0.0,,0.0,,0.0,,0.0,,0.0,,0.0,,0.0,,True
,5,0,318.0,can_473_tall,insert,313.5,True,432.4,4.4,99.4,-13.7,True,0.0,,0.0,,0.0,,0.0,,0.0,,0.0,,0.0,,0.0,,True
,5,0,318.0,can_473_tall,insert,326.2,True,431.1,7.9,95.4,-13.3,True,0.0,,0.0,,0.0,,0.0,,0.0,,0.0,,0.0,,0.0,,True
,5,0,318.0,can_473_tall,insert,339.0,True,429.7,11.5,91.2,-12.7,True,0.0,,0.0,,0.0,,0.0,,0.0,,0.0,,0.0,,0.0,,True
,5,0,318.0,can_473_tall,insert,351.8,True,428.4,15.1,86.8,-11.9,True,0.0,,0.0,,0.0,,0.0,,0.0,,0.0,,0.0,,0.0,,True
,5,0,318.0,can_473_tall,insert,364.5,True,427.0,18.7,82.1,-10.8,True,0.0,,0.0,,0.0,,0.0,,0.0,,0.0,,0.0,,0.0,,True
,5,0,318.0,can_473_tall,lower2,364.5,True,425.0,18.7,82.1,-10.8,True,0.0,,0.0,,0.0,,0.0,,0.0,,0.0,,0.0,,0.0,,True
,5,0,318.0,can_473_tall,release,364.5,True,425.0,18.7,82.1,-10.8,True,0.0,,0.0,,0.0,,0.0,,0.0,,0.0,,0.0,,0.0,,True
,5,0,318.0,can_473_tall,retreat,364.5,True,425.0,18.7,82.1,-10.8,True,0.0,,0.0,,0.0,,0.0,,0.0,,0.0,,0.0,,0.0,,True
,5,0,318.0,can_473_tall,retreat,351.8,True,428.4,15.1,86.8,-11.9,True,0.0,,0.0,,0.0,,0.0,,0.0,,0.0,,0.0,,3565.512,hand_slider_plus,False
,5,0,318.0,can_473_tall,retreat,339.0,True,431.7,11.5,91.2,-12.7,True,0.0,,0.0,,0.0,,0.0,,0.0,,0.0,,0.0,,46438.982,hand_slider_plus,False
,5,0,318.0,can_473_tall,retreat,326.2,True,435.1,7.9,95.4,-13.3,True,0.0,,0.0,,0.0,,0.0,,0.0,,0.0,,0.0,,48305.623,hand_slider_plus,False
,5,0,318.0,can_473_tall,retreat,313.5,True,438.4,4.4,99.4,-13.7,True,0.0,,0.0,,0.0,,0.0,,0.0,,0.0,,0.0,,46223.639,hand_slider_plus,False
,5,0,318.0,can_473_tall,retreat,300.8,True,441.7,0.7,103.1,-13.9,True,0.0,,0.0,,0.0,,0.0,,0.0,,0.0,,0.0,,43409.889,hand_slider_plus,False
,5,0,318.0,can_473_tall,retreat,288.0,True,445.1,-2.9,106.7,-13.8,True,0.0,,0.0,,0.0,,0.0,,0.0,,0.0,,0.0,,29330.408,hand_slider_plus,False
,5,0,318.0,can_355_slim,insert,288.0,True,433.4,-2.9,106.7,-13.8,True,0.0,,0.0,,0.0,,0.0,,0.0,,0.0,,0.0,,0.0,,True
,5,0,318.0,can_355_slim,insert,300.0,True,432.1,0.5,103.4,-13.9,True,0.0,,0.0,,0.0,,0.0,,0.0,,0.0,,0.0,,0.0,,True
,5,0,318.0,can_355_slim,insert,312.0,True,430.9,3.9,99.8,-13.7,True,0.0,,0.0,,0.0,,0.0,,0.0,,0.0,,0.0,,0.0,,True
,5,0,318.0,can_355_slim,insert,324.0,True,429.6,7.3,96.1,-13.4,True,0.0,,0.0,,0.0,,0.0,,0.0,,0.0,,0.0,,0.0,,True
,5,0,318.0,can_355_slim,insert,336.0,True,428.4,10.7,92.2,-12.9,True,0.0,,0.0,,0.0,,0.0,,0.0,,0.0,,0.0,,0.0,,True
,5,0,318.0,can_355_slim,insert,348.0,True,427.1,14.0,88.1,-12.1,True,0.0,,0.0,,0.0,,0.0,,0.0,,0.0,,0.0,,0.0,,True
,5,0,318.0,can_355_slim,insert,360.0,True,425.8,17.4,83.8,-11.2,True,0.0,,0.0,,0.0,,0.0,,0.0,,0.0,,0.0,,0.0,,True
,5,0,318.0,can_355_slim,lower2,360.0,True,423.8,17.4,83.8,-11.2,True,0.0,,0.0,,0.0,,0.0,,0.0,,0.0,,0.0,,0.0,,True
,5,0,318.0,can_355_slim,release,360.0,True,423.8,17.4,83.8,-11.2,True,0.0,,0.0,,0.0,,0.0,,0.0,,0.0,,0.0,,0.0,,True
,5,0,318.0,can_355_slim,retreat,360.0,True,423.8,17.4,83.8,-11.2,True,0.0,,0.0,,0.0,,0.0,,0.0,,0.0,,0.0,,0.0,,True
,5,0,318.0,can_355_slim,retreat,348.0,True,427.1,14.0,88.1,-12.1,True,0.0,,0.0,,0.0,,0.0,,0.0,,0.0,,0.0,,1811.418,hand_slider_plus,False
,5,0,318.0,can_355_slim,retreat,336.0,True,430.4,10.7,92.2,-12.9,True,0.0,,0.0,,0.0,,0.0,,0.0,,0.0,,0.0,,41581.413,hand_slider_plus,False
,5,0,318.0,can_355_slim,retreat,324.0,True,433.6,7.3,96.1,-13.4,True,0.0,,0.0,,0.0,,0.0,,0.0,,0.0,,0.0,,47535.812,hand_slider_plus,False
,5,0,318.0,can_355_slim,retreat,312.0,True,436.9,3.9,99.8,-13.7,True,0.0,,0.0,,0.0,,0.0,,0.0,,0.0,,0.0,,45601.155,hand_slider_plus,False
,5,0,318.0,can_355_slim,retreat,300.0,True,440.1,0.5,103.4,-13.9,True,0.0,,0.0,,0.0,,0.0,,0.0,,0.0,,0.0,,41605.782,hand_slider_plus,False
,5,0,318.0,can_355_slim,retreat,288.0,True,443.4,-2.9,106.7,-13.8,True,0.0,,0.0,,0.0,,0.0,,0.0,,0.0,,0.0,,11540.248,hand_slider_plus,False
,5,1,287.0,can_355_std,insert,288.0,True,692.9,-2.9,106.7,-13.8,True,0.0,,0.0,,0.0,,0.0,,0.0,,0.0,,0.0,,0.0,,True
,5,1,287.0,can_355_std,insert,300.8,True,691.5,0.7,103.1,-13.9,True,0.0,,0.0,,0.0,,0.0,,0.0,,0.0,,0.0,,0.0,,True
,5,1,287.0,can_355_std,insert,313.5,True,690.2,4.4,99.4,-13.7,True,0.0,,0.0,,0.0,,0.0,,0.0,,0.0,,0.0,,0.0,,True
,5,1,287.0,can_355_std,insert,326.2,True,688.9,7.9,95.4,-13.3,True,0.0,,0.0,,0.0,,0.0,,0.0,,0.0,,0.0,,0.0,,True
,5,1,287.0,can_355_std,insert,339.0,True,687.5,11.5,91.2,-12.7,True,0.0,,0.0,,0.0,,0.0,,0.0,,0.0,,0.0,,0.0,,True
,5,1,287.0,can_355_std,insert,351.8,True,686.2,15.1,86.8,-11.9,True,0.0,,0.0,,0.0,,0.0,,0.0,,0.0,,0.0,,0.0,,True
,5,1,287.0,can_355_std,insert,364.5,True,684.8,18.7,82.1,-10.8,True,0.0,,0.0,,0.0,,0.0,,0.0,,0.0,,0.0,,0.0,,True
,5,1,287.0,can_355_std,lower2,364.5,True,684.3,18.7,82.1,-10.8,True,0.0,,0.0,,0.0,,0.0,,0.0,,0.0,,0.0,,0.0,,True
,5,1,287.0,can_355_std,release,364.5,True,684.3,18.7,82.1,-10.8,True,0.0,,0.0,,0.0,,0.0,,0.0,,0.0,,0.0,,0.0,,True
,5,1,287.0,can_355_std,retreat,364.5,True,684.3,18.7,82.1,-10.8,True,0.0,,0.0,,0.0,,0.0,,0.0,,0.0,,0.0,,0.0,,True
,5,1,287.0,can_355_std,retreat,351.8,True,687.7,15.1,86.8,-11.9,True,0.0,,0.0,,0.0,,0.0,,0.0,,0.0,,0.0,,3402.155,hand_slider_plus,False
,5,1,287.0,can_355_std,retreat,339.0,True,691.0,11.5,91.2,-12.7,True,0.0,,0.0,,0.0,,0.0,,0.0,,0.0,,0.0,,43595.784,hand_slider_plus,False
,5,1,287.0,can_355_std,retreat,326.2,True,694.4,7.9,95.4,-13.3,True,0.0,,0.0,,0.0,,0.0,,0.0,,0.0,,0.0,,44777.155,hand_slider_plus,False
,5,1,287.0,can_355_std,retreat,313.5,True,697.7,4.4,99.4,-13.7,True,0.0,,0.0,,0.0,,0.0,,0.0,,0.0,,0.0,,42696.272,hand_slider_plus,False
,5,1,287.0,can_355_std,retreat,300.8,True,701.0,0.7,103.1,-13.9,True,0.0,,0.0,,0.0,,0.0,,0.0,,0.0,,0.0,,40179.868,hand_slider_plus,False
,5,1,287.0,can_355_std,retreat,288.0,True,704.4,-2.9,106.7,-13.8,True,0.0,,0.0,,0.0,,0.0,,0.0,,0.0,,0.0,,27222.168,hand_slider_plus,False
,5,1,287.0,can_473_tall,insert,288.0,True,722.1,-2.9,106.7,-13.8,True,0.0,,0.0,,0.0,,0.0,,0.0,,0.0,,0.0,,0.0,,True
,5,1,287.0,can_473_tall,insert,300.8,True,720.7,0.7,103.1,-13.9,True,0.0,,0.0,,0.0,,0.0,,0.0,,0.0,,0.0,,0.0,,True
,5,1,287.0,can_473_tall,insert,313.5,True,719.4,4.4,99.4,-13.7,True,0.0,,0.0,,0.0,,0.0,,0.0,,0.0,,0.0,,0.0,,True
,5,1,287.0,can_473_tall,insert,326.2,True,718.1,7.9,95.4,-13.3,True,0.0,,0.0,,0.0,,0.0,,0.0,,0.0,,0.0,,0.0,,True
,5,1,287.0,can_473_tall,insert,339.0,True,716.7,11.5,91.2,-12.7,True,0.0,,0.0,,0.0,,0.0,,0.0,,0.0,,0.0,,0.0,,True
,5,1,287.0,can_473_tall,insert,351.8,True,715.4,15.1,86.8,-11.9,True,0.0,,0.0,,0.0,,0.0,,0.0,,0.0,,0.0,,0.0,,True
,5,1,287.0,can_473_tall,insert,364.5,True,714.0,18.7,82.1,-10.8,True,0.0,,0.0,,0.0,,0.0,,0.0,,0.0,,0.0,,0.0,,True
,5,1,287.0,can_473_tall,lower2,364.5,True,712.0,18.7,82.1,-10.8,True,0.0,,0.0,,0.0,,0.0,,0.0,,0.0,,0.0,,0.0,,True
,5,1,287.0,can_473_tall,release,364.5,True,712.0,18.7,82.1,-10.8,True,0.0,,0.0,,0.0,,0.0,,0.0,,0.0,,0.0,,0.0,,True
,5,1,287.0,can_473_tall,retreat,364.5,True,712.0,18.7,82.1,-10.8,True,0.0,,0.0,,0.0,,0.0,,0.0,,0.0,,0.0,,0.0,,True
,5,1,287.0,can_473_tall,retreat,351.8,True,715.4,15.1,86.8,-11.9,True,0.0,,0.0,,0.0,,0.0,,0.0,,0.0,,0.0,,3565.512,hand_slider_plus,False
,5,1,287.0,can_473_tall,retreat,339.0,True,718.7,11.5,91.2,-12.7,True,0.0,,0.0,,0.0,,0.0,,0.0,,0.0,,0.0,,46438.99,hand_slider_plus,False
,5,1,287.0,can_473_tall,retreat,326.2,True,722.1,7.9,95.4,-13.3,True,0.0,,0.0,,0.0,,0.0,,0.0,,0.0,,0.0,,48305.623,hand_slider_plus,False
,5,1,287.0,can_473_tall,retreat,313.5,True,725.4,4.4,99.4,-13.7,True,0.0,,0.0,,0.0,,0.0,,0.0,,0.0,,0.0,,46223.647,hand_slider_plus,False
,5,1,287.0,can_473_tall,retreat,300.8,True,728.7,0.7,103.1,-13.9,True,0.0,,0.0,,0.0,,0.0,,0.0,,0.0,,0.0,,43409.889,hand_slider_plus,False
,5,1,287.0,can_473_tall,retreat,288.0,True,732.1,-2.9,106.7,-13.8,True,0.0,,0.0,,0.0,,0.0,,0.0,,0.0,,0.0,,29330.408,hand_slider_plus,False
,5,1,287.0,can_355_slim,insert,288.0,True,720.4,-2.9,106.7,-13.8,True,0.0,,0.0,,0.0,,0.0,,0.0,,0.0,,0.0,,0.0,,True
,5,1,287.0,can_355_slim,insert,300.0,True,719.1,0.5,103.4,-13.9,True,0.0,,0.0,,0.0,,0.0,,0.0,,0.0,,0.0,,0.0,,True
,5,1,287.0,can_355_slim,insert,312.0,True,717.9,3.9,99.8,-13.7,True,0.0,,0.0,,0.0,,0.0,,0.0,,0.0,,0.0,,0.0,,True
,5,1,287.0,can_355_slim,insert,324.0,True,716.6,7.3,96.1,-13.4,True,0.0,,0.0,,0.0,,0.0,,0.0,,0.0,,0.0,,0.0,,True
,5,1,287.0,can_355_slim,insert,336.0,True,715.4,10.7,92.2,-12.9,True,0.0,,0.0,,0.0,,0.0,,0.0,,0.0,,0.0,,0.0,,True
,5,1,287.0,can_355_slim,insert,348.0,True,714.1,14.0,88.1,-12.1,True,0.0,,0.0,,0.0,,0.0,,0.0,,0.0,,0.0,,0.0,,True
,5,1,287.0,can_355_slim,insert,360.0,True,712.8,17.4,83.8,-11.2,True,0.0,,0.0,,0.0,,0.0,,0.0,,0.0,,0.0,,0.0,,True
,5,1,287.0,can_355_slim,lower2,360.0,True,710.8,17.4,83.8,-11.2,True,0.0,,0.0,,0.0,,0.0,,0.0,,0.0,,0.0,,0.0,,True
,5,1,287.0,can_355_slim,release,360.0,True,710.8,17.4,83.8,-11.2,True,0.0,,0.0,,0.0,,0.0,,0.0,,0.0,,0.0,,0.0,,True
,5,1,287.0,can_355_slim,retreat,360.0,True,710.8,17.4,83.8,-11.2,True,0.0,,0.0,,0.0,,0.0,,0.0,,0.0,,0.0,,0.0,,True
,5,1,287.0,can_355_slim,retreat,348.0,True,714.1,14.0,88.1,-12.1,True,0.0,,0.0,,0.0,,0.0,,0.0,,0.0,,0.0,,1811.418,hand_slider_plus,False
,5,1,287.0,can_355_slim,retreat,336.0,True,717.4,10.7,92.2,-12.9,True,0.0,,0.0,,0.0,,0.0,,0.0,,0.0,,0.0,,41581.415,hand_slider_plus,False
,5,1,287.0,can_355_slim,retreat,324.0,True,720.6,7.3,96.1,-13.4,True,0.0,,0.0,,0.0,,0.0,,0.0,,0.0,,0.0,,47535.812,hand_slider_plus,False
,5,1,287.0,can_355_slim,retreat,312.0,True,723.9,3.9,99.8,-13.7,True,0.0,,0.0,,0.0,,0.0,,0.0,,0.0,,0.0,,45601.156,hand_slider_plus,False
,5,1,287.0,can_355_slim,retreat,300.0,True,727.1,0.5,103.4,-13.9,True,0.0,,0.0,,0.0,,0.0,,0.0,,0.0,,0.0,,41605.784,hand_slider_plus,False
,5,1,287.0,can_355_slim,retreat,288.0,True,730.4,-2.9,106.7,-13.8,True,0.0,,0.0,,0.0,,0.0,,0.0,,0.0,,0.0,,11540.248,hand_slider_plus,False
,5,1,318.0,can_355_std,insert,288.0,True,723.9,-2.9,106.7,-13.8,True,0.0,,0.0,,0.0,,0.0,,0.0,,0.0,,0.0,,0.0,,True
,5,1,318.0,can_355_std,insert,300.8,True,722.5,0.7,103.1,-13.9,True,0.0,,0.0,,0.0,,0.0,,0.0,,0.0,,0.0,,0.0,,True
,5,1,318.0,can_355_std,insert,313.5,True,721.2,4.4,99.4,-13.7,True,0.0,,0.0,,0.0,,0.0,,0.0,,0.0,,0.0,,0.0,,True
,5,1,318.0,can_355_std,insert,326.2,True,719.9,7.9,95.4,-13.3,True,0.0,,0.0,,0.0,,0.0,,0.0,,0.0,,0.0,,0.0,,True
,5,1,318.0,can_355_std,insert,339.0,True,718.5,11.5,91.2,-12.7,True,0.0,,0.0,,0.0,,0.0,,0.0,,0.0,,0.0,,0.0,,True
,5,1,318.0,can_355_std,insert,351.8,True,717.2,15.1,86.8,-11.9,True,0.0,,0.0,,0.0,,0.0,,0.0,,0.0,,0.0,,0.0,,True
,5,1,318.0,can_355_std,insert,364.5,True,715.8,18.7,82.1,-10.8,True,0.0,,0.0,,0.0,,0.0,,0.0,,0.0,,0.0,,0.0,,True
,5,1,318.0,can_355_std,lower2,364.5,True,715.3,18.7,82.1,-10.8,True,0.0,,0.0,,0.0,,0.0,,0.0,,0.0,,0.0,,0.0,,True
,5,1,318.0,can_355_std,release,364.5,True,715.3,18.7,82.1,-10.8,True,0.0,,0.0,,0.0,,0.0,,0.0,,0.0,,0.0,,0.0,,True
,5,1,318.0,can_355_std,retreat,364.5,True,715.3,18.7,82.1,-10.8,True,0.0,,0.0,,0.0,,0.0,,0.0,,0.0,,0.0,,0.0,,True
,5,1,318.0,can_355_std,retreat,351.8,True,718.7,15.1,86.8,-11.9,True,0.0,,0.0,,0.0,,0.0,,0.0,,0.0,,0.0,,3402.155,hand_slider_plus,False
,5,1,318.0,can_355_std,retreat,339.0,True,722.0,11.5,91.2,-12.7,True,0.0,,0.0,,0.0,,0.0,,0.0,,0.0,,0.0,,43595.778,hand_slider_plus,False
,5,1,318.0,can_355_std,retreat,326.2,True,725.4,7.9,95.4,-13.3,True,0.0,,0.0,,0.0,,0.0,,0.0,,0.0,,0.0,,44777.147,hand_slider_plus,False
,5,1,318.0,can_355_std,retreat,313.5,True,728.7,4.4,99.4,-13.7,True,0.0,,0.0,,0.0,,0.0,,0.0,,0.0,,0.0,,42696.28,hand_slider_plus,False
,5,1,318.0,can_355_std,retreat,300.8,True,732.0,0.7,103.1,-13.9,True,0.0,,0.0,,0.0,,0.0,,0.0,,0.0,,0.0,,40179.868,hand_slider_plus,False
,5,1,318.0,can_355_std,retreat,288.0,True,735.4,-2.9,106.7,-13.8,True,0.0,,0.0,,0.0,,0.0,,0.0,,0.0,,0.0,,27222.168,hand_slider_plus,False
,5,1,318.0,can_473_tall,insert,288.0,True,753.1,-2.9,106.7,-13.8,True,0.0,,0.0,,0.0,,0.0,,0.0,,0.0,,0.0,,0.0,,True
,5,1,318.0,can_473_tall,insert,300.8,True,751.7,0.7,103.1,-13.9,True,0.0,,0.0,,0.0,,0.0,,0.0,,0.0,,0.0,,0.0,,True
,5,1,318.0,can_473_tall,insert,313.5,True,750.4,4.4,99.4,-13.7,True,0.0,,0.0,,0.0,,0.0,,0.0,,0.0,,0.0,,0.0,,True
,5,1,318.0,can_473_tall,insert,326.2,True,749.1,7.9,95.4,-13.3,True,0.0,,0.0,,0.0,,0.0,,0.0,,0.0,,0.0,,0.0,,True
,5,1,318.0,can_473_tall,insert,339.0,True,747.7,11.5,91.2,-12.7,True,0.0,,0.0,,0.0,,0.0,,0.0,,0.0,,0.0,,0.0,,True
,5,1,318.0,can_473_tall,insert,351.8,True,746.4,15.1,86.8,-11.9,True,0.0,,0.0,,0.0,,0.0,,0.0,,0.0,,0.0,,0.0,,True
,5,1,318.0,can_473_tall,insert,364.5,True,745.0,18.7,82.1,-10.8,True,0.0,,0.0,,0.0,,0.0,,0.0,,0.0,,0.0,,0.0,,True
,5,1,318.0,can_473_tall,lower2,364.5,True,743.0,18.7,82.1,-10.8,True,0.0,,0.0,,0.0,,0.0,,0.0,,0.0,,0.0,,0.0,,True
,5,1,318.0,can_473_tall,release,364.5,True,743.0,18.7,82.1,-10.8,True,0.0,,0.0,,0.0,,0.0,,0.0,,0.0,,0.0,,0.0,,True
,5,1,318.0,can_473_tall,retreat,364.5,True,743.0,18.7,82.1,-10.8,True,0.0,,0.0,,0.0,,0.0,,0.0,,0.0,,0.0,,0.0,,True
,5,1,318.0,can_473_tall,retreat,351.8,True,746.4,15.1,86.8,-11.9,True,0.0,,0.0,,0.0,,0.0,,0.0,,0.0,,0.0,,3565.512,hand_slider_plus,False
,5,1,318.0,can_473_tall,retreat,339.0,True,749.7,11.5,91.2,-12.7,True,0.0,,0.0,,0.0,,0.0,,0.0,,0.0,,0.0,,46438.99,hand_slider_plus,False
,5,1,318.0,can_473_tall,retreat,326.2,True,753.1,7.9,95.4,-13.3,True,0.0,,0.0,,0.0,,0.0,,0.0,,0.0,,0.0,,48305.623,hand_slider_plus,False
,5,1,318.0,can_473_tall,retreat,313.5,True,756.4,4.4,99.4,-13.7,True,0.0,,0.0,,0.0,,0.0,,0.0,,0.0,,0.0,,46223.647,hand_slider_plus,False
,5,1,318.0,can_473_tall,retreat,300.8,True,759.7,0.7,103.1,-13.9,True,0.0,,0.0,,0.0,,0.0,,0.0,,0.0,,0.0,,43409.889,hand_slider_plus,False
,5,1,318.0,can_473_tall,retreat,288.0,True,763.1,-2.9,106.7,-13.8,True,0.0,,0.0,,0.0,,0.0,,0.0,,0.0,,0.0,,29330.408,hand_slider_plus,False
,5,1,318.0,can_355_slim,insert,288.0,True,751.4,-2.9,106.7,-13.8,True,0.0,,0.0,,0.0,,0.0,,0.0,,0.0,,0.0,,0.0,,True
,5,1,318.0,can_355_slim,insert,300.0,True,750.1,0.5,103.4,-13.9,True,0.0,,0.0,,0.0,,0.0,,0.0,,0.0,,0.0,,0.0,,True
,5,1,318.0,can_355_slim,insert,312.0,True,748.9,3.9,99.8,-13.7,True,0.0,,0.0,,0.0,,0.0,,0.0,,0.0,,0.0,,0.0,,True
,5,1,318.0,can_355_slim,insert,324.0,True,747.6,7.3,96.1,-13.4,True,0.0,,0.0,,0.0,,0.0,,0.0,,0.0,,0.0,,0.0,,True
,5,1,318.0,can_355_slim,insert,336.0,True,746.4,10.7,92.2,-12.9,True,0.0,,0.0,,0.0,,0.0,,0.0,,0.0,,0.0,,0.0,,True
,5,1,318.0,can_355_slim,insert,348.0,True,745.1,14.0,88.1,-12.1,True,0.0,,0.0,,0.0,,0.0,,0.0,,0.0,,0.0,,0.0,,True
,5,1,318.0,can_355_slim,insert,360.0,True,743.8,17.4,83.8,-11.2,True,0.0,,0.0,,0.0,,0.0,,0.0,,0.0,,0.0,,0.0,,True
,5,1,318.0,can_355_slim,lower2,360.0,True,741.8,17.4,83.8,-11.2,True,0.0,,0.0,,0.0,,0.0,,0.0,,0.0,,0.0,,0.0,,True
,5,1,318.0,can_355_slim,release,360.0,True,741.8,17.4,83.8,-11.2,True,0.0,,0.0,,0.0,,0.0,,0.0,,0.0,,0.0,,0.0,,True
,5,1,318.0,can_355_slim,retreat,360.0,True,741.8,17.4,83.8,-11.2,True,0.0,,0.0,,0.0,,0.0,,0.0,,0.0,,0.0,,0.0,,True
,5,1,318.0,can_355_slim,retreat,348.0,True,745.1,14.0,88.1,-12.1,True,0.0,,0.0,,0.0,,0.0,,0.0,,0.0,,0.0,,1811.418,hand_slider_plus,False
,5,1,318.0,can_355_slim,retreat,336.0,True,748.4,10.7,92.2,-12.9,True,0.0,,0.0,,0.0,,0.0,,0.0,,0.0,,0.0,,41581.415,hand_slider_plus,False
,5,1,318.0,can_355_slim,retreat,324.0,True,751.6,7.3,96.1,-13.4,True,0.0,,0.0,,0.0,,0.0,,0.0,,0.0,,0.0,,47535.812,hand_slider_plus,False
,5,1,318.0,can_355_slim,retreat,312.0,True,754.9,3.9,99.8,-13.7,True,0.0,,0.0,,0.0,,0.0,,0.0,,0.0,,0.0,,45601.151,hand_slider_plus,False
,5,1,318.0,can_355_slim,retreat,300.0,True,758.1,0.5,103.4,-13.9,True,0.0,,0.0,,0.0,,0.0,,0.0,,0.0,,0.0,,41605.788,hand_slider_plus,False
,5,1,318.0,can_355_slim,retreat,288.0,True,761.4,-2.9,106.7,-13.8,True,0.0,,0.0,,0.0,,0.0,,0.0,,0.0,,0.0,,11540.248,hand_slider_plus,False
