lane,level,pitch,sku,phase,y_bore,base_rail_front_y,base_rail_to_front_edge_mm,cap_top_z,hand_ceiling_mm,hand_ceiling_who,hand_upper_level_mm,hand_upper_level_who,bottle_ceiling_mm,bottle_ceiling_who,bottle_dividers_mm,bottle_dividers_who,bottle_lane_floor_mm,bottle_lane_floor_who,bottle_neighbours_mm,bottle_neighbours_who,hand_neighbours_mm,hand_neighbours_who,arm_upper_level_mm,arm_upper_level_who,bottle_upper_level_mm,bottle_upper_level_who
1,0,287.0,pet_500,insert_start,288.0,214.0,99.0,322.9,44.6,hand_jaw_B_C|L0_ceiling,54.8,hand_jaw_A_C|L1_lane_floor,50.0,L0_ceiling,25.0,L0_div1_nose,11.1,L0_lane_floor,43.1,nb1_0,,,,,,
1,0,287.0,pet_500,insert_mid,326.2,252.2,60.8,318.9,36.9,hand_jaw_A_C|L0_ceiling,54.8,hand_jaw_A_C|L1_lane_floor,36.9,L0_ceiling,5.2,L0_div0_nose,7.1,L0_lane_floor,19.9,nb1_0,47.1,hand_jaw_A_C|nb1_0,,,,
1,0,287.0,pet_500,insert_end,364.4,290.4,22.6,314.8,36.9,hand_jaw_A_C|L0_ceiling,30.0,hand_top_plate|L1_lane_floor,36.9,L0_ceiling,3.8,L0_div1_nose,5.4,L0_lane_floor,10.2,nb1_0,35.8,hand_jaw_A_C|nb1_0,23.0,arm_l2|L1_lane_floor,,
1,0,287.0,pet_500,lower2,364.4,290.4,22.6,312.8,38.9,hand_jaw_A_C|L0_ceiling,30.4,hand_top_plate|L1_lane_floor,38.9,L0_ceiling,3.8,L0_div1_nose,3.4,L0_lane_floor,10.3,nb1_0,35.8,hand_jaw_A_C|nb1_0,22.6,arm_l2|L1_lane_floor,,
1,0,287.0,pet_600_soda,insert_start,288.0,214.0,99.0,350.0,29.6,hand_jaw_B_C|L0_ceiling,27.8,hand_jaw_B_C|L1_lane_floor,37.2,L0_ceiling,24.1,L0_div0_nose,11.2,L0_lane_floor,42.0,nb1_0,,,,,28.6,L1_lane_floor
1,0,287.0,pet_600_soda,insert_mid,326.6,252.6,60.4,345.9,10.0,hand_jaw_A_C|L0_ceiling,27.8,hand_jaw_A_C|L1_lane_floor,9.9,L0_ceiling,4.3,L0_div0_nose,7.1,L0_lane_floor,18.5,nb1_0,49.0,hand_jaw_A_C|nb1_0,,,27.8,L1_lane_floor
1,0,287.0,pet_600_soda,insert_end,365.2,291.3,21.7,341.8,10.0,hand_jaw_A_C|L0_ceiling,24.3,hand_jaw_A_C|L1_lane_floor,9.9,L0_ceiling,2.9,L0_div1_nose,5.4,L0_lane_floor,8.5,nb1_0,35.8,hand_jaw_A_C|nb1_0,30.4,kit_shaft_flange|L1_lane_floor,27.7,L1_lane_floor
1,0,287.0,pet_600_soda,lower2,365.2,291.3,21.7,339.8,12.0,hand_jaw_A_C|L0_ceiling,25.5,hand_jaw_A_C|L1_lane_floor,11.9,L0_ceiling,2.9,L0_div0_nose,3.4,L0_lane_floor,8.5,nb1_0,35.8,hand_jaw_A_C|nb1_0,29.8,kit_shaft_flange|L1_lane_floor,29.7,L1_lane_floor
1,0,318.0,pet_500,insert_start,288.0,214.0,99.0,322.9,,,,,,,25.0,L0_div1_nose,11.1,L0_lane_floor,43.1,nb1_0,,,,,,
1,0,318.0,pet_500,insert_mid,326.2,252.2,60.8,318.9,,,,,,,5.2,L0_div0_nose,7.1,L0_lane_floor,19.9,nb1_0,47.1,hand_jaw_A_C|nb1_0,,,,
1,0,318.0,pet_500,insert_end,364.4,290.4,22.6,314.8,,,46.4,hand_top_plate|L1_lane_floor,,,3.8,L0_div1_nose,5.4,L0_lane_floor,10.2,nb1_0,35.8,hand_jaw_A_C|nb1_0,21.0,arm_l2|L1_lane_floor,,
1,0,318.0,pet_500,lower2,364.4,290.4,22.6,312.8,,,48.0,hand_top_plate|L1_lane_floor,,,3.8,L0_div1_nose,3.4,L0_lane_floor,10.3,nb1_0,35.8,hand_jaw_A_C|nb1_0,21.0,arm_l2|L1_lane_floor,,
1,0,318.0,pet_600_soda,insert_start,288.0,214.0,99.0,350.0,49.5,hand_jaw_B_C|L0_ceiling,58.7,hand_jaw_A_C|L1_lane_floor,54.9,L0_ceiling,24.1,L0_div0_nose,11.2,L0_lane_floor,42.0,nb1_0,,,,,,
1,0,318.0,pet_600_soda,insert_mid,326.6,252.6,60.4,345.9,40.8,hand_jaw_B_C|L0_ceiling,58.7,hand_jaw_B_C|L1_lane_floor,41.1,L0_ceiling,4.3,L0_div0_nose,7.1,L0_lane_floor,18.5,nb1_0,49.0,hand_jaw_A_C|nb1_0,,,,
1,0,318.0,pet_600_soda,insert_end,365.2,291.3,21.7,341.8,40.8,hand_jaw_A_C|L0_ceiling,30.1,hand_top_plate|L1_lane_floor,41.0,L0_ceiling,2.9,L0_div1_nose,5.4,L0_lane_floor,8.5,nb1_0,35.8,hand_jaw_A_C|nb1_0,21.4,arm_l2|L1_lane_floor,,
1,0,318.0,pet_600_soda,lower2,365.2,291.3,21.7,339.8,42.8,hand_jaw_A_C|L0_ceiling,30.7,hand_top_plate|L1_lane_floor,48.2,L0_ceiling,2.9,L0_div0_nose,3.4,L0_lane_floor,8.5,nb1_0,35.8,hand_jaw_A_C|nb1_0,21.2,arm_l2|L1_lane_floor,,
1,0,381.0,pet_500,insert_start,288.0,214.0,99.0,322.9,,,,,,,25.0,L0_div1_nose,11.1,L0_lane_floor,43.1,nb1_0,,,,,,
1,0,381.0,pet_500,insert_mid,326.2,252.2,60.8,318.9,,,,,,,5.2,L0_div0_nose,7.1,L0_lane_floor,19.9,nb1_0,47.1,hand_jaw_A_C|nb1_0,,,,
1,0,381.0,pet_500,insert_end,364.4,290.4,22.6,314.8,,,,,,,3.8,L0_div1_nose,5.4,L0_lane_floor,10.2,nb1_0,35.8,hand_jaw_A_C|nb1_0,40.8,arm_l2|L1_lane_floor,,
1,0,381.0,pet_500,lower2,364.4,290.4,22.6,312.8,,,,,,,3.8,L0_div1_nose,3.4,L0_lane_floor,10.3,nb1_0,35.8,hand_jaw_A_C|nb1_0,42.6,arm_l2|L1_lane_floor,,
1,0,381.0,pet_600_soda,insert_start,288.0,214.0,99.0,350.0,,,,,,,24.1,L0_div0_nose,11.2,L0_lane_floor,42.0,nb1_0,,,,,,
1,0,381.0,pet_600_soda,insert_mid,326.6,252.6,60.4,345.9,,,,,,,4.3,L0_div0_nose,7.1,L0_lane_floor,18.5,nb1_0,49.0,hand_jaw_A_C|nb1_0,,,,
1,0,381.0,pet_600_soda,insert_end,365.2,291.3,21.7,341.8,,,,,,,2.9,L0_div1_nose,5.4,L0_lane_floor,8.5,nb1_0,35.8,hand_jaw_A_C|nb1_0,21.7,arm_l2|L1_lane_floor,,
1,0,381.0,pet_600_soda,lower2,365.2,291.3,21.7,339.8,,,,,,,2.9,L0_div0_nose,3.4,L0_lane_floor,8.5,nb1_0,35.8,hand_jaw_A_C|nb1_0,22.5,arm_l2|L1_lane_floor,,
3,0,287.0,pet_500,insert_start,288.0,214.0,99.0,322.9,44.6,hand_jaw_B_C|L0_ceiling,54.8,hand_jaw_A_C|L1_lane_floor,50.0,L0_ceiling,24.9,L0_div3_nose,11.1,L0_lane_floor,43.1,nb1_0,,,,,,
3,0,287.0,pet_500,insert_mid,326.2,252.2,60.8,318.9,36.9,hand_jaw_A_C|L0_ceiling,54.8,hand_jaw_A_C|L1_lane_floor,36.9,L0_ceiling,5.2,L0_div2_nose,7.1,L0_lane_floor,19.9,nb3_0,47.1,hand_jaw_A_C|nb3_0,,,,
3,0,287.0,pet_500,insert_end,364.4,290.4,22.6,314.8,36.9,hand_jaw_A_C|L0_ceiling,30.0,hand_top_plate|L1_lane_floor,36.9,L0_ceiling,3.8,L0_div3_nose,5.4,L0_lane_floor,10.3,nb1_0,35.8,hand_jaw_B_C|nb1_0,20.7,arm_l2|L1_lane_floor,,
3,0,287.0,pet_500,lower2,364.4,290.4,22.6,312.8,38.9,hand_jaw_A_C|L0_ceiling,30.4,hand_top_plate|L1_lane_floor,38.8,L0_ceiling,3.8,L0_div3_nose,3.4,L0_lane_floor,10.2,nb3_0,35.8,hand_jaw_B_C|nb1_0,20.2,arm_l2|L1_lane_floor,,
3,0,287.0,pet_600_soda,insert_start,288.0,214.0,99.0,350.0,29.6,hand_jaw_B_C|L0_ceiling,27.8,hand_jaw_B_C|L1_lane_floor,37.3,L0_ceiling,24.1,L0_div2_nose,11.2,L0_lane_floor,42.0,nb3_0,,,,,28.6,L1_lane_floor
3,0,287.0,pet_600_soda,insert_mid,326.6,252.6,60.4,345.9,10.0,hand_jaw_A_C|L0_ceiling,27.8,hand_jaw_A_C|L1_lane_floor,9.9,L0_ceiling,4.3,L0_div2_nose,7.1,L0_lane_floor,18.4,nb3_0,49.0,hand_jaw_A_C|nb3_0,,,27.7,L1_lane_floor
3,0,287.0,pet_600_soda,insert_end,365.2,291.2,21.8,341.8,10.0,hand_jaw_A_C|L0_ceiling,24.3,hand_jaw_A_C|L1_lane_floor,9.9,L0_ceiling,2.9,L0_div3_nose,5.4,L0_lane_floor,8.5,nb1_0,35.8,hand_jaw_A_C|nb3_0,30.4,kit_shaft_flange|L1_lane_floor,27.7,L1_lane_floor
3,0,287.0,pet_600_soda,lower2,365.2,291.2,21.8,339.8,12.0,hand_jaw_A_C|L0_ceiling,25.5,hand_jaw_A_C|L1_lane_floor,11.9,L0_ceiling,2.9,L0_div3_nose,3.4,L0_lane_floor,8.5,nb1_0,35.8,hand_jaw_B_C|nb1_0,29.8,kit_shaft_flange|L1_lane_floor,29.8,L1_lane_floor
3,0,318.0,pet_500,insert_start,288.0,214.0,99.0,322.9,,,,,,,24.9,L0_div3_nose,11.1,L0_lane_floor,43.1,nb1_0,,,,,,
3,0,318.0,pet_500,insert_mid,326.2,252.2,60.8,318.9,,,,,,,5.2,L0_div2_nose,7.1,L0_lane_floor,19.9,nb3_0,47.1,hand_jaw_A_C|nb3_0,,,,
3,0,318.0,pet_500,insert_end,364.4,290.4,22.6,314.8,,,46.4,hand_top_plate|L1_lane_floor,,,3.8,L0_div3_nose,5.4,L0_lane_floor,10.3,nb1_0,35.8,hand_jaw_B_C|nb1_0,18.6,arm_l2|L1_lane_floor,,
3,0,318.0,pet_500,lower2,364.4,290.4,22.6,312.8,,,48.0,hand_top_plate|L1_lane_floor,,,3.8,L0_div3_nose,3.4,L0_lane_floor,10.2,nb3_0,35.8,hand_jaw_B_C|nb1_0,18.6,arm_l2|L1_lane_floor,,
3,0,318.0,pet_600_soda,insert_start,288.0,214.0,99.0,350.0,49.5,hand_jaw_A_C|L0_ceiling,58.7,hand_jaw_A_C|L1_lane_floor,54.9,L0_ceiling,24.1,L0_div2_nose,11.2,L0_lane_floor,42.0,nb3_0,,,,,,
3,0,318.0,pet_600_soda,insert_mid,326.6,252.6,60.4,345.9,40.8,hand_jaw_B_C|L0_ceiling,58.7,hand_jaw_B_C|L1_lane_floor,41.1,L0_ceiling,4.3,L0_div2_nose,7.1,L0_lane_floor,18.4,nb3_0,49.0,hand_jaw_A_C|nb3_0,,,,
3,0,318.0,pet_600_soda,insert_end,365.2,291.2,21.8,341.8,40.8,hand_jaw_B_C|L0_ceiling,30.1,hand_top_plate|L1_lane_floor,41.1,L0_ceiling,2.9,L0_div3_nose,5.4,L0_lane_floor,8.5,nb1_0,35.8,hand_jaw_A_C|nb3_0,19.1,arm_l2|L1_lane_floor,,
3,0,318.0,pet_600_soda,lower2,365.2,291.2,21.8,339.8,42.8,hand_jaw_A_C|L0_ceiling,30.7,hand_top_plate|L1_lane_floor,48.3,L0_ceiling,2.9,L0_div3_nose,3.4,L0_lane_floor,8.5,nb1_0,35.8,hand_jaw_B_C|nb1_0,18.6,arm_l2|L1_lane_floor,,
3,0,381.0,pet_500,insert_start,288.0,214.0,99.0,322.9,,,,,,,24.9,L0_div3_nose,11.1,L0_lane_floor,43.1,nb1_0,,,,,,
3,0,381.0,pet_500,insert_mid,326.2,252.2,60.8,318.9,,,,,,,5.2,L0_div2_nose,7.1,L0_lane_floor,19.9,nb3_0,47.1,hand_jaw_A_C|nb3_0,,,,
3,0,381.0,pet_500,insert_end,364.4,290.4,22.6,314.8,,,,,,,3.8,L0_div3_nose,5.4,L0_lane_floor,10.3,nb1_0,35.8,hand_jaw_B_C|nb1_0,39.4,arm_l2|L1_lane_floor,,
3,0,381.0,pet_500,lower2,364.4,290.4,22.6,312.8,,,,,,,3.8,L0_div3_nose,3.4,L0_lane_floor,10.2,nb3_0,35.8,hand_jaw_B_C|nb1_0,41.2,arm_l2|L1_lane_floor,,
3,0,381.0,pet_600_soda,insert_start,288.0,214.0,99.0,350.0,,,,,,,24.1,L0_div2_nose,11.2,L0_lane_floor,42.0,nb3_0,,,,,,
3,0,381.0,pet_600_soda,insert_mid,326.6,252.6,60.4,345.9,,,,,,,4.3,L0_div2_nose,7.1,L0_lane_floor,18.4,nb3_0,49.0,hand_jaw_A_C|nb3_0,,,,
3,0,381.0,pet_600_soda,insert_end,365.2,291.2,21.8,341.8,,,,,,,2.9,L0_div3_nose,5.4,L0_lane_floor,8.5,nb1_0,35.8,hand_jaw_A_C|nb3_0,19.4,arm_l2|L1_lane_floor,,
3,0,381.0,pet_600_soda,lower2,365.2,291.2,21.8,339.8,,,,,,,2.9,L0_div3_nose,3.4,L0_lane_floor,8.5,nb1_0,35.8,hand_jaw_B_C|nb1_0,20.3,arm_l2|L1_lane_floor,,
5,0,287.0,pet_500,insert_start,288.0,214.0,99.0,322.9,44.6,hand_jaw_B_C|L0_ceiling,54.8,hand_jaw_A_C|L1_lane_floor,50.0,L0_ceiling,24.9,L0_div4_nose,11.1,L0_lane_floor,43.1,nb3_0,,,,,,
5,0,287.0,pet_500,insert_mid,326.2,252.2,60.8,318.9,36.9,hand_jaw_A_C|L0_ceiling,54.8,hand_jaw_A_C|L1_lane_floor,36.9,L0_ceiling,5.2,L0_div5_nose,7.1,L0_lane_floor,20.0,nb3_0,47.1,hand_jaw_B_C|nb3_0,,,,
5,0,287.0,pet_500,insert_end,364.4,290.4,22.6,314.8,36.9,hand_jaw_B_C|L0_ceiling,30.0,hand_top_plate|L1_lane_floor,36.9,L0_ceiling,3.8,L0_div5_nose,5.4,L0_lane_floor,10.2,nb3_0,35.8,hand_jaw_B_C|nb3_0,24.3,arm_l2|L1_lane_floor,,
5,0,287.0,pet_500,lower2,364.4,290.4,22.6,312.8,38.9,hand_jaw_B_C|L0_ceiling,30.4,hand_top_plate|L1_lane_floor,38.9,L0_ceiling,3.8,L0_div5_nose,3.4,L0_lane_floor,10.2,nb3_0,35.8,hand_jaw_B_C|nb3_0,23.9,arm_l2|L1_lane_floor,,
5,0,287.0,pet_600_soda,insert_start,288.0,214.0,99.0,350.0,29.6,hand_jaw_B_C|L0_ceiling,27.8,hand_jaw_B_C|L1_lane_floor,37.2,L0_ceiling,24.1,L0_div5_nose,11.2,L0_lane_floor,42.0,nb3_0,,,,,28.6,L1_lane_floor
5,0,287.0,pet_600_soda,insert_mid,326.6,252.6,60.4,345.9,10.0,hand_jaw_A_C|L0_ceiling,27.8,hand_jaw_A_C|L1_lane_floor,9.9,L0_ceiling,4.3,L0_div4_nose,7.1,L0_lane_floor,18.4,nb3_0,49.0,hand_jaw_B_C|nb3_0,,,27.8,L1_lane_floor
5,0,287.0,pet_600_soda,insert_end,365.2,291.2,21.8,341.8,10.0,hand_jaw_A_C|L0_ceiling,24.3,hand_jaw_A_C|L1_lane_floor,9.9,L0_ceiling,2.9,L0_div5_nose,5.4,L0_lane_floor,8.6,nb3_0,35.8,hand_jaw_B_C|nb3_0,30.4,kit_shaft_flange|L1_lane_floor,27.7,L1_lane_floor
5,0,287.0,pet_600_soda,lower2,365.2,291.2,21.8,339.8,12.0,hand_jaw_A_C|L0_ceiling,25.5,hand_jaw_A_C|L1_lane_floor,11.9,L0_ceiling,2.9,L0_div4_nose,3.4,L0_lane_floor,8.5,nb3_0,35.8,hand_jaw_B_C|nb3_0,29.8,kit_shaft_flange|L1_lane_floor,29.8,L1_lane_floor
5,0,318.0,pet_500,insert_start,288.0,214.0,99.0,322.9,,,,,,,24.9,L0_div4_nose,11.1,L0_lane_floor,43.1,nb3_0,,,,,,
5,0,318.0,pet_500,insert_mid,326.2,252.2,60.8,318.9,,,,,,,5.2,L0_div5_nose,7.1,L0_lane_floor,20.0,nb3_0,47.1,hand_jaw_B_C|nb3_0,,,,
5,0,318.0,pet_500,insert_end,364.4,290.4,22.6,314.8,,,46.4,hand_top_plate|L1_lane_floor,,,3.8,L0_div5_nose,5.4,L0_lane_floor,10.2,nb3_0,35.8,hand_jaw_B_C|nb3_0,22.3,arm_l2|L1_lane_floor,,
5,0,318.0,pet_500,lower2,364.4,290.4,22.6,312.8,,,47.9,hand_top_plate|L1_lane_floor,,,3.8,L0_div5_nose,3.4,L0_lane_floor,10.2,nb3_0,35.8,hand_jaw_B_C|nb3_0,22.3,arm_l2|L1_lane_floor,,
5,0,318.0,pet_600_soda,insert_start,288.0,214.0,99.0,350.0,49.6,hand_jaw_B_C|L0_ceiling,58.7,hand_jaw_A_C|L1_lane_floor,54.9,L0_ceiling,24.1,L0_div5_nose,11.2,L0_lane_floor,42.0,nb3_0,,,,,,
5,0,318.0,pet_600_soda,insert_mid,326.6,252.6,60.4,345.9,40.8,hand_jaw_B_C|L0_ceiling,58.7,hand_jaw_B_C|L1_lane_floor,41.1,L0_ceiling,4.3,L0_div4_nose,7.1,L0_lane_floor,18.4,nb3_0,49.0,hand_jaw_B_C|nb3_0,,,,
5,0,318.0,pet_600_soda,insert_end,365.2,291.2,21.8,341.8,40.8,hand_jaw_A_C|L0_ceiling,30.1,hand_top_plate|L1_lane_floor,41.1,L0_ceiling,2.9,L0_div5_nose,5.4,L0_lane_floor,8.6,nb3_0,35.8,hand_jaw_B_C|nb3_0,22.8,arm_l2|L1_lane_floor,,
5,0,318.0,pet_600_soda,lower2,365.2,291.2,21.8,339.8,42.8,hand_jaw_A_C|L0_ceiling,30.7,hand_top_plate|L1_lane_floor,48.3,L0_ceiling,2.9,L0_div4_nose,3.4,L0_lane_floor,8.5,nb3_0,35.8,hand_jaw_B_C|nb3_0,22.5,arm_l2|L1_lane_floor,,
5,0,381.0,pet_500,insert_start,288.0,214.0,99.0,322.9,,,,,,,24.9,L0_div4_nose,11.1,L0_lane_floor,43.1,nb3_0,,,,,,
5,0,381.0,pet_500,insert_mid,326.2,252.2,60.8,318.9,,,,,,,5.2,L0_div5_nose,7.1,L0_lane_floor,20.0,nb3_0,47.1,hand_jaw_B_C|nb3_0,,,,
5,0,381.0,pet_500,insert_end,364.4,290.4,22.6,314.8,,,,,,,3.8,L0_div5_nose,5.4,L0_lane_floor,10.2,nb3_0,35.8,hand_jaw_B_C|nb3_0,41.4,arm_l2|L1_lane_floor,,
5,0,381.0,pet_500,lower2,364.4,290.4,22.6,312.8,,,,,,,3.8,L0_div5_nose,3.4,L0_lane_floor,10.2,nb3_0,35.8,hand_jaw_B_C|nb3_0,43.0,arm_l2|L1_lane_floor,,
5,0,381.0,pet_600_soda,insert_start,288.0,214.0,99.0,350.0,,,,,,,24.1,L0_div5_nose,11.2,L0_lane_floor,42.0,nb3_0,,,,,,
5,0,381.0,pet_600_soda,insert_mid,326.6,252.6,60.4,345.9,,,,,,,4.3,L0_div4_nose,7.1,L0_lane_floor,18.4,nb3_0,49.0,hand_jaw_B_C|nb3_0,,,,
5,0,381.0,pet_600_soda,insert_end,365.2,291.2,21.8,341.8,,,,,,,2.9,L0_div5_nose,5.4,L0_lane_floor,8.6,nb3_0,35.8,hand_jaw_B_C|nb3_0,23.0,arm_l2|L1_lane_floor,,
5,0,381.0,pet_600_soda,lower2,365.2,291.2,21.8,339.8,,,,,,,2.9,L0_div4_nose,3.4,L0_lane_floor,8.5,nb3_0,35.8,hand_jaw_B_C|nb3_0,23.8,arm_l2|L1_lane_floor,,
