clearance,need_mm,p287,p318,p381,overall
hand base and guide rail front to the ceiling front plane y = 313 mm,15.0,21.7,21.7,21.7,21.7
"hand (jaws, plates) to the ceiling plate of its own level",5.0,10.0,40.8,,10.0
carried bottle (cap) to the ceiling plate,5.0,9.9,41.0,,9.9
hand to the lane floor of the level above,,24.3,30.1,,24.3
"arm (L2, J3 stack) to the lane floor of the level above",,20.2,18.6,19.4,18.6
bottle body to the divider noses and bodies,,2.9,2.9,2.9,2.9
bottle base to the lane floor,,3.4,3.4,3.4,3.4
carried bottle to the neighbour bottles,,8.5,8.5,8.5,8.5
hand to the neighbour bottles,,35.8,35.8,35.8,35.8
