tag,cap_od,ring_od,ring_t,neck_od,free_neck,shoulder,D,gap_mm,overlap_seated_mm3,who_seated,overlap_lowered_0p3_mm3,who_lowered,seated_no_interference,ring_rests_on_lip
nominal,30.5,33.0,2.0,25.5,6.0,38.0,67.5,30.55,0.0,,8.617,jaw_A_C,True,True
corner,29.5,32.0,1.5,24.5,3.0,35.0,71.0,29.55,0.0,jaw_B_C,8.482,jaw_A_C,True,True
corner,29.5,32.0,1.5,24.5,3.0,45.0,71.0,29.55,0.0,jaw_B_C,8.482,jaw_A_C,True,True
corner,29.5,32.0,1.5,24.5,10.0,35.0,71.0,29.55,0.0,jaw_B_C,8.482,jaw_A_C,True,True
corner,29.5,32.0,1.5,24.5,10.0,45.0,71.0,29.55,0.0,jaw_B_C,8.482,jaw_A_C,True,True
corner,29.5,32.0,1.5,26.5,3.0,35.0,71.0,29.55,0.0,,8.482,jaw_A_C,True,True
corner,29.5,32.0,1.5,26.5,3.0,45.0,71.0,29.55,0.0,,8.482,jaw_A_C,True,True
corner,29.5,32.0,1.5,26.5,10.0,35.0,71.0,29.55,0.0,,8.482,jaw_A_C,True,True
corner,29.5,32.0,1.5,26.5,10.0,45.0,71.0,29.55,0.0,,8.482,jaw_A_C,True,True
corner,29.5,32.0,3.0,24.5,3.0,35.0,71.0,29.55,0.0,jaw_B_C,8.482,jaw_A_C,True,True
corner,29.5,32.0,3.0,24.5,3.0,45.0,71.0,29.55,0.0,jaw_B_C,8.482,jaw_A_C,True,True
corner,29.5,32.0,3.0,24.5,10.0,35.0,71.0,29.55,0.0,jaw_B_C,8.482,jaw_A_C,True,True
corner,29.5,32.0,3.0,24.5,10.0,45.0,71.0,29.55,0.0,jaw_B_C,8.482,jaw_A_C,True,True
corner,29.5,32.0,3.0,26.5,3.0,35.0,71.0,29.55,0.0,,8.482,jaw_A_C,True,True
corner,29.5,32.0,3.0,26.5,3.0,45.0,71.0,29.55,0.0,,8.482,jaw_A_C,True,True
corner,29.5,32.0,3.0,26.5,10.0,35.0,71.0,29.55,0.0,,8.482,jaw_A_C,True,True
corner,29.5,32.0,3.0,26.5,10.0,45.0,71.0,29.55,0.0,,8.482,jaw_A_C,True,True
corner,29.5,34.0,1.5,24.5,3.0,35.0,71.0,29.55,0.0,,14.472,jaw_A_C,True,True
corner,29.5,34.0,1.5,24.5,3.0,45.0,71.0,29.55,0.0,,14.472,jaw_A_C,True,True
corner,29.5,34.0,1.5,24.5,10.0,35.0,71.0,29.55,0.0,,14.472,jaw_A_C,True,True
corner,29.5,34.0,1.5,24.5,10.0,45.0,71.0,29.55,0.0,,14.472,jaw_A_C,True,True
corner,29.5,34.0,1.5,26.5,3.0,35.0,71.0,29.55,0.0,,14.472,jaw_A_C,True,True
corner,29.5,34.0,1.5,26.5,3.0,45.0,71.0,29.55,0.0,,14.472,jaw_A_C,True,True
corner,29.5,34.0,1.5,26.5,10.0,35.0,71.0,29.55,0.0,,14.472,jaw_A_C,True,True
corner,29.5,34.0,1.5,26.5,10.0,45.0,71.0,29.55,0.0,,14.472,jaw_A_C,True,True
corner,29.5,34.0,3.0,24.5,3.0,35.0,71.0,29.55,0.0,,14.472,jaw_A_C,True,True
corner,29.5,34.0,3.0,24.5,3.0,45.0,71.0,29.55,0.0,,14.472,jaw_A_C,True,True
corner,29.5,34.0,3.0,24.5,10.0,35.0,71.0,29.55,0.0,,14.472,jaw_A_C,True,True
corner,29.5,34.0,3.0,24.5,10.0,45.0,71.0,29.55,0.0,,14.472,jaw_A_C,True,True
corner,29.5,34.0,3.0,26.5,3.0,35.0,71.0,29.55,0.0,,14.472,jaw_A_C,True,True
corner,29.5,34.0,3.0,26.5,3.0,45.0,71.0,29.55,0.0,,14.472,jaw_A_C,True,True
corner,29.5,34.0,3.0,26.5,10.0,35.0,71.0,29.55,0.0,,14.472,jaw_A_C,True,True
corner,29.5,34.0,3.0,26.5,10.0,45.0,71.0,29.55,0.0,,14.472,jaw_A_C,True,True
corner,32.0,32.0,1.5,24.5,3.0,35.0,71.0,32.05,0.0,,2.946,jaw_B_C,True,True
corner,32.0,32.0,1.5,24.5,3.0,45.0,71.0,32.05,0.0,,2.946,jaw_B_C,True,True
corner,32.0,32.0,1.5,24.5,10.0,35.0,71.0,32.05,0.0,,2.946,jaw_B_C,True,True
corner,32.0,32.0,1.5,24.5,10.0,45.0,71.0,32.05,0.0,,2.946,jaw_B_C,True,True
corner,32.0,32.0,1.5,26.5,3.0,35.0,71.0,32.05,0.0,,2.946,jaw_B_C,True,True
corner,32.0,32.0,1.5,26.5,3.0,45.0,71.0,32.05,0.0,,2.946,jaw_B_C,True,True
corner,32.0,32.0,1.5,26.5,10.0,35.0,71.0,32.05,0.0,,2.946,jaw_B_C,True,True
corner,32.0,32.0,1.5,26.5,10.0,45.0,71.0,32.05,0.0,,2.946,jaw_B_C,True,True
corner,32.0,32.0,3.0,24.5,3.0,35.0,71.0,32.05,0.0,,2.946,jaw_B_C,True,True
corner,32.0,32.0,3.0,24.5,3.0,45.0,71.0,32.05,0.0,,2.946,jaw_B_C,True,True
corner,32.0,32.0,3.0,24.5,10.0,35.0,71.0,32.05,0.0,,2.946,jaw_B_C,True,True
corner,32.0,32.0,3.0,24.5,10.0,45.0,71.0,32.05,0.0,,2.946,jaw_B_C,True,True
corner,32.0,32.0,3.0,26.5,3.0,35.0,71.0,32.05,0.0,,2.946,jaw_B_C,True,True
corner,32.0,32.0,3.0,26.5,3.0,45.0,71.0,32.05,0.0,,2.946,jaw_B_C,True,True
corner,32.0,32.0,3.0,26.5,10.0,35.0,71.0,32.05,0.0,,2.946,jaw_B_C,True,True
corner,32.0,32.0,3.0,26.5,10.0,45.0,71.0,32.05,0.0,,2.946,jaw_B_C,True,True
corner,32.0,34.0,1.5,24.5,3.0,35.0,71.0,32.05,0.0,,7.458,jaw_B_C,True,True
corner,32.0,34.0,1.5,24.5,3.0,45.0,71.0,32.05,0.0,,7.458,jaw_B_C,True,True
corner,32.0,34.0,1.5,24.5,10.0,35.0,71.0,32.05,0.0,,7.458,jaw_B_C,True,True
corner,32.0,34.0,1.5,24.5,10.0,45.0,71.0,32.05,0.0,,7.458,jaw_B_C,True,True
corner,32.0,34.0,1.5,26.5,3.0,35.0,71.0,32.05,0.0,,7.458,jaw_B_C,True,True
corner,32.0,34.0,1.5,26.5,3.0,45.0,71.0,32.05,0.0,,7.458,jaw_B_C,True,True
corner,32.0,34.0,1.5,26.5,10.0,35.0,71.0,32.05,0.0,,7.458,jaw_B_C,True,True
corner,32.0,34.0,1.5,26.5,10.0,45.0,71.0,32.05,0.0,,7.458,jaw_B_C,True,True
corner,32.0,34.0,3.0,24.5,3.0,35.0,71.0,32.05,0.0,,7.458,jaw_B_C,True,True
corner,32.0,34.0,3.0,24.5,3.0,45.0,71.0,32.05,0.0,,7.458,jaw_B_C,True,True
corner,32.0,34.0,3.0,24.5,10.0,35.0,71.0,32.05,0.0,,7.458,jaw_B_C,True,True
corner,32.0,34.0,3.0,24.5,10.0,45.0,71.0,32.05,0.0,,7.458,jaw_B_C,True,True
corner,32.0,34.0,3.0,26.5,3.0,35.0,71.0,32.05,0.0,,7.458,jaw_B_C,True,True
corner,32.0,34.0,3.0,26.5,3.0,45.0,71.0,32.05,0.0,,7.458,jaw_B_C,True,True
corner,32.0,34.0,3.0,26.5,10.0,35.0,71.0,32.05,0.0,,7.458,jaw_B_C,True,True
corner,32.0,34.0,3.0,26.5,10.0,45.0,71.0,32.05,0.0,,7.458,jaw_B_C,True,True
