part,group,qty_per_hand,material,watertight,volume_mm3,mass_g,print_hours,bbox_x,bbox_y,bbox_z,fits_bed,orientation,supports,gate0_first,note
s2hand_stick_A_C,gate0 clip stick,1,PETG,True,21118.0,17.2,0.77,20.0,77.0,22.0,True,"outer face (|x| = 23) down, slot face up: lip/groove/cap-wall steps print as terraces (no supports); strap window opens sideways",none,True,"hand-held test head: jaw cut at y = 50 (full collar head, 22 x 20 mm handle); 1 L + 1 R per type"
s2hand_stick_B_C,gate0 clip stick,1,PETG,True,21118.0,17.2,0.77,20.0,77.0,22.0,True,"outer face (|x| = 23) down, slot face up: lip/groove/cap-wall steps print as terraces (no supports); strap window opens sideways",none,True,"hand-held test head: jaw cut at y = 50 (full collar head, 22 x 20 mm handle); 1 L + 1 R per type"
s2hand_stick_A_F,gate0 clip stick,1,PETG,True,19853.0,16.4,0.75,20.0,77.0,22.0,True,"outer face (|x| = 23) down, slot face up: lip/groove/cap-wall steps print as terraces (no supports); strap window opens sideways",none,True,"hand-held test head: jaw cut at y = 50 (full collar head, 22 x 20 mm handle); 1 L + 1 R per type"
s2hand_stick_B_F,gate0 clip stick,1,PETG,True,19853.0,16.4,0.75,20.0,77.0,22.0,True,"outer face (|x| = 23) down, slot face up: lip/groove/cap-wall steps print as terraces (no supports); strap window opens sideways",none,True,"hand-held test head: jaw cut at y = 50 (full collar head, 22 x 20 mm handle); 1 L + 1 R per type"
s2hand_jaw_A_C,jaw (type C),1,PETG,True,47277.0,37.1,1.37,42.8,147.0,29.0,True,"outer face (|x| = 23) down, slot face up: lip/groove/cap-wall steps print as terraces (no supports); strap window opens sideways",none,False,
s2hand_jaw_B_C,jaw (type C),1,PETG,True,51332.0,40.4,1.47,42.8,157.1,29.0,True,"outer face (|x| = 23) down, slot face up: lip/groove/cap-wall steps print as terraces (no supports); strap window opens sideways",none,False,
s2hand_jaw_A_F,jaw (type F),1,PETG,True,46012.0,36.3,1.35,42.8,147.0,29.0,True,"outer face (|x| = 23) down, slot face up: lip/groove/cap-wall steps print as terraces (no supports); strap window opens sideways",none,False,
s2hand_jaw_B_F,jaw (type F),1,PETG,True,50067.0,39.6,1.45,42.8,157.1,29.0,True,"outer face (|x| = 23) down, slot face up: lip/groove/cap-wall steps print as terraces (no supports); strap window opens sideways",none,False,
s2hand_guide_rail,common,1,PETG,True,47610.0,44.4,1.6,152.6,56.5,48.0,True,"front face (y = 30) down, U opening up; brackets grow as 4 mm walls",none,False,rail + 2 end brackets: bolted M3x10 to the 4 base end-face inserts
s2hand_base_v2,common (option: reprint),1,PETG,True,80938.0,72.3,2.44,144.0,58.3,25.3,True,"floor down, channels up (as S1)",none,False,S1 base + 4 insert holes D4.2 x 5.5; reprint ONLY if the drill template is not used
s2hand_drill_template,common (option: drill),2,PETG,True,4103.0,5.2,0.41,14.8,36.0,16.0,True,plate flat,none,True,"drill template for the 4 end-face holes of an existing S1 base (D4.3 guides); 1 per end, ~20 min each"
s2hand_pad_tpu,option (TPU 95A),2,TPU 95A,True,147.0,0.2,0.26,1.0,14.0,10.5,True,"flat, 1.0 mm thick",none,False,1 mm strip 14 x ~10.5; glue (CA) into the pocket of the _pad jaws; 4 pcs incl. 2 spares
s2hand_jaw_A_C_pad,"jaw (type C, pad pocket)",1,PETG,True,47130.0,37.1,1.38,42.8,147.0,29.0,True,"outer face (|x| = 23) down, slot face up: lip/groove/cap-wall steps print as terraces (no supports); strap window opens sideways",none,False,type C with a 1.0 mm pad pocket on the cap-wall face (use with s2hand_pad_tpu); cap-OD box unchanged
s2hand_jaw_B_C_pad,"jaw (type C, pad pocket)",1,PETG,True,51185.0,40.4,1.47,42.8,157.1,29.0,True,"outer face (|x| = 23) down, slot face up: lip/groove/cap-wall steps print as terraces (no supports); strap window opens sideways",none,False,type C with a 1.0 mm pad pocket on the cap-wall face (use with s2hand_pad_tpu); cap-OD box unchanged
s2hand_ladder_LIP2p0_GH5p5_D29p0,tolerance ladder,1,PETG,True,15766.0,17.5,0.78,46.0,48.0,22.0,True,"two heads side by side, outer faces down",none,True,"ladder LIP2.0_GH5.5_D29.0: LIP_T = 2.0 (others nominal {'lip_t': 3.0, 'groove_h': 5.5, 'd_cap_hs': 29.0}); try on real bottles; hard-stop cap-wall gap D_CAP_HS"
s2hand_ladder_LIP3p0_GH5p5_D29p0,tolerance ladder,1,PETG,True,16716.0,18.2,0.8,48.0,48.0,22.0,True,"two heads side by side, outer faces down",none,True,"ladder LIP3.0_GH5.5_D29.0: LIP_T = 3.0 (others nominal {'lip_t': 3.0, 'groove_h': 5.5, 'd_cap_hs': 29.0}); try on real bottles; hard-stop cap-wall gap D_CAP_HS"
s2hand_ladder_LIP4p0_GH5p5_D29p0,tolerance ladder,1,PETG,True,17674.0,19.0,0.83,50.0,48.0,22.0,True,"two heads side by side, outer faces down",none,True,"ladder LIP4.0_GH5.5_D29.0: LIP_T = 4.0 (others nominal {'lip_t': 3.0, 'groove_h': 5.5, 'd_cap_hs': 29.0}); try on real bottles; hard-stop cap-wall gap D_CAP_HS"
s2hand_ladder_LIP5p0_GH5p5_D29p0,tolerance ladder,1,PETG,True,18640.0,19.8,0.85,52.0,48.0,22.0,True,"two heads side by side, outer faces down",none,True,"ladder LIP5.0_GH5.5_D29.0: LIP_T = 5.0 (others nominal {'lip_t': 3.0, 'groove_h': 5.5, 'd_cap_hs': 29.0}); try on real bottles; hard-stop cap-wall gap D_CAP_HS"
s2hand_ladder_LIP3p0_GH3p5_D29p0,tolerance ladder,1,PETG,True,17156.0,18.4,0.81,48.0,48.0,22.0,True,"two heads side by side, outer faces down",none,True,"ladder LIP3.0_GH3.5_D29.0: GROOVE_H = 3.5 (others nominal {'lip_t': 3.0, 'groove_h': 5.5, 'd_cap_hs': 29.0}); try on real bottles; hard-stop cap-wall gap D_CAP_HS"
s2hand_ladder_LIP3p0_GH4p5_D29p0,tolerance ladder,1,PETG,True,16936.0,18.3,0.81,48.0,48.0,22.0,True,"two heads side by side, outer faces down",none,True,"ladder LIP3.0_GH4.5_D29.0: GROOVE_H = 4.5 (others nominal {'lip_t': 3.0, 'groove_h': 5.5, 'd_cap_hs': 29.0}); try on real bottles; hard-stop cap-wall gap D_CAP_HS"
s2hand_ladder_LIP3p0_GH5p5_D28p0,tolerance ladder,1,PETG,True,16636.0,18.1,0.8,48.0,48.0,21.5,True,"two heads side by side, outer faces down",none,True,"ladder LIP3.0_GH5.5_D28.0: D_CAP_HS = 28.0 (others nominal {'lip_t': 3.0, 'groove_h': 5.5, 'd_cap_hs': 29.0}); try on real bottles; hard-stop cap-wall gap D_CAP_HS"
s2hand_ladder_LIP3p0_GH5p5_D30p0,tolerance ladder,1,PETG,True,16796.0,18.4,0.81,48.0,48.0,22.5,True,"two heads side by side, outer faces down",none,True,"ladder LIP3.0_GH5.5_D30.0: D_CAP_HS = 30.0 (others nominal {'lip_t': 3.0, 'groove_h': 5.5, 'd_cap_hs': 29.0}); try on real bottles; hard-stop cap-wall gap D_CAP_HS"
