mode,TQ_Nm,F_servo_N,mu_face,mu_guide,SF,load_case,max_mass_kg,lip_mm,limiting,jaw
friction only,0.7,24.8,0.3,0.3,2.0,1.3 g vertical + 0.3 g heading,0.486,,,
friction only,0.7,24.8,0.3,0.1,2.0,1.3 g vertical + 0.3 g heading,0.538,,,
friction only,0.7,24.8,0.5,0.3,2.0,1.3 g vertical + 0.3 g heading,0.739,,,
friction only,0.7,24.8,0.5,0.1,2.0,1.3 g vertical + 0.3 g heading,0.866,,,
friction only,0.7,24.8,0.6,0.3,2.0,1.3 g vertical + 0.3 g heading,0.85,,,
friction only,0.7,24.8,0.6,0.1,2.0,1.3 g vertical + 0.3 g heading,1.022,,,
friction only,1.0,35.4,0.3,0.3,2.0,1.3 g vertical + 0.3 g heading,0.695,,,
friction only,1.0,35.4,0.3,0.1,2.0,1.3 g vertical + 0.3 g heading,0.769,,,
friction only,1.0,35.4,0.5,0.3,2.0,1.3 g vertical + 0.3 g heading,1.056,,,
friction only,1.0,35.4,0.5,0.1,2.0,1.3 g vertical + 0.3 g heading,1.237,,,
friction only,1.0,35.4,0.6,0.3,2.0,1.3 g vertical + 0.3 g heading,1.214,,,
friction only,1.0,35.4,0.6,0.1,2.0,1.3 g vertical + 0.3 g heading,1.46,,,
friction only,1.177,41.7,0.3,0.3,2.0,1.3 g vertical + 0.3 g heading,0.818,,,
friction only,1.177,41.7,0.3,0.1,2.0,1.3 g vertical + 0.3 g heading,0.905,,,
friction only,1.177,41.7,0.5,0.3,2.0,1.3 g vertical + 0.3 g heading,1.243,,,
friction only,1.177,41.7,0.5,0.1,2.0,1.3 g vertical + 0.3 g heading,1.456,,,
friction only,1.177,41.7,0.6,0.3,2.0,1.3 g vertical + 0.3 g heading,1.429,,,
friction only,1.177,41.7,0.6,0.1,2.0,1.3 g vertical + 0.3 g heading,1.718,,,
"lip-supported (ledge beam, worst seat corner)",,,,,2.0,1.5 g,4.05,3.0,sigma_xx across layers 10 MPa,
"lip-supported (ledge beam, worst seat corner)",,,,,2.0,1.5 g,1.8,2.0,sigma_xx across layers 10 MPa,
"lip-supported (jaw FE, nominal seat, 1.5 mm voxel)",,,,,2.0,1.5 g,7.58,,"min(in-plane 20, across 10 MPa)",A
"lip-supported (jaw FE, nominal seat, 1.5 mm voxel)",,,,,2.0,1.5 g,8.02,,"min(in-plane 20, across 10 MPa)",B
lip-supported droop limit 1.0 mm at the bore,,,,,,1.5 g,3.0,,elastic only,
lip-supported droop limit 1.0 mm at the bore,,,,,,1.5 g,1.37,,elastic + guide play 0.12 mm gaps,
lip-supported droop limit 1.0 mm at the bore,,,,,,1.5 g,1.01,,elastic + guide play 0.2 mm gaps,
