case,cap_od,cap_h,ring_od,ring_t,neck_od,free_neck,shoulder_len,F_close_w0.2_max_overlap_mm3,F_close_w0.2_ok,F_close_w0.2_at_stop_mm3,F_close_w1.2_max_overlap_mm3,F_close_w1.2_ok,F_close_w1.2_at_stop_mm3,F_close_w2.2_max_overlap_mm3,F_close_w2.2_ok,F_close_w2.2_at_stop_mm3,F_ring_bearing_width_mm,F_neck_to_lip_clr_mm
nominal,30.5,18.0,33.0,2.0,25.5,6.0,38.0,0.0,True,0.0,0.0,True,0.0,0.0,True,0.0,3.25,0.5
corner_0000000,29.5,16.0,32.0,1.5,24.5,3.0,35.0,0.0,True,0.0,0.0,True,0.0,1.15,False,1.15,2.75,1.0
corner_0000001,29.5,16.0,32.0,1.5,24.5,3.0,45.0,0.0,True,0.0,0.0,True,0.0,0.063,True,0.063,2.75,1.0
corner_0000010,29.5,16.0,32.0,1.5,24.5,10.0,35.0,0.0,True,0.0,0.0,True,0.0,0.0,True,0.0,2.75,1.0
corner_0000011,29.5,16.0,32.0,1.5,24.5,10.0,45.0,0.0,True,0.0,0.0,True,0.0,0.0,True,0.0,2.75,1.0
corner_0000100,29.5,16.0,32.0,1.5,26.5,3.0,35.0,0.042,True,0.042,4.327,False,4.327,20.17,False,20.17,2.75,0.0
corner_0000101,29.5,16.0,32.0,1.5,26.5,3.0,45.0,0.028,True,0.028,2.935,False,2.935,13.7,False,13.7,2.75,0.0
corner_0000110,29.5,16.0,32.0,1.5,26.5,10.0,35.0,0.0,True,0.0,0.0,True,0.0,0.0,True,0.0,2.75,0.0
corner_0000111,29.5,16.0,32.0,1.5,26.5,10.0,45.0,0.0,True,0.0,0.0,True,0.0,0.0,True,0.0,2.75,0.0
corner_0001000,29.5,16.0,32.0,3.0,24.5,3.0,35.0,0.0,True,0.0,0.0,True,0.0,1.15,False,1.15,2.75,1.0
corner_0001001,29.5,16.0,32.0,3.0,24.5,3.0,45.0,0.0,True,0.0,0.0,True,0.0,0.063,True,0.063,2.75,1.0
corner_0001010,29.5,16.0,32.0,3.0,24.5,10.0,35.0,0.0,True,0.0,0.0,True,0.0,0.0,True,0.0,2.75,1.0
corner_0001011,29.5,16.0,32.0,3.0,24.5,10.0,45.0,0.0,True,0.0,0.0,True,0.0,0.0,True,0.0,2.75,1.0
corner_0001100,29.5,16.0,32.0,3.0,26.5,3.0,35.0,0.042,True,0.042,4.327,False,4.327,20.17,False,20.17,2.75,0.0
corner_0001101,29.5,16.0,32.0,3.0,26.5,3.0,45.0,0.028,True,0.028,2.935,False,2.935,13.7,False,13.7,2.75,0.0
corner_0001110,29.5,16.0,32.0,3.0,26.5,10.0,35.0,0.0,True,0.0,0.0,True,0.0,0.0,True,0.0,2.75,0.0
corner_0001111,29.5,16.0,32.0,3.0,26.5,10.0,45.0,0.0,True,0.0,0.0,True,0.0,0.0,True,0.0,2.75,0.0
corner_0010000,29.5,16.0,34.0,1.5,24.5,3.0,35.0,0.0,True,0.0,0.0,True,0.0,1.15,False,1.15,3.75,1.0
corner_0010001,29.5,16.0,34.0,1.5,24.5,3.0,45.0,0.0,True,0.0,0.0,True,0.0,0.063,True,0.063,3.75,1.0
corner_0010010,29.5,16.0,34.0,1.5,24.5,10.0,35.0,0.0,True,0.0,0.0,True,0.0,0.0,True,0.0,3.75,1.0
corner_0010011,29.5,16.0,34.0,1.5,24.5,10.0,45.0,0.0,True,0.0,0.0,True,0.0,0.0,True,0.0,3.75,1.0
corner_0010100,29.5,16.0,34.0,1.5,26.5,3.0,35.0,0.042,True,0.042,4.327,False,4.327,20.17,False,20.17,3.75,0.0
corner_0010101,29.5,16.0,34.0,1.5,26.5,3.0,45.0,0.028,True,0.028,2.935,False,2.935,13.7,False,13.7,3.75,0.0
corner_0010110,29.5,16.0,34.0,1.5,26.5,10.0,35.0,0.0,True,0.0,0.0,True,0.0,0.0,True,0.0,3.75,0.0
corner_0010111,29.5,16.0,34.0,1.5,26.5,10.0,45.0,0.0,True,0.0,0.0,True,0.0,0.0,True,0.0,3.75,0.0
corner_0011000,29.5,16.0,34.0,3.0,24.5,3.0,35.0,0.0,True,0.0,0.0,True,0.0,1.15,False,1.15,3.75,1.0
corner_0011001,29.5,16.0,34.0,3.0,24.5,3.0,45.0,0.0,True,0.0,0.0,True,0.0,0.063,True,0.063,3.75,1.0
corner_0011010,29.5,16.0,34.0,3.0,24.5,10.0,35.0,0.0,True,0.0,0.0,True,0.0,0.0,True,0.0,3.75,1.0
corner_0011011,29.5,16.0,34.0,3.0,24.5,10.0,45.0,0.0,True,0.0,0.0,True,0.0,0.0,True,0.0,3.75,1.0
corner_0011100,29.5,16.0,34.0,3.0,26.5,3.0,35.0,0.042,True,0.042,4.327,False,4.327,20.17,False,20.17,3.75,0.0
corner_0011101,29.5,16.0,34.0,3.0,26.5,3.0,45.0,0.028,True,0.028,2.935,False,2.935,13.7,False,13.7,3.75,0.0
corner_0011110,29.5,16.0,34.0,3.0,26.5,10.0,35.0,0.0,True,0.0,0.0,True,0.0,0.0,True,0.0,3.75,0.0
corner_0011111,29.5,16.0,34.0,3.0,26.5,10.0,45.0,0.0,True,0.0,0.0,True,0.0,0.0,True,0.0,3.75,0.0
corner_0100000,29.5,21.0,32.0,1.5,24.5,3.0,35.0,0.0,True,0.0,0.0,True,0.0,1.15,False,1.15,2.75,1.0
corner_0100001,29.5,21.0,32.0,1.5,24.5,3.0,45.0,0.0,True,0.0,0.0,True,0.0,0.063,True,0.063,2.75,1.0
corner_0100010,29.5,21.0,32.0,1.5,24.5,10.0,35.0,0.0,True,0.0,0.0,True,0.0,0.0,True,0.0,2.75,1.0
corner_0100011,29.5,21.0,32.0,1.5,24.5,10.0,45.0,0.0,True,0.0,0.0,True,0.0,0.0,True,0.0,2.75,1.0
corner_0100100,29.5,21.0,32.0,1.5,26.5,3.0,35.0,0.042,True,0.042,4.327,False,4.327,20.17,False,20.17,2.75,0.0
corner_0100101,29.5,21.0,32.0,1.5,26.5,3.0,45.0,0.028,True,0.028,2.935,False,2.935,13.7,False,13.7,2.75,0.0
corner_0100110,29.5,21.0,32.0,1.5,26.5,10.0,35.0,0.0,True,0.0,0.0,True,0.0,0.0,True,0.0,2.75,0.0
corner_0100111,29.5,21.0,32.0,1.5,26.5,10.0,45.0,0.0,True,0.0,0.0,True,0.0,0.0,True,0.0,2.75,0.0
corner_0101000,29.5,21.0,32.0,3.0,24.5,3.0,35.0,0.0,True,0.0,0.0,True,0.0,1.15,False,1.15,2.75,1.0
corner_0101001,29.5,21.0,32.0,3.0,24.5,3.0,45.0,0.0,True,0.0,0.0,True,0.0,0.063,True,0.063,2.75,1.0
corner_0101010,29.5,21.0,32.0,3.0,24.5,10.0,35.0,0.0,True,0.0,0.0,True,0.0,0.0,True,0.0,2.75,1.0
corner_0101011,29.5,21.0,32.0,3.0,24.5,10.0,45.0,0.0,True,0.0,0.0,True,0.0,0.0,True,0.0,2.75,1.0
corner_0101100,29.5,21.0,32.0,3.0,26.5,3.0,35.0,0.042,True,0.042,4.327,False,4.327,20.17,False,20.17,2.75,0.0
corner_0101101,29.5,21.0,32.0,3.0,26.5,3.0,45.0,0.028,True,0.028,2.935,False,2.935,13.7,False,13.7,2.75,0.0
corner_0101110,29.5,21.0,32.0,3.0,26.5,10.0,35.0,0.0,True,0.0,0.0,True,0.0,0.0,True,0.0,2.75,0.0
corner_0101111,29.5,21.0,32.0,3.0,26.5,10.0,45.0,0.0,True,0.0,0.0,True,0.0,0.0,True,0.0,2.75,0.0
corner_0110000,29.5,21.0,34.0,1.5,24.5,3.0,35.0,0.0,True,0.0,0.0,True,0.0,1.15,False,1.15,3.75,1.0
corner_0110001,29.5,21.0,34.0,1.5,24.5,3.0,45.0,0.0,True,0.0,0.0,True,0.0,0.063,True,0.063,3.75,1.0
corner_0110010,29.5,21.0,34.0,1.5,24.5,10.0,35.0,0.0,True,0.0,0.0,True,0.0,0.0,True,0.0,3.75,1.0
corner_0110011,29.5,21.0,34.0,1.5,24.5,10.0,45.0,0.0,True,0.0,0.0,True,0.0,0.0,True,0.0,3.75,1.0
corner_0110100,29.5,21.0,34.0,1.5,26.5,3.0,35.0,0.042,True,0.042,4.327,False,4.327,20.17,False,20.17,3.75,0.0
corner_0110101,29.5,21.0,34.0,1.5,26.5,3.0,45.0,0.028,True,0.028,2.935,False,2.935,13.7,False,13.7,3.75,0.0
corner_0110110,29.5,21.0,34.0,1.5,26.5,10.0,35.0,0.0,True,0.0,0.0,True,0.0,0.0,True,0.0,3.75,0.0
corner_0110111,29.5,21.0,34.0,1.5,26.5,10.0,45.0,0.0,True,0.0,0.0,True,0.0,0.0,True,0.0,3.75,0.0
corner_0111000,29.5,21.0,34.0,3.0,24.5,3.0,35.0,0.0,True,0.0,0.0,True,0.0,1.15,False,1.15,3.75,1.0
corner_0111001,29.5,21.0,34.0,3.0,24.5,3.0,45.0,0.0,True,0.0,0.0,True,0.0,0.063,True,0.063,3.75,1.0
corner_0111010,29.5,21.0,34.0,3.0,24.5,10.0,35.0,0.0,True,0.0,0.0,True,0.0,0.0,True,0.0,3.75,1.0
corner_0111011,29.5,21.0,34.0,3.0,24.5,10.0,45.0,0.0,True,0.0,0.0,True,0.0,0.0,True,0.0,3.75,1.0
corner_0111100,29.5,21.0,34.0,3.0,26.5,3.0,35.0,0.042,True,0.042,4.327,False,4.327,20.17,False,20.17,3.75,0.0
corner_0111101,29.5,21.0,34.0,3.0,26.5,3.0,45.0,0.028,True,0.028,2.935,False,2.935,13.7,False,13.7,3.75,0.0
corner_0111110,29.5,21.0,34.0,3.0,26.5,10.0,35.0,0.0,True,0.0,0.0,True,0.0,0.0,True,0.0,3.75,0.0
corner_0111111,29.5,21.0,34.0,3.0,26.5,10.0,45.0,0.0,True,0.0,0.0,True,0.0,0.0,True,0.0,3.75,0.0
corner_1000000,32.0,16.0,32.0,1.5,24.5,3.0,35.0,0.0,True,0.0,0.0,True,0.0,1.15,False,1.15,2.75,1.0
corner_1000001,32.0,16.0,32.0,1.5,24.5,3.0,45.0,0.0,True,0.0,0.0,True,0.0,0.063,True,0.063,2.75,1.0
corner_1000010,32.0,16.0,32.0,1.5,24.5,10.0,35.0,0.0,True,0.0,0.0,True,0.0,0.0,True,0.0,2.75,1.0
corner_1000011,32.0,16.0,32.0,1.5,24.5,10.0,45.0,0.0,True,0.0,0.0,True,0.0,0.0,True,0.0,2.75,1.0
corner_1000100,32.0,16.0,32.0,1.5,26.5,3.0,35.0,0.042,True,0.042,4.327,False,4.327,20.17,False,20.17,2.75,0.0
corner_1000101,32.0,16.0,32.0,1.5,26.5,3.0,45.0,0.028,True,0.028,2.935,False,2.935,13.7,False,13.7,2.75,0.0
corner_1000110,32.0,16.0,32.0,1.5,26.5,10.0,35.0,0.0,True,0.0,0.0,True,0.0,0.0,True,0.0,2.75,0.0
corner_1000111,32.0,16.0,32.0,1.5,26.5,10.0,45.0,0.0,True,0.0,0.0,True,0.0,0.0,True,0.0,2.75,0.0
corner_1001000,32.0,16.0,32.0,3.0,24.5,3.0,35.0,0.0,True,0.0,0.0,True,0.0,1.15,False,1.15,2.75,1.0
corner_1001001,32.0,16.0,32.0,3.0,24.5,3.0,45.0,0.0,True,0.0,0.0,True,0.0,0.063,True,0.063,2.75,1.0
corner_1001010,32.0,16.0,32.0,3.0,24.5,10.0,35.0,0.0,True,0.0,0.0,True,0.0,0.0,True,0.0,2.75,1.0
corner_1001011,32.0,16.0,32.0,3.0,24.5,10.0,45.0,0.0,True,0.0,0.0,True,0.0,0.0,True,0.0,2.75,1.0
corner_1001100,32.0,16.0,32.0,3.0,26.5,3.0,35.0,0.042,True,0.042,4.327,False,4.327,20.17,False,20.17,2.75,0.0
corner_1001101,32.0,16.0,32.0,3.0,26.5,3.0,45.0,0.028,True,0.028,2.935,False,2.935,13.7,False,13.7,2.75,0.0
corner_1001110,32.0,16.0,32.0,3.0,26.5,10.0,35.0,0.0,True,0.0,0.0,True,0.0,0.0,True,0.0,2.75,0.0
corner_1001111,32.0,16.0,32.0,3.0,26.5,10.0,45.0,0.0,True,0.0,0.0,True,0.0,0.0,True,0.0,2.75,0.0
corner_1010000,32.0,16.0,34.0,1.5,24.5,3.0,35.0,0.0,True,0.0,0.0,True,0.0,1.15,False,1.15,3.75,1.0
corner_1010001,32.0,16.0,34.0,1.5,24.5,3.0,45.0,0.0,True,0.0,0.0,True,0.0,0.063,True,0.063,3.75,1.0
corner_1010010,32.0,16.0,34.0,1.5,24.5,10.0,35.0,0.0,True,0.0,0.0,True,0.0,0.0,True,0.0,3.75,1.0
corner_1010011,32.0,16.0,34.0,1.5,24.5,10.0,45.0,0.0,True,0.0,0.0,True,0.0,0.0,True,0.0,3.75,1.0
corner_1010100,32.0,16.0,34.0,1.5,26.5,3.0,35.0,0.042,True,0.042,4.327,False,4.327,20.17,False,20.17,3.75,0.0
corner_1010101,32.0,16.0,34.0,1.5,26.5,3.0,45.0,0.028,True,0.028,2.935,False,2.935,13.7,False,13.7,3.75,0.0
corner_1010110,32.0,16.0,34.0,1.5,26.5,10.0,35.0,0.0,True,0.0,0.0,True,0.0,0.0,True,0.0,3.75,0.0
corner_1010111,32.0,16.0,34.0,1.5,26.5,10.0,45.0,0.0,True,0.0,0.0,True,0.0,0.0,True,0.0,3.75,0.0
corner_1011000,32.0,16.0,34.0,3.0,24.5,3.0,35.0,0.0,True,0.0,0.0,True,0.0,1.15,False,1.15,3.75,1.0
corner_1011001,32.0,16.0,34.0,3.0,24.5,3.0,45.0,0.0,True,0.0,0.0,True,0.0,0.063,True,0.063,3.75,1.0
corner_1011010,32.0,16.0,34.0,3.0,24.5,10.0,35.0,0.0,True,0.0,0.0,True,0.0,0.0,True,0.0,3.75,1.0
corner_1011011,32.0,16.0,34.0,3.0,24.5,10.0,45.0,0.0,True,0.0,0.0,True,0.0,0.0,True,0.0,3.75,1.0
corner_1011100,32.0,16.0,34.0,3.0,26.5,3.0,35.0,0.042,True,0.042,4.327,False,4.327,20.17,False,20.17,3.75,0.0
corner_1011101,32.0,16.0,34.0,3.0,26.5,3.0,45.0,0.028,True,0.028,2.935,False,2.935,13.7,False,13.7,3.75,0.0
corner_1011110,32.0,16.0,34.0,3.0,26.5,10.0,35.0,0.0,True,0.0,0.0,True,0.0,0.0,True,0.0,3.75,0.0
corner_1011111,32.0,16.0,34.0,3.0,26.5,10.0,45.0,0.0,True,0.0,0.0,True,0.0,0.0,True,0.0,3.75,0.0
corner_1100000,32.0,21.0,32.0,1.5,24.5,3.0,35.0,0.0,True,0.0,0.0,True,0.0,1.15,False,1.15,2.75,1.0
corner_1100001,32.0,21.0,32.0,1.5,24.5,3.0,45.0,0.0,True,0.0,0.0,True,0.0,0.063,True,0.063,2.75,1.0
corner_1100010,32.0,21.0,32.0,1.5,24.5,10.0,35.0,0.0,True,0.0,0.0,True,0.0,0.0,True,0.0,2.75,1.0
corner_1100011,32.0,21.0,32.0,1.5,24.5,10.0,45.0,0.0,True,0.0,0.0,True,0.0,0.0,True,0.0,2.75,1.0
corner_1100100,32.0,21.0,32.0,1.5,26.5,3.0,35.0,0.042,True,0.042,4.327,False,4.327,20.17,False,20.17,2.75,0.0
corner_1100101,32.0,21.0,32.0,1.5,26.5,3.0,45.0,0.028,True,0.028,2.935,False,2.935,13.7,False,13.7,2.75,0.0
corner_1100110,32.0,21.0,32.0,1.5,26.5,10.0,35.0,0.0,True,0.0,0.0,True,0.0,0.0,True,0.0,2.75,0.0
corner_1100111,32.0,21.0,32.0,1.5,26.5,10.0,45.0,0.0,True,0.0,0.0,True,0.0,0.0,True,0.0,2.75,0.0
corner_1101000,32.0,21.0,32.0,3.0,24.5,3.0,35.0,0.0,True,0.0,0.0,True,0.0,1.15,False,1.15,2.75,1.0
corner_1101001,32.0,21.0,32.0,3.0,24.5,3.0,45.0,0.0,True,0.0,0.0,True,0.0,0.063,True,0.063,2.75,1.0
corner_1101010,32.0,21.0,32.0,3.0,24.5,10.0,35.0,0.0,True,0.0,0.0,True,0.0,0.0,True,0.0,2.75,1.0
corner_1101011,32.0,21.0,32.0,3.0,24.5,10.0,45.0,0.0,True,0.0,0.0,True,0.0,0.0,True,0.0,2.75,1.0
corner_1101100,32.0,21.0,32.0,3.0,26.5,3.0,35.0,0.042,True,0.042,4.327,False,4.327,20.17,False,20.17,2.75,0.0
corner_1101101,32.0,21.0,32.0,3.0,26.5,3.0,45.0,0.028,True,0.028,2.935,False,2.935,13.7,False,13.7,2.75,0.0
corner_1101110,32.0,21.0,32.0,3.0,26.5,10.0,35.0,0.0,True,0.0,0.0,True,0.0,0.0,True,0.0,2.75,0.0
corner_1101111,32.0,21.0,32.0,3.0,26.5,10.0,45.0,0.0,True,0.0,0.0,True,0.0,0.0,True,0.0,2.75,0.0
corner_1110000,32.0,21.0,34.0,1.5,24.5,3.0,35.0,0.0,True,0.0,0.0,True,0.0,1.15,False,1.15,3.75,1.0
corner_1110001,32.0,21.0,34.0,1.5,24.5,3.0,45.0,0.0,True,0.0,0.0,True,0.0,0.063,True,0.063,3.75,1.0
corner_1110010,32.0,21.0,34.0,1.5,24.5,10.0,35.0,0.0,True,0.0,0.0,True,0.0,0.0,True,0.0,3.75,1.0
corner_1110011,32.0,21.0,34.0,1.5,24.5,10.0,45.0,0.0,True,0.0,0.0,True,0.0,0.0,True,0.0,3.75,1.0
corner_1110100,32.0,21.0,34.0,1.5,26.5,3.0,35.0,0.042,True,0.042,4.327,False,4.327,20.17,False,20.17,3.75,0.0
corner_1110101,32.0,21.0,34.0,1.5,26.5,3.0,45.0,0.028,True,0.028,2.935,False,2.935,13.7,False,13.7,3.75,0.0
corner_1110110,32.0,21.0,34.0,1.5,26.5,10.0,35.0,0.0,True,0.0,0.0,True,0.0,0.0,True,0.0,3.75,0.0
corner_1110111,32.0,21.0,34.0,1.5,26.5,10.0,45.0,0.0,True,0.0,0.0,True,0.0,0.0,True,0.0,3.75,0.0
corner_1111000,32.0,21.0,34.0,3.0,24.5,3.0,35.0,0.0,True,0.0,0.0,True,0.0,1.15,False,1.15,3.75,1.0
corner_1111001,32.0,21.0,34.0,3.0,24.5,3.0,45.0,0.0,True,0.0,0.0,True,0.0,0.063,True,0.063,3.75,1.0
corner_1111010,32.0,21.0,34.0,3.0,24.5,10.0,35.0,0.0,True,0.0,0.0,True,0.0,0.0,True,0.0,3.75,1.0
corner_1111011,32.0,21.0,34.0,3.0,24.5,10.0,45.0,0.0,True,0.0,0.0,True,0.0,0.0,True,0.0,3.75,1.0
corner_1111100,32.0,21.0,34.0,3.0,26.5,3.0,35.0,0.042,True,0.042,4.327,False,4.327,20.17,False,20.17,3.75,0.0
corner_1111101,32.0,21.0,34.0,3.0,26.5,3.0,45.0,0.028,True,0.028,2.935,False,2.935,13.7,False,13.7,3.75,0.0
corner_1111110,32.0,21.0,34.0,3.0,26.5,10.0,35.0,0.0,True,0.0,0.0,True,0.0,0.0,True,0.0,3.75,0.0
corner_1111111,32.0,21.0,34.0,3.0,26.5,10.0,45.0,0.0,True,0.0,0.0,True,0.0,0.0,True,0.0,3.75,0.0
