cap_od,cap_h,ring_od,ring_t,neck_od,free_neck,shoulder_len,body_d,delta_clamp,first_contact,overlap_at_clamp_mm3,seat_area_mm2,seat_width_mm,lip_neck_clr_mm,ring_groove_clr_mm,groove_play_mm,cap_top_above_jaw_top_mm,seated_ok,approach_w0.2_ok,approach_w0.2_first_fail_dy,dropover_w0.2_first_fail_dz,dropover_w0.2_ok,close_w0.2_first,close_w0.2_ok,approach_w1.2_ok,approach_w1.2_first_fail_dy,dropover_w1.2_first_fail_dz,dropover_w1.2_ok,close_w1.2_first,close_w1.2_ok,approach_w2.2_ok,approach_w2.2_first_fail_dy,dropover_w2.2_first_fail_dz,dropover_w2.2_ok,close_w2.2_first,close_w2.2_ok,release_d1_loose_mm3,release_d1_open_mm3,release_d1_ok,release_d2_loose_mm3,release_d2_open_mm3,release_d2_ok,release_d3_loose_mm3,release_d3_open_mm3,release_d3_ok,case,jaw_type,style
30.5,18.0,33.0,2.0,25.5,6.0,38.0,71.0,0.708,cap,0.248,60.59,2.542,1.208,1.208,3.5,1.0,True,True,,,True,cap,True,True,,,True,cap,True,True,,,True,cap,True,0.0,0.0,True,0.0,0.0,True,0.0,0.0,True,nominal,C,flat
29.5,16.0,32.0,1.5,24.5,10.0,45.0,71.0,0.209,cap,0.21,59.59,2.541,1.209,1.209,4.0,-1.0,True,True,,,True,cap,True,True,,,True,cap,True,True,,,True,cap,True,0.0,0.0,True,0.0,0.0,True,0.0,0.0,True,corner_0000011,C,flat
29.5,16.0,32.0,1.5,26.5,10.0,45.0,71.0,0.209,cap,0.21,59.59,2.541,0.209,1.209,4.0,-1.0,True,True,,,True,cap,True,True,,,True,cap,True,True,,,True,cap,True,0.0,0.0,True,0.0,0.0,True,0.0,0.0,True,corner_0000111,C,flat
29.5,16.0,32.0,3.0,24.5,10.0,45.0,71.0,0.209,cap,0.21,59.59,2.541,1.209,1.209,2.5,-1.0,True,True,,,True,cap,True,True,,,True,cap,True,True,,,True,cap,True,0.0,0.0,True,0.0,0.0,True,5.16,0.0,False,corner_0001011,C,flat
29.5,16.0,32.0,3.0,26.5,10.0,45.0,71.0,0.209,cap,0.21,59.59,2.541,0.209,1.209,2.5,-1.0,True,True,,,True,cap,True,True,,,True,cap,True,True,,,True,cap,True,0.0,0.0,True,0.0,0.0,True,5.16,0.0,False,corner_0001111,C,flat
29.5,16.0,34.0,1.5,24.5,10.0,45.0,71.0,0.209,cap,0.21,100.19,3.541,1.209,0.209,4.0,-1.0,True,True,,,True,cap,True,True,,,True,cap,True,True,,,True,cap,True,0.0,0.0,True,0.0,0.0,True,0.0,0.0,True,corner_0010011,C,flat
29.5,16.0,34.0,1.5,26.5,10.0,45.0,71.0,0.209,cap,0.21,100.19,3.541,0.209,0.209,4.0,-1.0,True,True,,,True,cap,True,True,,,True,cap,True,True,,,True,cap,True,0.0,0.0,True,0.0,0.0,True,0.0,0.0,True,corner_0010111,C,flat
29.5,16.0,34.0,3.0,24.5,10.0,45.0,71.0,0.209,cap,0.21,100.19,3.541,1.209,0.209,2.5,-1.0,True,True,,,True,cap,True,True,,,True,cap,True,True,,,True,cap,True,0.0,0.0,True,0.0,0.0,True,18.17,0.0,False,corner_0011011,C,flat
29.5,16.0,34.0,3.0,26.5,10.0,45.0,71.0,0.209,cap,0.21,100.19,3.541,0.209,0.209,2.5,-1.0,True,True,,,True,cap,True,True,,,True,cap,True,True,,,True,cap,True,0.0,0.0,True,0.0,0.0,True,18.17,0.0,False,corner_0011111,C,flat
29.5,21.0,32.0,1.5,24.5,10.0,45.0,71.0,0.209,cap,0.23,59.59,2.541,1.209,1.209,4.0,4.0,True,True,,,True,cap,True,True,,,True,cap,True,True,,,True,cap,True,0.0,0.0,True,0.0,0.0,True,0.0,0.0,True,corner_0100011,C,flat
29.5,21.0,32.0,1.5,26.5,10.0,45.0,71.0,0.209,cap,0.23,59.59,2.541,0.209,1.209,4.0,4.0,True,True,,,True,cap,True,True,,,True,cap,True,True,,,True,cap,True,0.0,0.0,True,0.0,0.0,True,0.0,0.0,True,corner_0100111,C,flat
29.5,21.0,32.0,3.0,24.5,10.0,45.0,71.0,0.209,cap,0.23,59.59,2.541,1.209,1.209,2.5,4.0,True,True,,,True,cap,True,True,,,True,cap,True,True,,,True,cap,True,0.0,0.0,True,0.0,0.0,True,5.16,0.0,False,corner_0101011,C,flat
29.5,21.0,32.0,3.0,26.5,10.0,45.0,71.0,0.209,cap,0.23,59.59,2.541,0.209,1.209,2.5,4.0,True,True,,,True,cap,True,True,,,True,cap,True,True,,,True,cap,True,0.0,0.0,True,0.0,0.0,True,5.16,0.0,False,corner_0101111,C,flat
29.5,21.0,34.0,1.5,24.5,10.0,45.0,71.0,0.209,cap,0.23,100.19,3.541,1.209,0.209,4.0,4.0,True,True,,,True,cap,True,True,,,True,cap,True,True,,,True,cap,True,0.0,0.0,True,0.0,0.0,True,0.0,0.0,True,corner_0110011,C,flat
29.5,21.0,34.0,1.5,26.5,10.0,45.0,71.0,0.209,cap,0.23,100.19,3.541,0.209,0.209,4.0,4.0,True,True,,,True,cap,True,True,,,True,cap,True,True,,,True,cap,True,0.0,0.0,True,0.0,0.0,True,0.0,0.0,True,corner_0110111,C,flat
29.5,21.0,34.0,3.0,24.5,10.0,45.0,71.0,0.209,cap,0.23,100.19,3.541,1.209,0.209,2.5,4.0,True,True,,,True,cap,True,True,,,True,cap,True,True,,,True,cap,True,0.0,0.0,True,0.0,0.0,True,18.17,0.0,False,corner_0111011,C,flat
29.5,21.0,34.0,3.0,26.5,10.0,45.0,71.0,0.209,cap,0.23,100.19,3.541,0.209,0.209,2.5,4.0,True,True,,,True,cap,True,True,,,True,cap,True,True,,,True,cap,True,0.0,0.0,True,0.0,0.0,True,18.17,0.0,False,corner_0111111,C,flat
32.0,16.0,32.0,1.5,24.5,10.0,45.0,71.0,1.457,cap,0.252,21.88,1.293,2.457,2.457,4.0,-1.0,True,True,,,True,cap,True,True,,,True,cap,True,True,,,True,cap,True,0.0,0.0,True,0.0,0.0,True,0.0,0.0,True,corner_1000011,C,flat
32.0,16.0,32.0,1.5,26.5,10.0,45.0,71.0,1.457,cap,0.252,21.88,1.293,1.457,2.457,4.0,-1.0,True,True,,,True,cap,True,True,,,True,cap,True,True,,,True,cap,True,0.0,0.0,True,0.0,0.0,True,0.0,0.0,True,corner_1000111,C,flat
32.0,16.0,32.0,3.0,24.5,10.0,45.0,71.0,1.457,cap,0.252,21.88,1.293,2.457,2.457,2.5,-1.0,True,True,,,True,cap,True,True,,,True,cap,True,True,,,True,cap,True,0.0,0.0,True,0.0,0.0,True,0.0,0.0,True,corner_1001011,C,flat
32.0,16.0,32.0,3.0,26.5,10.0,45.0,71.0,1.457,cap,0.252,21.88,1.293,1.457,2.457,2.5,-1.0,True,True,,,True,cap,True,True,,,True,cap,True,True,,,True,cap,True,0.0,0.0,True,0.0,0.0,True,0.0,0.0,True,corner_1001111,C,flat
32.0,16.0,34.0,1.5,24.5,10.0,45.0,71.0,1.457,cap,0.252,52.85,2.293,2.457,1.457,4.0,-1.0,True,True,,,True,cap,True,True,,,True,cap,True,True,,,True,cap,True,0.0,0.0,True,0.0,0.0,True,0.0,0.0,True,corner_1010011,C,flat
32.0,16.0,34.0,1.5,26.5,10.0,45.0,71.0,1.457,cap,0.252,52.85,2.293,1.457,1.457,4.0,-1.0,True,True,,,True,cap,True,True,,,True,cap,True,True,,,True,cap,True,0.0,0.0,True,0.0,0.0,True,0.0,0.0,True,corner_1010111,C,flat
32.0,16.0,34.0,3.0,24.5,10.0,45.0,71.0,1.457,cap,0.252,52.85,2.293,2.457,1.457,2.5,-1.0,True,True,,,True,cap,True,True,,,True,cap,True,True,,,True,cap,True,0.0,0.0,True,0.0,0.0,True,3.0,0.0,False,corner_1011011,C,flat
32.0,16.0,34.0,3.0,26.5,10.0,45.0,71.0,1.457,cap,0.252,52.85,2.293,1.457,1.457,2.5,-1.0,True,True,,,True,cap,True,True,,,True,cap,True,True,,,True,cap,True,0.0,0.0,True,0.0,0.0,True,3.0,0.0,False,corner_1011111,C,flat
32.0,21.0,32.0,1.5,24.5,10.0,45.0,71.0,1.457,cap,0.276,21.88,1.293,2.457,2.457,4.0,4.0,True,True,,,True,cap,True,True,,,True,cap,True,True,,,True,cap,True,0.0,0.0,True,0.0,0.0,True,0.0,0.0,True,corner_1100011,C,flat
32.0,21.0,32.0,1.5,26.5,10.0,45.0,71.0,1.457,cap,0.276,21.88,1.293,1.457,2.457,4.0,4.0,True,True,,,True,cap,True,True,,,True,cap,True,True,,,True,cap,True,0.0,0.0,True,0.0,0.0,True,0.0,0.0,True,corner_1100111,C,flat
32.0,21.0,32.0,3.0,24.5,10.0,45.0,71.0,1.457,cap,0.276,21.88,1.293,2.457,2.457,2.5,4.0,True,True,,,True,cap,True,True,,,True,cap,True,True,,,True,cap,True,0.0,0.0,True,0.0,0.0,True,0.0,0.0,True,corner_1101011,C,flat
32.0,21.0,32.0,3.0,26.5,10.0,45.0,71.0,1.457,cap,0.276,21.88,1.293,1.457,2.457,2.5,4.0,True,True,,,True,cap,True,True,,,True,cap,True,True,,,True,cap,True,0.0,0.0,True,0.0,0.0,True,0.0,0.0,True,corner_1101111,C,flat
32.0,21.0,34.0,1.5,24.5,10.0,45.0,71.0,1.457,cap,0.276,52.85,2.293,2.457,1.457,4.0,4.0,True,True,,,True,cap,True,True,,,True,cap,True,True,,,True,cap,True,0.0,0.0,True,0.0,0.0,True,0.0,0.0,True,corner_1110011,C,flat
32.0,21.0,34.0,1.5,26.5,10.0,45.0,71.0,1.457,cap,0.276,52.85,2.293,1.457,1.457,4.0,4.0,True,True,,,True,cap,True,True,,,True,cap,True,True,,,True,cap,True,0.0,0.0,True,0.0,0.0,True,0.0,0.0,True,corner_1110111,C,flat
32.0,21.0,34.0,3.0,24.5,10.0,45.0,71.0,1.457,cap,0.276,52.85,2.293,2.457,1.457,2.5,4.0,True,True,,,True,cap,True,True,,,True,cap,True,True,,,True,cap,True,0.0,0.0,True,0.0,0.0,True,3.0,0.0,False,corner_1111011,C,flat
32.0,21.0,34.0,3.0,26.5,10.0,45.0,71.0,1.457,cap,0.276,52.85,2.293,1.457,1.457,2.5,4.0,True,True,,,True,cap,True,True,,,True,cap,True,True,,,True,cap,True,0.0,0.0,True,0.0,0.0,True,3.0,0.0,False,corner_1111111,C,flat
29.5,16.0,32.0,1.5,24.5,3.0,35.0,71.0,0.209,cap,0.21,59.59,2.541,1.209,1.209,4.0,-1.0,True,True,,,True,cap,True,True,,,True,cap,True,True,,,True,cap,True,0.0,0.0,True,0.0,0.0,True,0.34,0.0,True,corner_0000000,C,flat
29.5,16.0,32.0,1.5,26.5,3.0,35.0,71.0,0.209,cap,0.21,59.59,2.541,0.209,1.209,4.0,-1.0,True,True,,,True,cap,True,True,,,True,shoulder,False,True,,,True,shoulder,False,0.0,0.0,True,2.04,0.0,False,13.95,0.0,False,corner_0000100,C,flat
29.5,16.0,32.0,3.0,24.5,3.0,35.0,71.0,0.209,cap,0.21,59.59,2.541,1.209,1.209,2.5,-1.0,True,True,,,True,cap,True,True,,,True,cap,True,True,,,True,cap,True,0.0,0.0,True,0.0,0.0,True,5.5,0.0,False,corner_0001000,C,flat
29.5,16.0,32.0,3.0,26.5,3.0,35.0,71.0,0.209,cap,0.21,59.59,2.541,0.209,1.209,2.5,-1.0,True,True,,,True,cap,True,True,,,True,shoulder,False,True,,,True,shoulder,False,0.0,0.0,True,2.04,0.0,False,19.11,0.0,False,corner_0001100,C,flat
29.5,16.0,34.0,1.5,24.5,3.0,35.0,71.0,0.209,cap,0.21,100.19,3.541,1.209,0.209,4.0,-1.0,True,True,,,True,cap,True,True,,,True,cap,True,True,,,True,cap,True,0.0,0.0,True,0.0,0.0,True,0.34,0.0,True,corner_0010000,C,flat
29.5,16.0,34.0,1.5,26.5,3.0,35.0,71.0,0.209,cap,0.21,100.19,3.541,0.209,0.209,4.0,-1.0,True,True,,,True,cap,True,True,,,True,shoulder,False,True,,,True,shoulder,False,0.0,0.0,True,2.04,0.0,False,13.95,0.0,False,corner_0010100,C,flat
29.5,16.0,34.0,3.0,24.5,3.0,35.0,71.0,0.209,cap,0.21,100.19,3.541,1.209,0.209,2.5,-1.0,True,True,,,True,cap,True,True,,,True,cap,True,True,,,True,cap,True,0.0,0.0,True,0.0,0.0,True,18.51,0.0,False,corner_0011000,C,flat
29.5,16.0,34.0,3.0,26.5,3.0,35.0,71.0,0.209,cap,0.21,100.19,3.541,0.209,0.209,2.5,-1.0,True,True,,,True,cap,True,True,,,True,shoulder,False,True,,,True,shoulder,False,0.0,0.0,True,2.04,0.0,False,32.12,0.0,False,corner_0011100,C,flat
29.5,21.0,32.0,1.5,24.5,3.0,35.0,71.0,0.209,cap,0.23,59.59,2.541,1.209,1.209,4.0,4.0,True,True,,,True,cap,True,True,,,True,cap,True,True,,,True,cap,True,0.0,0.0,True,0.0,0.0,True,0.34,0.0,True,corner_0100000,C,flat
29.5,21.0,32.0,1.5,26.5,3.0,35.0,71.0,0.209,cap,0.23,59.59,2.541,0.209,1.209,4.0,4.0,True,True,,,True,cap,True,True,,,True,shoulder,False,True,,,True,shoulder,False,0.0,0.0,True,2.04,0.0,False,13.95,0.0,False,corner_0100100,C,flat
29.5,21.0,32.0,3.0,24.5,3.0,35.0,71.0,0.209,cap,0.23,59.59,2.541,1.209,1.209,2.5,4.0,True,True,,,True,cap,True,True,,,True,cap,True,True,,,True,cap,True,0.0,0.0,True,0.0,0.0,True,5.5,0.0,False,corner_0101000,C,flat
29.5,21.0,32.0,3.0,26.5,3.0,35.0,71.0,0.209,cap,0.23,59.59,2.541,0.209,1.209,2.5,4.0,True,True,,,True,cap,True,True,,,True,shoulder,False,True,,,True,shoulder,False,0.0,0.0,True,2.04,0.0,False,19.11,0.0,False,corner_0101100,C,flat
29.5,21.0,34.0,1.5,24.5,3.0,35.0,71.0,0.209,cap,0.23,100.19,3.541,1.209,0.209,4.0,4.0,True,True,,,True,cap,True,True,,,True,cap,True,True,,,True,cap,True,0.0,0.0,True,0.0,0.0,True,0.34,0.0,True,corner_0110000,C,flat
29.5,21.0,34.0,1.5,26.5,3.0,35.0,71.0,0.209,cap,0.23,100.19,3.541,0.209,0.209,4.0,4.0,True,True,,,True,cap,True,True,,,True,shoulder,False,True,,,True,shoulder,False,0.0,0.0,True,2.04,0.0,False,13.95,0.0,False,corner_0110100,C,flat
29.5,21.0,34.0,3.0,24.5,3.0,35.0,71.0,0.209,cap,0.23,100.19,3.541,1.209,0.209,2.5,4.0,True,True,,,True,cap,True,True,,,True,cap,True,True,,,True,cap,True,0.0,0.0,True,0.0,0.0,True,18.51,0.0,False,corner_0111000,C,flat
29.5,21.0,34.0,3.0,26.5,3.0,35.0,71.0,0.209,cap,0.23,100.19,3.541,0.209,0.209,2.5,4.0,True,True,,,True,cap,True,True,,,True,shoulder,False,True,,,True,shoulder,False,0.0,0.0,True,2.04,0.0,False,32.12,0.0,False,corner_0111100,C,flat
32.0,16.0,32.0,1.5,24.5,3.0,35.0,71.0,1.457,cap,0.252,21.88,1.293,2.457,2.457,4.0,-1.0,True,True,,,True,cap,True,True,,,True,cap,True,True,,,True,cap,True,0.0,0.0,True,0.0,0.0,True,0.0,0.0,True,corner_1000000,C,flat
32.0,16.0,32.0,1.5,26.5,3.0,35.0,71.0,1.457,cap,0.252,21.88,1.293,1.457,2.457,4.0,-1.0,True,True,,,True,cap,True,True,,,True,cap,True,True,,,True,cap,True,0.0,0.0,True,0.0,0.0,True,0.0,0.0,True,corner_1000100,C,flat
32.0,16.0,32.0,3.0,24.5,3.0,35.0,71.0,1.457,cap,0.252,21.88,1.293,2.457,2.457,2.5,-1.0,True,True,,,True,cap,True,True,,,True,cap,True,True,,,True,cap,True,0.0,0.0,True,0.0,0.0,True,0.0,0.0,True,corner_1001000,C,flat
32.0,16.0,32.0,3.0,26.5,3.0,35.0,71.0,1.457,cap,0.252,21.88,1.293,1.457,2.457,2.5,-1.0,True,True,,,True,cap,True,True,,,True,cap,True,True,,,True,cap,True,0.0,0.0,True,0.0,0.0,True,0.0,0.0,True,corner_1001100,C,flat
32.0,16.0,34.0,1.5,24.5,3.0,35.0,71.0,1.457,cap,0.252,52.85,2.293,2.457,1.457,4.0,-1.0,True,True,,,True,cap,True,True,,,True,cap,True,True,,,True,cap,True,0.0,0.0,True,0.0,0.0,True,0.0,0.0,True,corner_1010000,C,flat
32.0,16.0,34.0,1.5,26.5,3.0,35.0,71.0,1.457,cap,0.252,52.85,2.293,1.457,1.457,4.0,-1.0,True,True,,,True,cap,True,True,,,True,cap,True,True,,,True,cap,True,0.0,0.0,True,0.0,0.0,True,0.0,0.0,True,corner_1010100,C,flat
32.0,16.0,34.0,3.0,24.5,3.0,35.0,71.0,1.457,cap,0.252,52.85,2.293,2.457,1.457,2.5,-1.0,True,True,,,True,cap,True,True,,,True,cap,True,True,,,True,cap,True,0.0,0.0,True,0.0,0.0,True,3.0,0.0,False,corner_1011000,C,flat
32.0,16.0,34.0,3.0,26.5,3.0,35.0,71.0,1.457,cap,0.252,52.85,2.293,1.457,1.457,2.5,-1.0,True,True,,,True,cap,True,True,,,True,cap,True,True,,,True,cap,True,0.0,0.0,True,0.0,0.0,True,3.0,0.0,False,corner_1011100,C,flat
32.0,21.0,32.0,1.5,24.5,3.0,35.0,71.0,1.457,cap,0.276,21.88,1.293,2.457,2.457,4.0,4.0,True,True,,,True,cap,True,True,,,True,cap,True,True,,,True,cap,True,0.0,0.0,True,0.0,0.0,True,0.0,0.0,True,corner_1100000,C,flat
32.0,21.0,32.0,1.5,26.5,3.0,35.0,71.0,1.457,cap,0.276,21.88,1.293,1.457,2.457,4.0,4.0,True,True,,,True,cap,True,True,,,True,cap,True,True,,,True,cap,True,0.0,0.0,True,0.0,0.0,True,0.0,0.0,True,corner_1100100,C,flat
32.0,21.0,32.0,3.0,24.5,3.0,35.0,71.0,1.457,cap,0.276,21.88,1.293,2.457,2.457,2.5,4.0,True,True,,,True,cap,True,True,,,True,cap,True,True,,,True,cap,True,0.0,0.0,True,0.0,0.0,True,0.0,0.0,True,corner_1101000,C,flat
32.0,21.0,32.0,3.0,26.5,3.0,35.0,71.0,1.457,cap,0.276,21.88,1.293,1.457,2.457,2.5,4.0,True,True,,,True,cap,True,True,,,True,cap,True,True,,,True,cap,True,0.0,0.0,True,0.0,0.0,True,0.0,0.0,True,corner_1101100,C,flat
32.0,21.0,34.0,1.5,24.5,3.0,35.0,71.0,1.457,cap,0.276,52.85,2.293,2.457,1.457,4.0,4.0,True,True,,,True,cap,True,True,,,True,cap,True,True,,,True,cap,True,0.0,0.0,True,0.0,0.0,True,0.0,0.0,True,corner_1110000,C,flat
32.0,21.0,34.0,1.5,26.5,3.0,35.0,71.0,1.457,cap,0.276,52.85,2.293,1.457,1.457,4.0,4.0,True,True,,,True,cap,True,True,,,True,cap,True,True,,,True,cap,True,0.0,0.0,True,0.0,0.0,True,0.0,0.0,True,corner_1110100,C,flat
32.0,21.0,34.0,3.0,24.5,3.0,35.0,71.0,1.457,cap,0.276,52.85,2.293,2.457,1.457,2.5,4.0,True,True,,,True,cap,True,True,,,True,cap,True,True,,,True,cap,True,0.0,0.0,True,0.0,0.0,True,3.0,0.0,False,corner_1111000,C,flat
32.0,21.0,34.0,3.0,26.5,3.0,35.0,71.0,1.457,cap,0.276,52.85,2.293,1.457,1.457,2.5,4.0,True,True,,,True,cap,True,True,,,True,cap,True,True,,,True,cap,True,0.0,0.0,True,0.0,0.0,True,3.0,0.0,False,corner_1111100,C,flat
29.5,16.0,32.0,1.5,24.5,3.0,45.0,71.0,0.209,cap,0.21,59.59,2.541,1.209,1.209,4.0,-1.0,True,True,,,True,cap,True,True,,,True,cap,True,True,,,True,cap,True,0.0,0.0,True,0.0,0.0,True,0.0,0.0,True,corner_0000001,C,flat
29.5,16.0,32.0,1.5,26.5,3.0,45.0,71.0,0.209,cap,0.21,59.59,2.541,0.209,1.209,4.0,-1.0,True,True,,,True,cap,True,True,,,True,cap,True,True,,,True,shoulder,False,0.0,0.0,True,0.44,0.0,True,5.92,0.0,False,corner_0000101,C,flat
29.5,16.0,32.0,3.0,24.5,3.0,45.0,71.0,0.209,cap,0.21,59.59,2.541,1.209,1.209,2.5,-1.0,True,True,,,True,cap,True,True,,,True,cap,True,True,,,True,cap,True,0.0,0.0,True,0.0,0.0,True,5.16,0.0,False,corner_0001001,C,flat
29.5,16.0,32.0,3.0,26.5,3.0,45.0,71.0,0.209,cap,0.21,59.59,2.541,0.209,1.209,2.5,-1.0,True,True,,,True,cap,True,True,,,True,cap,True,True,,,True,shoulder,False,0.0,0.0,True,0.44,0.0,True,11.08,0.0,False,corner_0001101,C,flat
29.5,16.0,34.0,1.5,24.5,3.0,45.0,71.0,0.209,cap,0.21,100.19,3.541,1.209,0.209,4.0,-1.0,True,True,,,True,cap,True,True,,,True,cap,True,True,,,True,cap,True,0.0,0.0,True,0.0,0.0,True,0.0,0.0,True,corner_0010001,C,flat
29.5,16.0,34.0,1.5,26.5,3.0,45.0,71.0,0.209,cap,0.21,100.19,3.541,0.209,0.209,4.0,-1.0,True,True,,,True,cap,True,True,,,True,cap,True,True,,,True,shoulder,False,0.0,0.0,True,0.44,0.0,True,5.92,0.0,False,corner_0010101,C,flat
29.5,16.0,34.0,3.0,24.5,3.0,45.0,71.0,0.209,cap,0.21,100.19,3.541,1.209,0.209,2.5,-1.0,True,True,,,True,cap,True,True,,,True,cap,True,True,,,True,cap,True,0.0,0.0,True,0.0,0.0,True,18.17,0.0,False,corner_0011001,C,flat
29.5,16.0,34.0,3.0,26.5,3.0,45.0,71.0,0.209,cap,0.21,100.19,3.541,0.209,0.209,2.5,-1.0,True,True,,,True,cap,True,True,,,True,cap,True,True,,,True,shoulder,False,0.0,0.0,True,0.44,0.0,True,24.09,0.0,False,corner_0011101,C,flat
29.5,21.0,32.0,1.5,24.5,3.0,45.0,71.0,0.209,cap,0.23,59.59,2.541,1.209,1.209,4.0,4.0,True,True,,,True,cap,True,True,,,True,cap,True,True,,,True,cap,True,0.0,0.0,True,0.0,0.0,True,0.0,0.0,True,corner_0100001,C,flat
29.5,21.0,32.0,1.5,26.5,3.0,45.0,71.0,0.209,cap,0.23,59.59,2.541,0.209,1.209,4.0,4.0,True,True,,,True,cap,True,True,,,True,cap,True,True,,,True,shoulder,False,0.0,0.0,True,0.44,0.0,True,5.92,0.0,False,corner_0100101,C,flat
29.5,21.0,32.0,3.0,24.5,3.0,45.0,71.0,0.209,cap,0.23,59.59,2.541,1.209,1.209,2.5,4.0,True,True,,,True,cap,True,True,,,True,cap,True,True,,,True,cap,True,0.0,0.0,True,0.0,0.0,True,5.16,0.0,False,corner_0101001,C,flat
29.5,21.0,32.0,3.0,26.5,3.0,45.0,71.0,0.209,cap,0.23,59.59,2.541,0.209,1.209,2.5,4.0,True,True,,,True,cap,True,True,,,True,cap,True,True,,,True,shoulder,False,0.0,0.0,True,0.44,0.0,True,11.08,0.0,False,corner_0101101,C,flat
29.5,21.0,34.0,1.5,24.5,3.0,45.0,71.0,0.209,cap,0.23,100.19,3.541,1.209,0.209,4.0,4.0,True,True,,,True,cap,True,True,,,True,cap,True,True,,,True,cap,True,0.0,0.0,True,0.0,0.0,True,0.0,0.0,True,corner_0110001,C,flat
29.5,21.0,34.0,1.5,26.5,3.0,45.0,71.0,0.209,cap,0.23,100.19,3.541,0.209,0.209,4.0,4.0,True,True,,,True,cap,True,True,,,True,cap,True,True,,,True,shoulder,False,0.0,0.0,True,0.44,0.0,True,5.92,0.0,False,corner_0110101,C,flat
29.5,21.0,34.0,3.0,24.5,3.0,45.0,71.0,0.209,cap,0.23,100.19,3.541,1.209,0.209,2.5,4.0,True,True,,,True,cap,True,True,,,True,cap,True,True,,,True,cap,True,0.0,0.0,True,0.0,0.0,True,18.17,0.0,False,corner_0111001,C,flat
29.5,21.0,34.0,3.0,26.5,3.0,45.0,71.0,0.209,cap,0.23,100.19,3.541,0.209,0.209,2.5,4.0,True,True,,,True,cap,True,True,,,True,cap,True,True,,,True,shoulder,False,0.0,0.0,True,0.44,0.0,True,24.09,0.0,False,corner_0111101,C,flat
32.0,16.0,32.0,1.5,24.5,3.0,45.0,71.0,1.457,cap,0.252,21.88,1.293,2.457,2.457,4.0,-1.0,True,True,,,True,cap,True,True,,,True,cap,True,True,,,True,cap,True,0.0,0.0,True,0.0,0.0,True,0.0,0.0,True,corner_1000001,C,flat
32.0,16.0,32.0,1.5,26.5,3.0,45.0,71.0,1.457,cap,0.252,21.88,1.293,1.457,2.457,4.0,-1.0,True,True,,,True,cap,True,True,,,True,cap,True,True,,,True,cap,True,0.0,0.0,True,0.0,0.0,True,0.0,0.0,True,corner_1000101,C,flat
32.0,16.0,32.0,3.0,24.5,3.0,45.0,71.0,1.457,cap,0.252,21.88,1.293,2.457,2.457,2.5,-1.0,True,True,,,True,cap,True,True,,,True,cap,True,True,,,True,cap,True,0.0,0.0,True,0.0,0.0,True,0.0,0.0,True,corner_1001001,C,flat
32.0,16.0,32.0,3.0,26.5,3.0,45.0,71.0,1.457,cap,0.252,21.88,1.293,1.457,2.457,2.5,-1.0,True,True,,,True,cap,True,True,,,True,cap,True,True,,,True,cap,True,0.0,0.0,True,0.0,0.0,True,0.0,0.0,True,corner_1001101,C,flat
32.0,16.0,34.0,1.5,24.5,3.0,45.0,71.0,1.457,cap,0.252,52.85,2.293,2.457,1.457,4.0,-1.0,True,True,,,True,cap,True,True,,,True,cap,True,True,,,True,cap,True,0.0,0.0,True,0.0,0.0,True,0.0,0.0,True,corner_1010001,C,flat
32.0,16.0,34.0,1.5,26.5,3.0,45.0,71.0,1.457,cap,0.252,52.85,2.293,1.457,1.457,4.0,-1.0,True,True,,,True,cap,True,True,,,True,cap,True,True,,,True,cap,True,0.0,0.0,True,0.0,0.0,True,0.0,0.0,True,corner_1010101,C,flat
32.0,16.0,34.0,3.0,24.5,3.0,45.0,71.0,1.457,cap,0.252,52.85,2.293,2.457,1.457,2.5,-1.0,True,True,,,True,cap,True,True,,,True,cap,True,True,,,True,cap,True,0.0,0.0,True,0.0,0.0,True,3.0,0.0,False,corner_1011001,C,flat
32.0,16.0,34.0,3.0,26.5,3.0,45.0,71.0,1.457,cap,0.252,52.85,2.293,1.457,1.457,2.5,-1.0,True,True,,,True,cap,True,True,,,True,cap,True,True,,,True,cap,True,0.0,0.0,True,0.0,0.0,True,3.0,0.0,False,corner_1011101,C,flat
32.0,21.0,32.0,1.5,24.5,3.0,45.0,71.0,1.457,cap,0.276,21.88,1.293,2.457,2.457,4.0,4.0,True,True,,,True,cap,True,True,,,True,cap,True,True,,,True,cap,True,0.0,0.0,True,0.0,0.0,True,0.0,0.0,True,corner_1100001,C,flat
32.0,21.0,32.0,1.5,26.5,3.0,45.0,71.0,1.457,cap,0.276,21.88,1.293,1.457,2.457,4.0,4.0,True,True,,,True,cap,True,True,,,True,cap,True,True,,,True,cap,True,0.0,0.0,True,0.0,0.0,True,0.0,0.0,True,corner_1100101,C,flat
32.0,21.0,32.0,3.0,24.5,3.0,45.0,71.0,1.457,cap,0.276,21.88,1.293,2.457,2.457,2.5,4.0,True,True,,,True,cap,True,True,,,True,cap,True,True,,,True,cap,True,0.0,0.0,True,0.0,0.0,True,0.0,0.0,True,corner_1101001,C,flat
32.0,21.0,32.0,3.0,26.5,3.0,45.0,71.0,1.457,cap,0.276,21.88,1.293,1.457,2.457,2.5,4.0,True,True,,,True,cap,True,True,,,True,cap,True,True,,,True,cap,True,0.0,0.0,True,0.0,0.0,True,0.0,0.0,True,corner_1101101,C,flat
32.0,21.0,34.0,1.5,24.5,3.0,45.0,71.0,1.457,cap,0.276,52.85,2.293,2.457,1.457,4.0,4.0,True,True,,,True,cap,True,True,,,True,cap,True,True,,,True,cap,True,0.0,0.0,True,0.0,0.0,True,0.0,0.0,True,corner_1110001,C,flat
32.0,21.0,34.0,1.5,26.5,3.0,45.0,71.0,1.457,cap,0.276,52.85,2.293,1.457,1.457,4.0,4.0,True,True,,,True,cap,True,True,,,True,cap,True,True,,,True,cap,True,0.0,0.0,True,0.0,0.0,True,0.0,0.0,True,corner_1110101,C,flat
32.0,21.0,34.0,3.0,24.5,3.0,45.0,71.0,1.457,cap,0.276,52.85,2.293,2.457,1.457,2.5,4.0,True,True,,,True,cap,True,True,,,True,cap,True,True,,,True,cap,True,0.0,0.0,True,0.0,0.0,True,3.0,0.0,False,corner_1111001,C,flat
32.0,21.0,34.0,3.0,26.5,3.0,45.0,71.0,1.457,cap,0.276,52.85,2.293,1.457,1.457,2.5,4.0,True,True,,,True,cap,True,True,,,True,cap,True,True,,,True,cap,True,0.0,0.0,True,0.0,0.0,True,3.0,0.0,False,corner_1111101,C,flat
29.5,16.0,32.0,1.5,24.5,10.0,35.0,71.0,0.209,cap,0.21,59.59,2.541,1.209,1.209,4.0,-1.0,True,True,,,True,cap,True,True,,,True,cap,True,True,,,True,cap,True,0.0,0.0,True,0.0,0.0,True,0.0,0.0,True,corner_0000010,C,flat
29.5,16.0,32.0,1.5,26.5,10.0,35.0,71.0,0.209,cap,0.21,59.59,2.541,0.209,1.209,4.0,-1.0,True,True,,,True,cap,True,True,,,True,cap,True,True,,,True,cap,True,0.0,0.0,True,0.0,0.0,True,0.0,0.0,True,corner_0000110,C,flat
29.5,16.0,32.0,3.0,24.5,10.0,35.0,71.0,0.209,cap,0.21,59.59,2.541,1.209,1.209,2.5,-1.0,True,True,,,True,cap,True,True,,,True,cap,True,True,,,True,cap,True,0.0,0.0,True,0.0,0.0,True,5.16,0.0,False,corner_0001010,C,flat
29.5,16.0,32.0,3.0,26.5,10.0,35.0,71.0,0.209,cap,0.21,59.59,2.541,0.209,1.209,2.5,-1.0,True,True,,,True,cap,True,True,,,True,cap,True,True,,,True,cap,True,0.0,0.0,True,0.0,0.0,True,5.16,0.0,False,corner_0001110,C,flat
29.5,16.0,34.0,1.5,24.5,10.0,35.0,71.0,0.209,cap,0.21,100.19,3.541,1.209,0.209,4.0,-1.0,True,True,,,True,cap,True,True,,,True,cap,True,True,,,True,cap,True,0.0,0.0,True,0.0,0.0,True,0.0,0.0,True,corner_0010010,C,flat
29.5,16.0,34.0,1.5,26.5,10.0,35.0,71.0,0.209,cap,0.21,100.19,3.541,0.209,0.209,4.0,-1.0,True,True,,,True,cap,True,True,,,True,cap,True,True,,,True,cap,True,0.0,0.0,True,0.0,0.0,True,0.0,0.0,True,corner_0010110,C,flat
29.5,16.0,34.0,3.0,24.5,10.0,35.0,71.0,0.209,cap,0.21,100.19,3.541,1.209,0.209,2.5,-1.0,True,True,,,True,cap,True,True,,,True,cap,True,True,,,True,cap,True,0.0,0.0,True,0.0,0.0,True,18.17,0.0,False,corner_0011010,C,flat
29.5,16.0,34.0,3.0,26.5,10.0,35.0,71.0,0.209,cap,0.21,100.19,3.541,0.209,0.209,2.5,-1.0,True,True,,,True,cap,True,True,,,True,cap,True,True,,,True,cap,True,0.0,0.0,True,0.0,0.0,True,18.17,0.0,False,corner_0011110,C,flat
29.5,21.0,32.0,1.5,24.5,10.0,35.0,71.0,0.209,cap,0.23,59.59,2.541,1.209,1.209,4.0,4.0,True,True,,,True,cap,True,True,,,True,cap,True,True,,,True,cap,True,0.0,0.0,True,0.0,0.0,True,0.0,0.0,True,corner_0100010,C,flat
29.5,21.0,32.0,1.5,26.5,10.0,35.0,71.0,0.209,cap,0.23,59.59,2.541,0.209,1.209,4.0,4.0,True,True,,,True,cap,True,True,,,True,cap,True,True,,,True,cap,True,0.0,0.0,True,0.0,0.0,True,0.0,0.0,True,corner_0100110,C,flat
29.5,21.0,32.0,3.0,24.5,10.0,35.0,71.0,0.209,cap,0.23,59.59,2.541,1.209,1.209,2.5,4.0,True,True,,,True,cap,True,True,,,True,cap,True,True,,,True,cap,True,0.0,0.0,True,0.0,0.0,True,5.16,0.0,False,corner_0101010,C,flat
29.5,21.0,32.0,3.0,26.5,10.0,35.0,71.0,0.209,cap,0.23,59.59,2.541,0.209,1.209,2.5,4.0,True,True,,,True,cap,True,True,,,True,cap,True,True,,,True,cap,True,0.0,0.0,True,0.0,0.0,True,5.16,0.0,False,corner_0101110,C,flat
29.5,21.0,34.0,1.5,24.5,10.0,35.0,71.0,0.209,cap,0.23,100.19,3.541,1.209,0.209,4.0,4.0,True,True,,,True,cap,True,True,,,True,cap,True,True,,,True,cap,True,0.0,0.0,True,0.0,0.0,True,0.0,0.0,True,corner_0110010,C,flat
29.5,21.0,34.0,1.5,26.5,10.0,35.0,71.0,0.209,cap,0.23,100.19,3.541,0.209,0.209,4.0,4.0,True,True,,,True,cap,True,True,,,True,cap,True,True,,,True,cap,True,0.0,0.0,True,0.0,0.0,True,0.0,0.0,True,corner_0110110,C,flat
29.5,21.0,34.0,3.0,24.5,10.0,35.0,71.0,0.209,cap,0.23,100.19,3.541,1.209,0.209,2.5,4.0,True,True,,,True,cap,True,True,,,True,cap,True,True,,,True,cap,True,0.0,0.0,True,0.0,0.0,True,18.17,0.0,False,corner_0111010,C,flat
29.5,21.0,34.0,3.0,26.5,10.0,35.0,71.0,0.209,cap,0.23,100.19,3.541,0.209,0.209,2.5,4.0,True,True,,,True,cap,True,True,,,True,cap,True,True,,,True,cap,True,0.0,0.0,True,0.0,0.0,True,18.17,0.0,False,corner_0111110,C,flat
32.0,16.0,32.0,1.5,24.5,10.0,35.0,71.0,1.457,cap,0.252,21.88,1.293,2.457,2.457,4.0,-1.0,True,True,,,True,cap,True,True,,,True,cap,True,True,,,True,cap,True,0.0,0.0,True,0.0,0.0,True,0.0,0.0,True,corner_1000010,C,flat
32.0,16.0,32.0,1.5,26.5,10.0,35.0,71.0,1.457,cap,0.252,21.88,1.293,1.457,2.457,4.0,-1.0,True,True,,,True,cap,True,True,,,True,cap,True,True,,,True,cap,True,0.0,0.0,True,0.0,0.0,True,0.0,0.0,True,corner_1000110,C,flat
32.0,16.0,32.0,3.0,24.5,10.0,35.0,71.0,1.457,cap,0.252,21.88,1.293,2.457,2.457,2.5,-1.0,True,True,,,True,cap,True,True,,,True,cap,True,True,,,True,cap,True,0.0,0.0,True,0.0,0.0,True,0.0,0.0,True,corner_1001010,C,flat
32.0,16.0,32.0,3.0,26.5,10.0,35.0,71.0,1.457,cap,0.252,21.88,1.293,1.457,2.457,2.5,-1.0,True,True,,,True,cap,True,True,,,True,cap,True,True,,,True,cap,True,0.0,0.0,True,0.0,0.0,True,0.0,0.0,True,corner_1001110,C,flat
32.0,16.0,34.0,1.5,24.5,10.0,35.0,71.0,1.457,cap,0.252,52.85,2.293,2.457,1.457,4.0,-1.0,True,True,,,True,cap,True,True,,,True,cap,True,True,,,True,cap,True,0.0,0.0,True,0.0,0.0,True,0.0,0.0,True,corner_1010010,C,flat
32.0,16.0,34.0,1.5,26.5,10.0,35.0,71.0,1.457,cap,0.252,52.85,2.293,1.457,1.457,4.0,-1.0,True,True,,,True,cap,True,True,,,True,cap,True,True,,,True,cap,True,0.0,0.0,True,0.0,0.0,True,0.0,0.0,True,corner_1010110,C,flat
32.0,16.0,34.0,3.0,24.5,10.0,35.0,71.0,1.457,cap,0.252,52.85,2.293,2.457,1.457,2.5,-1.0,True,True,,,True,cap,True,True,,,True,cap,True,True,,,True,cap,True,0.0,0.0,True,0.0,0.0,True,3.0,0.0,False,corner_1011010,C,flat
32.0,16.0,34.0,3.0,26.5,10.0,35.0,71.0,1.457,cap,0.252,52.85,2.293,1.457,1.457,2.5,-1.0,True,True,,,True,cap,True,True,,,True,cap,True,True,,,True,cap,True,0.0,0.0,True,0.0,0.0,True,3.0,0.0,False,corner_1011110,C,flat
32.0,21.0,32.0,1.5,24.5,10.0,35.0,71.0,1.457,cap,0.276,21.88,1.293,2.457,2.457,4.0,4.0,True,True,,,True,cap,True,True,,,True,cap,True,True,,,True,cap,True,0.0,0.0,True,0.0,0.0,True,0.0,0.0,True,corner_1100010,C,flat
32.0,21.0,32.0,1.5,26.5,10.0,35.0,71.0,1.457,cap,0.276,21.88,1.293,1.457,2.457,4.0,4.0,True,True,,,True,cap,True,True,,,True,cap,True,True,,,True,cap,True,0.0,0.0,True,0.0,0.0,True,0.0,0.0,True,corner_1100110,C,flat
32.0,21.0,32.0,3.0,24.5,10.0,35.0,71.0,1.457,cap,0.276,21.88,1.293,2.457,2.457,2.5,4.0,True,True,,,True,cap,True,True,,,True,cap,True,True,,,True,cap,True,0.0,0.0,True,0.0,0.0,True,0.0,0.0,True,corner_1101010,C,flat
32.0,21.0,32.0,3.0,26.5,10.0,35.0,71.0,1.457,cap,0.276,21.88,1.293,1.457,2.457,2.5,4.0,True,True,,,True,cap,True,True,,,True,cap,True,True,,,True,cap,True,0.0,0.0,True,0.0,0.0,True,0.0,0.0,True,corner_1101110,C,flat
32.0,21.0,34.0,1.5,24.5,10.0,35.0,71.0,1.457,cap,0.276,52.85,2.293,2.457,1.457,4.0,4.0,True,True,,,True,cap,True,True,,,True,cap,True,True,,,True,cap,True,0.0,0.0,True,0.0,0.0,True,0.0,0.0,True,corner_1110010,C,flat
32.0,21.0,34.0,1.5,26.5,10.0,35.0,71.0,1.457,cap,0.276,52.85,2.293,1.457,1.457,4.0,4.0,True,True,,,True,cap,True,True,,,True,cap,True,True,,,True,cap,True,0.0,0.0,True,0.0,0.0,True,0.0,0.0,True,corner_1110110,C,flat
32.0,21.0,34.0,3.0,24.5,10.0,35.0,71.0,1.457,cap,0.276,52.85,2.293,2.457,1.457,2.5,4.0,True,True,,,True,cap,True,True,,,True,cap,True,True,,,True,cap,True,0.0,0.0,True,0.0,0.0,True,3.0,0.0,False,corner_1111010,C,flat
32.0,21.0,34.0,3.0,26.5,10.0,35.0,71.0,1.457,cap,0.276,52.85,2.293,1.457,1.457,2.5,4.0,True,True,,,True,cap,True,True,,,True,cap,True,True,,,True,cap,True,0.0,0.0,True,0.0,0.0,True,3.0,0.0,False,corner_1111110,C,flat
30.5,18.0,33.0,2.0,25.5,6.0,38.0,71.0,-0.2,cap,0.0,94.99,3.45,0.3,0.3,3.5,1.0,True,True,,,True,cap,True,True,,,True,cap,True,True,,,True,cap,True,0.0,0.0,True,0.0,0.0,True,0.0,0.0,True,nominal,F,flat
29.5,16.0,32.0,1.5,24.5,10.0,45.0,71.0,-0.2,ring,0.0,74.25,2.95,0.8,0.8,4.0,-1.0,False,True,,,True,cap,True,True,,,True,cap,True,True,,,True,cap,True,0.0,0.0,True,0.0,0.0,True,0.0,0.0,True,corner_0000011,F,flat
29.5,16.0,32.0,1.5,26.5,10.0,45.0,71.0,-0.089,neck,0.624,69.82,2.839,-0.089,0.911,4.0,-1.0,False,True,,,True,neck,False,True,,,True,neck,False,True,,,True,neck,False,0.0,0.0,True,0.0,0.0,True,0.0,0.0,True,corner_0000111,F,flat
29.5,16.0,32.0,3.0,24.5,10.0,45.0,71.0,-0.2,ring,0.0,74.25,2.95,0.8,0.8,2.5,-1.0,False,True,,,True,cap,True,True,,,True,cap,True,True,,,True,cap,True,0.0,0.0,True,0.0,0.0,True,0.0,0.0,True,corner_0001011,F,flat
29.5,16.0,32.0,3.0,26.5,10.0,45.0,71.0,-0.089,neck,0.624,69.82,2.839,-0.089,0.911,2.5,-1.0,False,True,,,True,neck,False,True,,,True,neck,False,True,,,True,neck,False,0.0,0.0,True,0.0,0.0,True,0.0,0.0,True,corner_0001111,F,flat
29.5,16.0,34.0,1.5,24.5,10.0,45.0,71.0,-0.131,ring,0.744,114.23,3.881,0.869,-0.131,4.0,-1.0,False,True,,,True,ring,False,True,,,True,ring,False,True,,,True,ring,False,0.0,0.0,True,0.0,0.0,True,0.0,0.0,True,corner_0010011,F,flat
29.5,16.0,34.0,1.5,26.5,10.0,45.0,71.0,-0.068,neck,0.48,111.38,3.818,-0.068,-0.068,4.0,-1.0,False,True,,,True,neck,False,True,,,True,neck,False,True,,,True,neck,False,0.0,0.0,True,0.0,0.0,True,0.0,0.0,True,corner_0010111,F,flat
29.5,16.0,34.0,3.0,24.5,10.0,45.0,71.0,-0.082,ring,0.53,112.2,3.832,0.918,-0.082,2.5,-1.0,False,True,,,True,ring,False,True,,,True,ring,False,True,,,True,ring,False,0.0,0.0,True,0.0,0.0,True,0.0,0.0,True,corner_0011011,F,flat
29.5,16.0,34.0,3.0,26.5,10.0,45.0,71.0,-0.054,ring,0.325,110.88,3.804,-0.054,-0.054,2.5,-1.0,False,True,,,True,ring,False,True,,,True,ring,False,True,,,True,ring,False,0.0,0.0,True,0.0,0.0,True,0.0,0.0,True,corner_0011111,F,flat
29.5,21.0,32.0,1.5,24.5,10.0,45.0,71.0,-0.2,ring,0.0,74.25,2.95,0.8,0.8,4.0,4.0,False,True,,,True,cap,True,True,,,True,cap,True,True,,,True,cap,True,0.0,0.0,True,0.0,0.0,True,0.0,0.0,True,corner_0100011,F,flat
29.5,21.0,32.0,1.5,26.5,10.0,45.0,71.0,-0.089,neck,0.624,69.82,2.839,-0.089,0.911,4.0,4.0,False,True,,,True,neck,False,True,,,True,neck,False,True,,,True,neck,False,0.0,0.0,True,0.0,0.0,True,0.0,0.0,True,corner_0100111,F,flat
29.5,21.0,32.0,3.0,24.5,10.0,45.0,71.0,-0.2,ring,0.0,74.25,2.95,0.8,0.8,2.5,4.0,False,True,,,True,cap,True,True,,,True,cap,True,True,,,True,cap,True,0.0,0.0,True,0.0,0.0,True,0.0,0.0,True,corner_0101011,F,flat
29.5,21.0,32.0,3.0,26.5,10.0,45.0,71.0,-0.089,neck,0.624,69.82,2.839,-0.089,0.911,2.5,4.0,False,True,,,True,neck,False,True,,,True,neck,False,True,,,True,neck,False,0.0,0.0,True,0.0,0.0,True,0.0,0.0,True,corner_0101111,F,flat
29.5,21.0,34.0,1.5,24.5,10.0,45.0,71.0,-0.131,ring,0.744,114.23,3.881,0.869,-0.131,4.0,4.0,False,True,,,True,ring,False,True,,,True,ring,False,True,,,True,ring,False,0.0,0.0,True,0.0,0.0,True,0.0,0.0,True,corner_0110011,F,flat
29.5,21.0,34.0,1.5,26.5,10.0,45.0,71.0,-0.068,neck,0.48,111.38,3.818,-0.068,-0.068,4.0,4.0,False,True,,,True,neck,False,True,,,True,neck,False,True,,,True,neck,False,0.0,0.0,True,0.0,0.0,True,0.0,0.0,True,corner_0110111,F,flat
29.5,21.0,34.0,3.0,24.5,10.0,45.0,71.0,-0.082,ring,0.53,112.2,3.832,0.918,-0.082,2.5,4.0,False,True,,,True,ring,False,True,,,True,ring,False,True,,,True,ring,False,0.0,0.0,True,0.0,0.0,True,0.0,0.0,True,corner_0111011,F,flat
29.5,21.0,34.0,3.0,26.5,10.0,45.0,71.0,-0.054,ring,0.325,110.88,3.804,-0.054,-0.054,2.5,4.0,False,True,,,True,ring,False,True,,,True,ring,False,True,,,True,ring,False,0.0,0.0,True,0.0,0.0,True,0.0,0.0,True,corner_0111111,F,flat
32.0,16.0,32.0,1.5,24.5,10.0,45.0,71.0,-0.2,ring,0.0,74.25,2.95,0.8,0.8,4.0,-1.0,False,True,,,True,cap,True,True,,,True,cap,True,True,,,True,cap,True,0.0,0.0,True,0.0,0.0,True,0.0,0.0,True,corner_1000011,F,flat
32.0,16.0,32.0,1.5,26.5,10.0,45.0,71.0,-0.089,neck,0.624,69.82,2.839,-0.089,0.911,4.0,-1.0,False,True,,,True,neck,False,True,,,True,neck,False,True,,,True,neck,False,0.0,0.0,True,0.0,0.0,True,0.0,0.0,True,corner_1000111,F,flat
32.0,16.0,32.0,3.0,24.5,10.0,45.0,71.0,-0.2,ring,0.0,74.25,2.95,0.8,0.8,2.5,-1.0,False,True,,,True,cap,True,True,,,True,cap,True,True,,,True,cap,True,0.0,0.0,True,0.0,0.0,True,0.0,0.0,True,corner_1001011,F,flat
32.0,16.0,32.0,3.0,26.5,10.0,45.0,71.0,-0.089,neck,0.624,69.82,2.839,-0.089,0.911,2.5,-1.0,False,True,,,True,neck,False,True,,,True,neck,False,True,,,True,neck,False,0.0,0.0,True,0.0,0.0,True,0.0,0.0,True,corner_1001111,F,flat
32.0,16.0,34.0,1.5,24.5,10.0,45.0,71.0,-0.131,ring,0.744,114.23,3.881,0.869,-0.131,4.0,-1.0,False,True,,,True,ring,False,True,,,True,ring,False,True,,,True,ring,False,0.0,0.0,True,0.0,0.0,True,0.0,0.0,True,corner_1010011,F,flat
32.0,16.0,34.0,1.5,26.5,10.0,45.0,71.0,-0.068,neck,0.48,111.38,3.818,-0.068,-0.068,4.0,-1.0,False,True,,,True,neck,False,True,,,True,neck,False,True,,,True,neck,False,0.0,0.0,True,0.0,0.0,True,0.0,0.0,True,corner_1010111,F,flat
32.0,16.0,34.0,3.0,24.5,10.0,45.0,71.0,-0.082,ring,0.53,112.2,3.832,0.918,-0.082,2.5,-1.0,False,True,,,True,ring,False,True,,,True,ring,False,True,,,True,ring,False,0.0,0.0,True,0.0,0.0,True,0.0,0.0,True,corner_1011011,F,flat
32.0,16.0,34.0,3.0,26.5,10.0,45.0,71.0,-0.054,ring,0.325,110.88,3.804,-0.054,-0.054,2.5,-1.0,False,True,,,True,ring,False,True,,,True,ring,False,True,,,True,ring,False,0.0,0.0,True,0.0,0.0,True,0.0,0.0,True,corner_1011111,F,flat
32.0,21.0,32.0,1.5,24.5,10.0,45.0,71.0,-0.2,ring,0.0,74.25,2.95,0.8,0.8,4.0,4.0,False,True,,,True,cap,True,True,,,True,cap,True,True,,,True,cap,True,0.0,0.0,True,0.0,0.0,True,0.0,0.0,True,corner_1100011,F,flat
32.0,21.0,32.0,1.5,26.5,10.0,45.0,71.0,-0.089,neck,0.624,69.82,2.839,-0.089,0.911,4.0,4.0,False,True,,,True,neck,False,True,,,True,neck,False,True,,,True,neck,False,0.0,0.0,True,0.0,0.0,True,0.0,0.0,True,corner_1100111,F,flat
32.0,21.0,32.0,3.0,24.5,10.0,45.0,71.0,-0.2,ring,0.0,74.25,2.95,0.8,0.8,2.5,4.0,False,True,,,True,cap,True,True,,,True,cap,True,True,,,True,cap,True,0.0,0.0,True,0.0,0.0,True,0.0,0.0,True,corner_1101011,F,flat
32.0,21.0,32.0,3.0,26.5,10.0,45.0,71.0,-0.089,neck,0.624,69.82,2.839,-0.089,0.911,2.5,4.0,False,True,,,True,neck,False,True,,,True,neck,False,True,,,True,neck,False,0.0,0.0,True,0.0,0.0,True,0.0,0.0,True,corner_1101111,F,flat
32.0,21.0,34.0,1.5,24.5,10.0,45.0,71.0,-0.131,ring,0.744,114.23,3.881,0.869,-0.131,4.0,4.0,False,True,,,True,ring,False,True,,,True,ring,False,True,,,True,ring,False,0.0,0.0,True,0.0,0.0,True,0.0,0.0,True,corner_1110011,F,flat
32.0,21.0,34.0,1.5,26.5,10.0,45.0,71.0,-0.068,neck,0.48,111.38,3.818,-0.068,-0.068,4.0,4.0,False,True,,,True,neck,False,True,,,True,neck,False,True,,,True,neck,False,0.0,0.0,True,0.0,0.0,True,0.0,0.0,True,corner_1110111,F,flat
32.0,21.0,34.0,3.0,24.5,10.0,45.0,71.0,-0.082,ring,0.53,112.2,3.832,0.918,-0.082,2.5,4.0,False,True,,,True,ring,False,True,,,True,ring,False,True,,,True,ring,False,0.0,0.0,True,0.0,0.0,True,0.0,0.0,True,corner_1111011,F,flat
32.0,21.0,34.0,3.0,26.5,10.0,45.0,71.0,-0.054,ring,0.325,110.88,3.804,-0.054,-0.054,2.5,4.0,False,True,,,True,ring,False,True,,,True,ring,False,True,,,True,ring,False,0.0,0.0,True,0.0,0.0,True,0.0,0.0,True,corner_1111111,F,flat
29.5,16.0,32.0,1.5,24.5,3.0,35.0,71.0,-0.2,ring,0.0,74.25,2.95,0.8,0.8,4.0,-1.0,False,True,,,True,cap,True,True,,,True,shoulder,False,True,,,True,shoulder,False,0.0,0.0,True,0.0,0.0,True,3.28,0.0,False,corner_0000000,F,flat
29.5,16.0,32.0,1.5,26.5,3.0,35.0,71.0,-0.089,neck,0.624,69.82,2.839,-0.089,0.911,4.0,-1.0,False,True,,,True,neck,False,True,,,True,shoulder,False,True,,,True,shoulder,False,0.19,0.0,True,5.96,0.0,False,24.28,0.0,False,corner_0000100,F,flat
29.5,16.0,32.0,3.0,24.5,3.0,35.0,71.0,-0.2,ring,0.0,74.25,2.95,0.8,0.8,2.5,-1.0,False,True,,,True,cap,True,True,,,True,shoulder,False,True,,,True,shoulder,False,0.0,0.0,True,0.0,0.0,True,3.28,0.0,False,corner_0001000,F,flat
29.5,16.0,32.0,3.0,26.5,3.0,35.0,71.0,-0.089,neck,0.624,69.82,2.839,-0.089,0.911,2.5,-1.0,False,True,,,True,neck,False,True,,,True,shoulder,False,True,,,True,shoulder,False,0.19,0.0,True,5.96,0.0,False,24.28,0.0,False,corner_0001100,F,flat
29.5,16.0,34.0,1.5,24.5,3.0,35.0,71.0,-0.131,ring,0.744,114.23,3.881,0.869,-0.131,4.0,-1.0,False,True,,,True,ring,False,True,,,True,ring,False,True,,,True,shoulder,False,0.0,0.0,True,0.0,0.0,True,2.51,0.0,False,corner_0010000,F,flat
29.5,16.0,34.0,1.5,26.5,3.0,35.0,71.0,-0.068,neck,0.48,111.38,3.818,-0.068,-0.068,4.0,-1.0,False,True,,,True,neck,False,True,,,True,shoulder,False,True,,,True,shoulder,False,0.15,0.0,True,5.6,0.0,False,23.45,0.0,False,corner_0010100,F,flat
29.5,16.0,34.0,3.0,24.5,3.0,35.0,71.0,-0.082,ring,0.53,112.2,3.832,0.918,-0.082,2.5,-1.0,False,True,,,True,ring,False,True,,,True,ring,False,True,,,True,shoulder,False,0.0,0.0,True,0.0,0.0,True,2.05,0.0,False,corner_0011000,F,flat
29.5,16.0,34.0,3.0,26.5,3.0,35.0,71.0,-0.054,ring,0.325,110.88,3.804,-0.054,-0.054,2.5,-1.0,False,True,,,True,ring,False,True,,,True,shoulder,False,True,,,True,shoulder,False,0.12,0.0,True,5.37,0.0,False,22.9,0.0,False,corner_0011100,F,flat
29.5,21.0,32.0,1.5,24.5,3.0,35.0,71.0,-0.2,ring,0.0,74.25,2.95,0.8,0.8,4.0,4.0,False,True,,,True,cap,True,True,,,True,shoulder,False,True,,,True,shoulder,False,0.0,0.0,True,0.0,0.0,True,3.28,0.0,False,corner_0100000,F,flat
29.5,21.0,32.0,1.5,26.5,3.0,35.0,71.0,-0.089,neck,0.624,69.82,2.839,-0.089,0.911,4.0,4.0,False,True,,,True,neck,False,True,,,True,shoulder,False,True,,,True,shoulder,False,0.19,0.0,True,5.96,0.0,False,24.28,0.0,False,corner_0100100,F,flat
29.5,21.0,32.0,3.0,24.5,3.0,35.0,71.0,-0.2,ring,0.0,74.25,2.95,0.8,0.8,2.5,4.0,False,True,,,True,cap,True,True,,,True,shoulder,False,True,,,True,shoulder,False,0.0,0.0,True,0.0,0.0,True,3.28,0.0,False,corner_0101000,F,flat
29.5,21.0,32.0,3.0,26.5,3.0,35.0,71.0,-0.089,neck,0.624,69.82,2.839,-0.089,0.911,2.5,4.0,False,True,,,True,neck,False,True,,,True,shoulder,False,True,,,True,shoulder,False,0.19,0.0,True,5.96,0.0,False,24.28,0.0,False,corner_0101100,F,flat
29.5,21.0,34.0,1.5,24.5,3.0,35.0,71.0,-0.131,ring,0.744,114.23,3.881,0.869,-0.131,4.0,4.0,False,True,,,True,ring,False,True,,,True,ring,False,True,,,True,shoulder,False,0.0,0.0,True,0.0,0.0,True,2.51,0.0,False,corner_0110000,F,flat
29.5,21.0,34.0,1.5,26.5,3.0,35.0,71.0,-0.068,neck,0.48,111.38,3.818,-0.068,-0.068,4.0,4.0,False,True,,,True,neck,False,True,,,True,shoulder,False,True,,,True,shoulder,False,0.15,0.0,True,5.6,0.0,False,23.45,0.0,False,corner_0110100,F,flat
29.5,21.0,34.0,3.0,24.5,3.0,35.0,71.0,-0.082,ring,0.53,112.2,3.832,0.918,-0.082,2.5,4.0,False,True,,,True,ring,False,True,,,True,ring,False,True,,,True,shoulder,False,0.0,0.0,True,0.0,0.0,True,2.05,0.0,False,corner_0111000,F,flat
29.5,21.0,34.0,3.0,26.5,3.0,35.0,71.0,-0.054,ring,0.325,110.88,3.804,-0.054,-0.054,2.5,4.0,False,True,,,True,ring,False,True,,,True,shoulder,False,True,,,True,shoulder,False,0.12,0.0,True,5.37,0.0,False,22.9,0.0,False,corner_0111100,F,flat
32.0,16.0,32.0,1.5,24.5,3.0,35.0,71.0,-0.2,ring,0.0,74.25,2.95,0.8,0.8,4.0,-1.0,False,True,,,True,cap,True,True,,,True,shoulder,False,True,,,True,shoulder,False,0.0,0.0,True,0.0,0.0,True,3.28,0.0,False,corner_1000000,F,flat
32.0,16.0,32.0,1.5,26.5,3.0,35.0,71.0,-0.089,neck,0.624,69.82,2.839,-0.089,0.911,4.0,-1.0,False,True,,,True,neck,False,True,,,True,shoulder,False,True,,,True,shoulder,False,0.19,0.0,True,5.96,0.0,False,24.28,0.0,False,corner_1000100,F,flat
32.0,16.0,32.0,3.0,24.5,3.0,35.0,71.0,-0.2,ring,0.0,74.25,2.95,0.8,0.8,2.5,-1.0,False,True,,,True,cap,True,True,,,True,shoulder,False,True,,,True,shoulder,False,0.0,0.0,True,0.0,0.0,True,3.28,0.0,False,corner_1001000,F,flat
32.0,16.0,32.0,3.0,26.5,3.0,35.0,71.0,-0.089,neck,0.624,69.82,2.839,-0.089,0.911,2.5,-1.0,False,True,,,True,neck,False,True,,,True,shoulder,False,True,,,True,shoulder,False,0.19,0.0,True,5.96,0.0,False,24.28,0.0,False,corner_1001100,F,flat
32.0,16.0,34.0,1.5,24.5,3.0,35.0,71.0,-0.131,ring,0.744,114.23,3.881,0.869,-0.131,4.0,-1.0,False,True,,,True,ring,False,True,,,True,ring,False,True,,,True,shoulder,False,0.0,0.0,True,0.0,0.0,True,2.51,0.0,False,corner_1010000,F,flat
32.0,16.0,34.0,1.5,26.5,3.0,35.0,71.0,-0.068,neck,0.48,111.38,3.818,-0.068,-0.068,4.0,-1.0,False,True,,,True,neck,False,True,,,True,shoulder,False,True,,,True,shoulder,False,0.15,0.0,True,5.6,0.0,False,23.45,0.0,False,corner_1010100,F,flat
32.0,16.0,34.0,3.0,24.5,3.0,35.0,71.0,-0.082,ring,0.53,112.2,3.832,0.918,-0.082,2.5,-1.0,False,True,,,True,ring,False,True,,,True,ring,False,True,,,True,shoulder,False,0.0,0.0,True,0.0,0.0,True,2.05,0.0,False,corner_1011000,F,flat
32.0,16.0,34.0,3.0,26.5,3.0,35.0,71.0,-0.054,ring,0.325,110.88,3.804,-0.054,-0.054,2.5,-1.0,False,True,,,True,ring,False,True,,,True,shoulder,False,True,,,True,shoulder,False,0.12,0.0,True,5.37,0.0,False,22.9,0.0,False,corner_1011100,F,flat
32.0,21.0,32.0,1.5,24.5,3.0,35.0,71.0,-0.2,ring,0.0,74.25,2.95,0.8,0.8,4.0,4.0,False,True,,,True,cap,True,True,,,True,shoulder,False,True,,,True,shoulder,False,0.0,0.0,True,0.0,0.0,True,3.28,0.0,False,corner_1100000,F,flat
32.0,21.0,32.0,1.5,26.5,3.0,35.0,71.0,-0.089,neck,0.624,69.82,2.839,-0.089,0.911,4.0,4.0,False,True,,,True,neck,False,True,,,True,shoulder,False,True,,,True,shoulder,False,0.19,0.0,True,5.96,0.0,False,24.28,0.0,False,corner_1100100,F,flat
32.0,21.0,32.0,3.0,24.5,3.0,35.0,71.0,-0.2,ring,0.0,74.25,2.95,0.8,0.8,2.5,4.0,False,True,,,True,cap,True,True,,,True,shoulder,False,True,,,True,shoulder,False,0.0,0.0,True,0.0,0.0,True,3.28,0.0,False,corner_1101000,F,flat
32.0,21.0,32.0,3.0,26.5,3.0,35.0,71.0,-0.089,neck,0.624,69.82,2.839,-0.089,0.911,2.5,4.0,False,True,,,True,neck,False,True,,,True,shoulder,False,True,,,True,shoulder,False,0.19,0.0,True,5.96,0.0,False,24.28,0.0,False,corner_1101100,F,flat
32.0,21.0,34.0,1.5,24.5,3.0,35.0,71.0,-0.131,ring,0.744,114.23,3.881,0.869,-0.131,4.0,4.0,False,True,,,True,ring,False,True,,,True,ring,False,True,,,True,shoulder,False,0.0,0.0,True,0.0,0.0,True,2.51,0.0,False,corner_1110000,F,flat
32.0,21.0,34.0,1.5,26.5,3.0,35.0,71.0,-0.068,neck,0.48,111.38,3.818,-0.068,-0.068,4.0,4.0,False,True,,,True,neck,False,True,,,True,shoulder,False,True,,,True,shoulder,False,0.15,0.0,True,5.6,0.0,False,23.45,0.0,False,corner_1110100,F,flat
32.0,21.0,34.0,3.0,24.5,3.0,35.0,71.0,-0.082,ring,0.53,112.2,3.832,0.918,-0.082,2.5,4.0,False,True,,,True,ring,False,True,,,True,ring,False,True,,,True,shoulder,False,0.0,0.0,True,0.0,0.0,True,2.05,0.0,False,corner_1111000,F,flat
32.0,21.0,34.0,3.0,26.5,3.0,35.0,71.0,-0.054,ring,0.325,110.88,3.804,-0.054,-0.054,2.5,4.0,False,True,,,True,ring,False,True,,,True,shoulder,False,True,,,True,shoulder,False,0.12,0.0,True,5.37,0.0,False,22.9,0.0,False,corner_1111100,F,flat
29.5,16.0,32.0,1.5,24.5,3.0,45.0,71.0,-0.2,ring,0.0,74.25,2.95,0.8,0.8,4.0,-1.0,False,True,,,True,cap,True,True,,,True,cap,True,True,,,True,shoulder,False,0.0,0.0,True,0.0,0.0,True,0.31,0.0,True,corner_0000001,F,flat
29.5,16.0,32.0,1.5,26.5,3.0,45.0,71.0,-0.089,neck,0.624,69.82,2.839,-0.089,0.911,4.0,-1.0,False,True,,,True,neck,False,True,,,True,shoulder,False,True,,,True,shoulder,False,0.02,0.0,True,2.78,0.0,False,13.4,0.0,False,corner_0000101,F,flat
29.5,16.0,32.0,3.0,24.5,3.0,45.0,71.0,-0.2,ring,0.0,74.25,2.95,0.8,0.8,2.5,-1.0,False,True,,,True,cap,True,True,,,True,cap,True,True,,,True,shoulder,False,0.0,0.0,True,0.0,0.0,True,0.31,0.0,True,corner_0001001,F,flat
29.5,16.0,32.0,3.0,26.5,3.0,45.0,71.0,-0.089,neck,0.624,69.82,2.839,-0.089,0.911,2.5,-1.0,False,True,,,True,neck,False,True,,,True,shoulder,False,True,,,True,shoulder,False,0.02,0.0,True,2.78,0.0,False,13.4,0.0,False,corner_0001101,F,flat
29.5,16.0,34.0,1.5,24.5,3.0,45.0,71.0,-0.131,ring,0.744,114.23,3.881,0.869,-0.131,4.0,-1.0,False,True,,,True,ring,False,True,,,True,ring,False,True,,,True,ring,False,0.0,0.0,True,0.0,0.0,True,0.13,0.0,True,corner_0010001,F,flat
29.5,16.0,34.0,1.5,26.5,3.0,45.0,71.0,-0.068,neck,0.48,111.38,3.818,-0.068,-0.068,4.0,-1.0,False,True,,,True,neck,False,True,,,True,shoulder,False,True,,,True,shoulder,False,0.01,0.0,True,2.54,0.0,False,12.76,0.0,False,corner_0010101,F,flat
29.5,16.0,34.0,3.0,24.5,3.0,45.0,71.0,-0.082,ring,0.53,112.2,3.832,0.918,-0.082,2.5,-1.0,False,True,,,True,ring,False,True,,,True,ring,False,True,,,True,ring,False,0.0,0.0,True,0.0,0.0,True,0.06,0.0,True,corner_0011001,F,flat
29.5,16.0,34.0,3.0,26.5,3.0,45.0,71.0,-0.054,ring,0.325,110.88,3.804,-0.054,-0.054,2.5,-1.0,False,True,,,True,ring,False,True,,,True,shoulder,False,True,,,True,shoulder,False,0.0,0.0,True,2.38,0.0,False,12.34,0.0,False,corner_0011101,F,flat
29.5,21.0,32.0,1.5,24.5,3.0,45.0,71.0,-0.2,ring,0.0,74.25,2.95,0.8,0.8,4.0,4.0,False,True,,,True,cap,True,True,,,True,cap,True,True,,,True,shoulder,False,0.0,0.0,True,0.0,0.0,True,0.31,0.0,True,corner_0100001,F,flat
29.5,21.0,32.0,1.5,26.5,3.0,45.0,71.0,-0.089,neck,0.624,69.82,2.839,-0.089,0.911,4.0,4.0,False,True,,,True,neck,False,True,,,True,shoulder,False,True,,,True,shoulder,False,0.02,0.0,True,2.78,0.0,False,13.4,0.0,False,corner_0100101,F,flat
29.5,21.0,32.0,3.0,24.5,3.0,45.0,71.0,-0.2,ring,0.0,74.25,2.95,0.8,0.8,2.5,4.0,False,True,,,True,cap,True,True,,,True,cap,True,True,,,True,shoulder,False,0.0,0.0,True,0.0,0.0,True,0.31,0.0,True,corner_0101001,F,flat
29.5,21.0,32.0,3.0,26.5,3.0,45.0,71.0,-0.089,neck,0.624,69.82,2.839,-0.089,0.911,2.5,4.0,False,True,,,True,neck,False,True,,,True,shoulder,False,True,,,True,shoulder,False,0.02,0.0,True,2.78,0.0,False,13.4,0.0,False,corner_0101101,F,flat
29.5,21.0,34.0,1.5,24.5,3.0,45.0,71.0,-0.131,ring,0.744,114.23,3.881,0.869,-0.131,4.0,4.0,False,True,,,True,ring,False,True,,,True,ring,False,True,,,True,ring,False,0.0,0.0,True,0.0,0.0,True,0.13,0.0,True,corner_0110001,F,flat
29.5,21.0,34.0,1.5,26.5,3.0,45.0,71.0,-0.068,neck,0.48,111.38,3.818,-0.068,-0.068,4.0,4.0,False,True,,,True,neck,False,True,,,True,shoulder,False,True,,,True,shoulder,False,0.01,0.0,True,2.54,0.0,False,12.76,0.0,False,corner_0110101,F,flat
29.5,21.0,34.0,3.0,24.5,3.0,45.0,71.0,-0.082,ring,0.53,112.2,3.832,0.918,-0.082,2.5,4.0,False,True,,,True,ring,False,True,,,True,ring,False,True,,,True,ring,False,0.0,0.0,True,0.0,0.0,True,0.06,0.0,True,corner_0111001,F,flat
29.5,21.0,34.0,3.0,26.5,3.0,45.0,71.0,-0.054,ring,0.325,110.88,3.804,-0.054,-0.054,2.5,4.0,False,True,,,True,ring,False,True,,,True,shoulder,False,True,,,True,shoulder,False,0.0,0.0,True,2.38,0.0,False,12.34,0.0,False,corner_0111101,F,flat
32.0,16.0,32.0,1.5,24.5,3.0,45.0,71.0,-0.2,ring,0.0,74.25,2.95,0.8,0.8,4.0,-1.0,False,True,,,True,cap,True,True,,,True,cap,True,True,,,True,shoulder,False,0.0,0.0,True,0.0,0.0,True,0.31,0.0,True,corner_1000001,F,flat
32.0,16.0,32.0,1.5,26.5,3.0,45.0,71.0,-0.089,neck,0.624,69.82,2.839,-0.089,0.911,4.0,-1.0,False,True,,,True,neck,False,True,,,True,shoulder,False,True,,,True,shoulder,False,0.02,0.0,True,2.78,0.0,False,13.4,0.0,False,corner_1000101,F,flat
32.0,16.0,32.0,3.0,24.5,3.0,45.0,71.0,-0.2,ring,0.0,74.25,2.95,0.8,0.8,2.5,-1.0,False,True,,,True,cap,True,True,,,True,cap,True,True,,,True,shoulder,False,0.0,0.0,True,0.0,0.0,True,0.31,0.0,True,corner_1001001,F,flat
32.0,16.0,32.0,3.0,26.5,3.0,45.0,71.0,-0.089,neck,0.624,69.82,2.839,-0.089,0.911,2.5,-1.0,False,True,,,True,neck,False,True,,,True,shoulder,False,True,,,True,shoulder,False,0.02,0.0,True,2.78,0.0,False,13.4,0.0,False,corner_1001101,F,flat
32.0,16.0,34.0,1.5,24.5,3.0,45.0,71.0,-0.131,ring,0.744,114.23,3.881,0.869,-0.131,4.0,-1.0,False,True,,,True,ring,False,True,,,True,ring,False,True,,,True,ring,False,0.0,0.0,True,0.0,0.0,True,0.13,0.0,True,corner_1010001,F,flat
32.0,16.0,34.0,1.5,26.5,3.0,45.0,71.0,-0.068,neck,0.48,111.38,3.818,-0.068,-0.068,4.0,-1.0,False,True,,,True,neck,False,True,,,True,shoulder,False,True,,,True,shoulder,False,0.01,0.0,True,2.54,0.0,False,12.76,0.0,False,corner_1010101,F,flat
32.0,16.0,34.0,3.0,24.5,3.0,45.0,71.0,-0.082,ring,0.53,112.2,3.832,0.918,-0.082,2.5,-1.0,False,True,,,True,ring,False,True,,,True,ring,False,True,,,True,ring,False,0.0,0.0,True,0.0,0.0,True,0.06,0.0,True,corner_1011001,F,flat
32.0,16.0,34.0,3.0,26.5,3.0,45.0,71.0,-0.054,ring,0.325,110.88,3.804,-0.054,-0.054,2.5,-1.0,False,True,,,True,ring,False,True,,,True,shoulder,False,True,,,True,shoulder,False,0.0,0.0,True,2.38,0.0,False,12.34,0.0,False,corner_1011101,F,flat
32.0,21.0,32.0,1.5,24.5,3.0,45.0,71.0,-0.2,ring,0.0,74.25,2.95,0.8,0.8,4.0,4.0,False,True,,,True,cap,True,True,,,True,cap,True,True,,,True,shoulder,False,0.0,0.0,True,0.0,0.0,True,0.31,0.0,True,corner_1100001,F,flat
32.0,21.0,32.0,1.5,26.5,3.0,45.0,71.0,-0.089,neck,0.624,69.82,2.839,-0.089,0.911,4.0,4.0,False,True,,,True,neck,False,True,,,True,shoulder,False,True,,,True,shoulder,False,0.02,0.0,True,2.78,0.0,False,13.4,0.0,False,corner_1100101,F,flat
32.0,21.0,32.0,3.0,24.5,3.0,45.0,71.0,-0.2,ring,0.0,74.25,2.95,0.8,0.8,2.5,4.0,False,True,,,True,cap,True,True,,,True,cap,True,True,,,True,shoulder,False,0.0,0.0,True,0.0,0.0,True,0.31,0.0,True,corner_1101001,F,flat
32.0,21.0,32.0,3.0,26.5,3.0,45.0,71.0,-0.089,neck,0.624,69.82,2.839,-0.089,0.911,2.5,4.0,False,True,,,True,neck,False,True,,,True,shoulder,False,True,,,True,shoulder,False,0.02,0.0,True,2.78,0.0,False,13.4,0.0,False,corner_1101101,F,flat
32.0,21.0,34.0,1.5,24.5,3.0,45.0,71.0,-0.131,ring,0.744,114.23,3.881,0.869,-0.131,4.0,4.0,False,True,,,True,ring,False,True,,,True,ring,False,True,,,True,ring,False,0.0,0.0,True,0.0,0.0,True,0.13,0.0,True,corner_1110001,F,flat
32.0,21.0,34.0,1.5,26.5,3.0,45.0,71.0,-0.068,neck,0.48,111.38,3.818,-0.068,-0.068,4.0,4.0,False,True,,,True,neck,False,True,,,True,shoulder,False,True,,,True,shoulder,False,0.01,0.0,True,2.54,0.0,False,12.76,0.0,False,corner_1110101,F,flat
32.0,21.0,34.0,3.0,24.5,3.0,45.0,71.0,-0.082,ring,0.53,112.2,3.832,0.918,-0.082,2.5,4.0,False,True,,,True,ring,False,True,,,True,ring,False,True,,,True,ring,False,0.0,0.0,True,0.0,0.0,True,0.06,0.0,True,corner_1111001,F,flat
32.0,21.0,34.0,3.0,26.5,3.0,45.0,71.0,-0.054,ring,0.325,110.88,3.804,-0.054,-0.054,2.5,4.0,False,True,,,True,ring,False,True,,,True,shoulder,False,True,,,True,shoulder,False,0.0,0.0,True,2.38,0.0,False,12.34,0.0,False,corner_1111101,F,flat
29.5,16.0,32.0,1.5,24.5,10.0,35.0,71.0,-0.2,ring,0.0,74.25,2.95,0.8,0.8,4.0,-1.0,False,True,,,True,cap,True,True,,,True,cap,True,True,,,True,cap,True,0.0,0.0,True,0.0,0.0,True,0.0,0.0,True,corner_0000010,F,flat
29.5,16.0,32.0,1.5,26.5,10.0,35.0,71.0,-0.089,neck,0.624,69.82,2.839,-0.089,0.911,4.0,-1.0,False,True,,,True,neck,False,True,,,True,neck,False,True,,,True,neck,False,0.0,0.0,True,0.0,0.0,True,0.0,0.0,True,corner_0000110,F,flat
29.5,16.0,32.0,3.0,24.5,10.0,35.0,71.0,-0.2,ring,0.0,74.25,2.95,0.8,0.8,2.5,-1.0,False,True,,,True,cap,True,True,,,True,cap,True,True,,,True,cap,True,0.0,0.0,True,0.0,0.0,True,0.0,0.0,True,corner_0001010,F,flat
29.5,16.0,32.0,3.0,26.5,10.0,35.0,71.0,-0.089,neck,0.624,69.82,2.839,-0.089,0.911,2.5,-1.0,False,True,,,True,neck,False,True,,,True,neck,False,True,,,True,neck,False,0.0,0.0,True,0.0,0.0,True,0.0,0.0,True,corner_0001110,F,flat
29.5,16.0,34.0,1.5,24.5,10.0,35.0,71.0,-0.131,ring,0.744,114.23,3.881,0.869,-0.131,4.0,-1.0,False,True,,,True,ring,False,True,,,True,ring,False,True,,,True,ring,False,0.0,0.0,True,0.0,0.0,True,0.0,0.0,True,corner_0010010,F,flat
29.5,16.0,34.0,1.5,26.5,10.0,35.0,71.0,-0.068,neck,0.48,111.38,3.818,-0.068,-0.068,4.0,-1.0,False,True,,,True,neck,False,True,,,True,neck,False,True,,,True,neck,False,0.0,0.0,True,0.0,0.0,True,0.0,0.0,True,corner_0010110,F,flat
29.5,16.0,34.0,3.0,24.5,10.0,35.0,71.0,-0.082,ring,0.53,112.2,3.832,0.918,-0.082,2.5,-1.0,False,True,,,True,ring,False,True,,,True,ring,False,True,,,True,ring,False,0.0,0.0,True,0.0,0.0,True,0.0,0.0,True,corner_0011010,F,flat
29.5,16.0,34.0,3.0,26.5,10.0,35.0,71.0,-0.054,ring,0.325,110.88,3.804,-0.054,-0.054,2.5,-1.0,False,True,,,True,ring,False,True,,,True,ring,False,True,,,True,ring,False,0.0,0.0,True,0.0,0.0,True,0.0,0.0,True,corner_0011110,F,flat
29.5,21.0,32.0,1.5,24.5,10.0,35.0,71.0,-0.2,ring,0.0,74.25,2.95,0.8,0.8,4.0,4.0,False,True,,,True,cap,True,True,,,True,cap,True,True,,,True,cap,True,0.0,0.0,True,0.0,0.0,True,0.0,0.0,True,corner_0100010,F,flat
29.5,21.0,32.0,1.5,26.5,10.0,35.0,71.0,-0.089,neck,0.624,69.82,2.839,-0.089,0.911,4.0,4.0,False,True,,,True,neck,False,True,,,True,neck,False,True,,,True,neck,False,0.0,0.0,True,0.0,0.0,True,0.0,0.0,True,corner_0100110,F,flat
29.5,21.0,32.0,3.0,24.5,10.0,35.0,71.0,-0.2,ring,0.0,74.25,2.95,0.8,0.8,2.5,4.0,False,True,,,True,cap,True,True,,,True,cap,True,True,,,True,cap,True,0.0,0.0,True,0.0,0.0,True,0.0,0.0,True,corner_0101010,F,flat
29.5,21.0,32.0,3.0,26.5,10.0,35.0,71.0,-0.089,neck,0.624,69.82,2.839,-0.089,0.911,2.5,4.0,False,True,,,True,neck,False,True,,,True,neck,False,True,,,True,neck,False,0.0,0.0,True,0.0,0.0,True,0.0,0.0,True,corner_0101110,F,flat
29.5,21.0,34.0,1.5,24.5,10.0,35.0,71.0,-0.131,ring,0.744,114.23,3.881,0.869,-0.131,4.0,4.0,False,True,,,True,ring,False,True,,,True,ring,False,True,,,True,ring,False,0.0,0.0,True,0.0,0.0,True,0.0,0.0,True,corner_0110010,F,flat
29.5,21.0,34.0,1.5,26.5,10.0,35.0,71.0,-0.068,neck,0.48,111.38,3.818,-0.068,-0.068,4.0,4.0,False,True,,,True,neck,False,True,,,True,neck,False,True,,,True,neck,False,0.0,0.0,True,0.0,0.0,True,0.0,0.0,True,corner_0110110,F,flat
29.5,21.0,34.0,3.0,24.5,10.0,35.0,71.0,-0.082,ring,0.53,112.2,3.832,0.918,-0.082,2.5,4.0,False,True,,,True,ring,False,True,,,True,ring,False,True,,,True,ring,False,0.0,0.0,True,0.0,0.0,True,0.0,0.0,True,corner_0111010,F,flat
29.5,21.0,34.0,3.0,26.5,10.0,35.0,71.0,-0.054,ring,0.325,110.88,3.804,-0.054,-0.054,2.5,4.0,False,True,,,True,ring,False,True,,,True,ring,False,True,,,True,ring,False,0.0,0.0,True,0.0,0.0,True,0.0,0.0,True,corner_0111110,F,flat
32.0,16.0,32.0,1.5,24.5,10.0,35.0,71.0,-0.2,ring,0.0,74.25,2.95,0.8,0.8,4.0,-1.0,False,True,,,True,cap,True,True,,,True,cap,True,True,,,True,cap,True,0.0,0.0,True,0.0,0.0,True,0.0,0.0,True,corner_1000010,F,flat
32.0,16.0,32.0,1.5,26.5,10.0,35.0,71.0,-0.089,neck,0.624,69.82,2.839,-0.089,0.911,4.0,-1.0,False,True,,,True,neck,False,True,,,True,neck,False,True,,,True,neck,False,0.0,0.0,True,0.0,0.0,True,0.0,0.0,True,corner_1000110,F,flat
32.0,16.0,32.0,3.0,24.5,10.0,35.0,71.0,-0.2,ring,0.0,74.25,2.95,0.8,0.8,2.5,-1.0,False,True,,,True,cap,True,True,,,True,cap,True,True,,,True,cap,True,0.0,0.0,True,0.0,0.0,True,0.0,0.0,True,corner_1001010,F,flat
32.0,16.0,32.0,3.0,26.5,10.0,35.0,71.0,-0.089,neck,0.624,69.82,2.839,-0.089,0.911,2.5,-1.0,False,True,,,True,neck,False,True,,,True,neck,False,True,,,True,neck,False,0.0,0.0,True,0.0,0.0,True,0.0,0.0,True,corner_1001110,F,flat
32.0,16.0,34.0,1.5,24.5,10.0,35.0,71.0,-0.131,ring,0.744,114.23,3.881,0.869,-0.131,4.0,-1.0,False,True,,,True,ring,False,True,,,True,ring,False,True,,,True,ring,False,0.0,0.0,True,0.0,0.0,True,0.0,0.0,True,corner_1010010,F,flat
32.0,16.0,34.0,1.5,26.5,10.0,35.0,71.0,-0.068,neck,0.48,111.38,3.818,-0.068,-0.068,4.0,-1.0,False,True,,,True,neck,False,True,,,True,neck,False,True,,,True,neck,False,0.0,0.0,True,0.0,0.0,True,0.0,0.0,True,corner_1010110,F,flat
32.0,16.0,34.0,3.0,24.5,10.0,35.0,71.0,-0.082,ring,0.53,112.2,3.832,0.918,-0.082,2.5,-1.0,False,True,,,True,ring,False,True,,,True,ring,False,True,,,True,ring,False,0.0,0.0,True,0.0,0.0,True,0.0,0.0,True,corner_1011010,F,flat
32.0,16.0,34.0,3.0,26.5,10.0,35.0,71.0,-0.054,ring,0.325,110.88,3.804,-0.054,-0.054,2.5,-1.0,False,True,,,True,ring,False,True,,,True,ring,False,True,,,True,ring,False,0.0,0.0,True,0.0,0.0,True,0.0,0.0,True,corner_1011110,F,flat
32.0,21.0,32.0,1.5,24.5,10.0,35.0,71.0,-0.2,ring,0.0,74.25,2.95,0.8,0.8,4.0,4.0,False,True,,,True,cap,True,True,,,True,cap,True,True,,,True,cap,True,0.0,0.0,True,0.0,0.0,True,0.0,0.0,True,corner_1100010,F,flat
32.0,21.0,32.0,1.5,26.5,10.0,35.0,71.0,-0.089,neck,0.624,69.82,2.839,-0.089,0.911,4.0,4.0,False,True,,,True,neck,False,True,,,True,neck,False,True,,,True,neck,False,0.0,0.0,True,0.0,0.0,True,0.0,0.0,True,corner_1100110,F,flat
32.0,21.0,32.0,3.0,24.5,10.0,35.0,71.0,-0.2,ring,0.0,74.25,2.95,0.8,0.8,2.5,4.0,False,True,,,True,cap,True,True,,,True,cap,True,True,,,True,cap,True,0.0,0.0,True,0.0,0.0,True,0.0,0.0,True,corner_1101010,F,flat
32.0,21.0,32.0,3.0,26.5,10.0,35.0,71.0,-0.089,neck,0.624,69.82,2.839,-0.089,0.911,2.5,4.0,False,True,,,True,neck,False,True,,,True,neck,False,True,,,True,neck,False,0.0,0.0,True,0.0,0.0,True,0.0,0.0,True,corner_1101110,F,flat
32.0,21.0,34.0,1.5,24.5,10.0,35.0,71.0,-0.131,ring,0.744,114.23,3.881,0.869,-0.131,4.0,4.0,False,True,,,True,ring,False,True,,,True,ring,False,True,,,True,ring,False,0.0,0.0,True,0.0,0.0,True,0.0,0.0,True,corner_1110010,F,flat
32.0,21.0,34.0,1.5,26.5,10.0,35.0,71.0,-0.068,neck,0.48,111.38,3.818,-0.068,-0.068,4.0,4.0,False,True,,,True,neck,False,True,,,True,neck,False,True,,,True,neck,False,0.0,0.0,True,0.0,0.0,True,0.0,0.0,True,corner_1110110,F,flat
32.0,21.0,34.0,3.0,24.5,10.0,35.0,71.0,-0.082,ring,0.53,112.2,3.832,0.918,-0.082,2.5,4.0,False,True,,,True,ring,False,True,,,True,ring,False,True,,,True,ring,False,0.0,0.0,True,0.0,0.0,True,0.0,0.0,True,corner_1111010,F,flat
32.0,21.0,34.0,3.0,26.5,10.0,35.0,71.0,-0.054,ring,0.325,110.88,3.804,-0.054,-0.054,2.5,4.0,False,True,,,True,ring,False,True,,,True,ring,False,True,,,True,ring,False,0.0,0.0,True,0.0,0.0,True,0.0,0.0,True,corner_1111110,F,flat
