sku,mass_kg,body_d_mm,com_depth_below_ring_mm,water_column_mm,clamp_case,F_servo_N,face,mu_face,friction_torque_Nmm,hold_acceleration_g,accel_g_for_swing_8deg_tilt,tilt_deg_at_0p3g
500 mL,0.519,66.0,95.9,126.9,"TQ 0.70 N m (RECOMMENDED, spec 25 N)",24.8,PETG face (smooth/wet) mu 0.3,0.3,148.0,0.302,0.443,0.0
500 mL,0.519,66.0,95.9,126.9,"TQ 0.70 N m (RECOMMENDED, spec 25 N)",24.8,PETG face mu 0.5,0.5,246.0,0.504,0.644,0.0
500 mL,0.519,66.0,95.9,126.9,"TQ 0.70 N m (RECOMMENDED, spec 25 N)",24.8,"1 mm TPU 95A pad, mu 0.6 (ASSUMED)",0.6,295.0,0.605,0.745,0.0
500 mL,0.519,66.0,95.9,126.9,"TQ 0.70 N m (RECOMMENDED, spec 25 N)",24.8,"1 mm TPU 95A pad, mu 0.8 (ASSUMED, dry)",0.8,393.0,0.806,0.947,0.0
500 mL,0.519,66.0,95.9,126.9,TQ 1.00 N m,35.4,PETG face (smooth/wet) mu 0.3,0.3,219.0,0.449,0.59,0.0
500 mL,0.519,66.0,95.9,126.9,TQ 1.00 N m,35.4,PETG face mu 0.5,0.5,365.0,0.749,0.889,0.0
500 mL,0.519,66.0,95.9,126.9,TQ 1.00 N m,35.4,"1 mm TPU 95A pad, mu 0.6 (ASSUMED)",0.6,438.0,0.899,1.039,0.0
500 mL,0.519,66.0,95.9,126.9,TQ 1.00 N m,35.4,"1 mm TPU 95A pad, mu 0.8 (ASSUMED, dry)",0.8,585.0,1.198,1.339,0.0
500 mL,0.519,66.0,95.9,126.9,TQ 1.177 N m (S1 cap 41.7 N),41.7,PETG face (smooth/wet) mu 0.3,0.3,262.0,0.536,0.677,0.0
500 mL,0.519,66.0,95.9,126.9,TQ 1.177 N m (S1 cap 41.7 N),41.7,PETG face mu 0.5,0.5,436.0,0.894,1.034,0.0
500 mL,0.519,66.0,95.9,126.9,TQ 1.177 N m (S1 cap 41.7 N),41.7,"1 mm TPU 95A pad, mu 0.6 (ASSUMED)",0.6,523.0,1.072,1.213,0.0
500 mL,0.519,66.0,95.9,126.9,TQ 1.177 N m (S1 cap 41.7 N),41.7,"1 mm TPU 95A pad, mu 0.8 (ASSUMED, dry)",0.8,697.0,1.43,1.57,0.0
600 mL,0.65,67.5,107.0,148.6,"TQ 0.70 N m (RECOMMENDED, spec 25 N)",24.8,PETG face (smooth/wet) mu 0.3,0.3,143.0,0.209,0.349,5.2
600 mL,0.65,67.5,107.0,148.6,"TQ 0.70 N m (RECOMMENDED, spec 25 N)",24.8,PETG face mu 0.5,0.5,238.0,0.348,0.489,0.0
600 mL,0.65,67.5,107.0,148.6,"TQ 0.70 N m (RECOMMENDED, spec 25 N)",24.8,"1 mm TPU 95A pad, mu 0.6 (ASSUMED)",0.6,285.0,0.418,0.558,0.0
600 mL,0.65,67.5,107.0,148.6,"TQ 0.70 N m (RECOMMENDED, spec 25 N)",24.8,"1 mm TPU 95A pad, mu 0.8 (ASSUMED, dry)",0.8,380.0,0.557,0.697,0.0
600 mL,0.65,67.5,107.0,148.6,TQ 1.00 N m,35.4,PETG face (smooth/wet) mu 0.3,0.3,214.0,0.314,0.454,0.0
600 mL,0.65,67.5,107.0,148.6,TQ 1.00 N m,35.4,PETG face mu 0.5,0.5,357.0,0.523,0.664,0.0
600 mL,0.65,67.5,107.0,148.6,TQ 1.00 N m,35.4,"1 mm TPU 95A pad, mu 0.6 (ASSUMED)",0.6,428.0,0.628,0.768,0.0
600 mL,0.65,67.5,107.0,148.6,TQ 1.00 N m,35.4,"1 mm TPU 95A pad, mu 0.8 (ASSUMED, dry)",0.8,571.0,0.837,0.978,0.0
600 mL,0.65,67.5,107.0,148.6,TQ 1.177 N m (S1 cap 41.7 N),41.7,PETG face (smooth/wet) mu 0.3,0.3,257.0,0.376,0.517,0.0
600 mL,0.65,67.5,107.0,148.6,TQ 1.177 N m (S1 cap 41.7 N),41.7,PETG face mu 0.5,0.5,428.0,0.627,0.767,0.0
600 mL,0.65,67.5,107.0,148.6,TQ 1.177 N m (S1 cap 41.7 N),41.7,"1 mm TPU 95A pad, mu 0.6 (ASSUMED)",0.6,513.0,0.752,0.892,0.0
600 mL,0.65,67.5,107.0,148.6,TQ 1.177 N m (S1 cap 41.7 N),41.7,"1 mm TPU 95A pad, mu 0.8 (ASSUMED, dry)",0.8,684.0,1.003,1.143,0.0
1 L,1.072,82.0,119.4,171.7,"TQ 0.70 N m (RECOMMENDED, spec 25 N)",24.8,PETG face (smooth/wet) mu 0.3,0.3,126.0,0.101,0.241,11.3
1 L,1.072,82.0,119.4,171.7,"TQ 0.70 N m (RECOMMENDED, spec 25 N)",24.8,PETG face mu 0.5,0.5,211.0,0.168,0.308,7.5
1 L,1.072,82.0,119.4,171.7,"TQ 0.70 N m (RECOMMENDED, spec 25 N)",24.8,"1 mm TPU 95A pad, mu 0.6 (ASSUMED)",0.6,253.0,0.201,0.342,5.6
1 L,1.072,82.0,119.4,171.7,"TQ 0.70 N m (RECOMMENDED, spec 25 N)",24.8,"1 mm TPU 95A pad, mu 0.8 (ASSUMED, dry)",0.8,337.0,0.268,0.409,1.8
1 L,1.072,82.0,119.4,171.7,TQ 1.00 N m,35.4,PETG face (smooth/wet) mu 0.3,0.3,198.0,0.158,0.298,8.1
1 L,1.072,82.0,119.4,171.7,TQ 1.00 N m,35.4,PETG face mu 0.5,0.5,330.0,0.263,0.403,2.1
1 L,1.072,82.0,119.4,171.7,TQ 1.00 N m,35.4,"1 mm TPU 95A pad, mu 0.6 (ASSUMED)",0.6,396.0,0.316,0.456,0.0
1 L,1.072,82.0,119.4,171.7,TQ 1.00 N m,35.4,"1 mm TPU 95A pad, mu 0.8 (ASSUMED, dry)",0.8,528.0,0.421,0.561,0.0
1 L,1.072,82.0,119.4,171.7,TQ 1.177 N m (S1 cap 41.7 N),41.7,PETG face (smooth/wet) mu 0.3,0.3,240.0,0.191,0.332,6.2
1 L,1.072,82.0,119.4,171.7,TQ 1.177 N m (S1 cap 41.7 N),41.7,PETG face mu 0.5,0.5,401.0,0.319,0.46,0.0
1 L,1.072,82.0,119.4,171.7,TQ 1.177 N m (S1 cap 41.7 N),41.7,"1 mm TPU 95A pad, mu 0.6 (ASSUMED)",0.6,481.0,0.383,0.523,0.0
1 L,1.072,82.0,119.4,171.7,TQ 1.177 N m (S1 cap 41.7 N),41.7,"1 mm TPU 95A pad, mu 0.8 (ASSUMED, dry)",0.8,641.0,0.511,0.651,0.0
1.5 L,1.605,89.0,146.1,223.9,"TQ 0.70 N m (RECOMMENDED, spec 25 N)",24.8,PETG face (smooth/wet) mu 0.3,0.3,106.0,0.046,0.187,14.2
1.5 L,1.605,89.0,146.1,223.9,"TQ 0.70 N m (RECOMMENDED, spec 25 N)",24.8,PETG face mu 0.5,0.5,177.0,0.077,0.217,12.6
1.5 L,1.605,89.0,146.1,223.9,"TQ 0.70 N m (RECOMMENDED, spec 25 N)",24.8,"1 mm TPU 95A pad, mu 0.6 (ASSUMED)",0.6,212.0,0.092,0.233,11.7
1.5 L,1.605,89.0,146.1,223.9,"TQ 0.70 N m (RECOMMENDED, spec 25 N)",24.8,"1 mm TPU 95A pad, mu 0.8 (ASSUMED, dry)",0.8,283.0,0.123,0.263,10.0
1.5 L,1.605,89.0,146.1,223.9,TQ 1.00 N m,35.4,PETG face (smooth/wet) mu 0.3,0.3,178.0,0.077,0.218,12.6
1.5 L,1.605,89.0,146.1,223.9,TQ 1.00 N m,35.4,PETG face mu 0.5,0.5,296.0,0.129,0.269,9.7
1.5 L,1.605,89.0,146.1,223.9,TQ 1.00 N m,35.4,"1 mm TPU 95A pad, mu 0.6 (ASSUMED)",0.6,355.0,0.155,0.295,8.3
1.5 L,1.605,89.0,146.1,223.9,TQ 1.00 N m,35.4,"1 mm TPU 95A pad, mu 0.8 (ASSUMED, dry)",0.8,474.0,0.206,0.347,5.4
1.5 L,1.605,89.0,146.1,223.9,TQ 1.177 N m (S1 cap 41.7 N),41.7,PETG face (smooth/wet) mu 0.3,0.3,220.0,0.096,0.236,11.5
1.5 L,1.605,89.0,146.1,223.9,TQ 1.177 N m (S1 cap 41.7 N),41.7,PETG face mu 0.5,0.5,367.0,0.159,0.3,8.0
1.5 L,1.605,89.0,146.1,223.9,TQ 1.177 N m (S1 cap 41.7 N),41.7,"1 mm TPU 95A pad, mu 0.6 (ASSUMED)",0.6,440.0,0.191,0.332,6.2
1.5 L,1.605,89.0,146.1,223.9,TQ 1.177 N m (S1 cap 41.7 N),41.7,"1 mm TPU 95A pad, mu 0.8 (ASSUMED, dry)",0.8,587.0,0.255,0.396,2.6
2 L,2.13,110.0,131.6,194.3,"TQ 0.70 N m (RECOMMENDED, spec 25 N)",24.8,PETG face (smooth/wet) mu 0.3,0.3,86.0,0.031,0.172,15.0
2 L,2.13,110.0,131.6,194.3,"TQ 0.70 N m (RECOMMENDED, spec 25 N)",24.8,PETG face mu 0.5,0.5,143.0,0.052,0.193,13.9
2 L,2.13,110.0,131.6,194.3,"TQ 0.70 N m (RECOMMENDED, spec 25 N)",24.8,"1 mm TPU 95A pad, mu 0.6 (ASSUMED)",0.6,172.0,0.063,0.203,13.4
2 L,2.13,110.0,131.6,194.3,"TQ 0.70 N m (RECOMMENDED, spec 25 N)",24.8,"1 mm TPU 95A pad, mu 0.8 (ASSUMED, dry)",0.8,229.0,0.083,0.224,12.2
2 L,2.13,110.0,131.6,194.3,TQ 1.00 N m,35.4,PETG face (smooth/wet) mu 0.3,0.3,158.0,0.057,0.198,13.6
2 L,2.13,110.0,131.6,194.3,TQ 1.00 N m,35.4,PETG face mu 0.5,0.5,263.0,0.096,0.236,11.6
2 L,2.13,110.0,131.6,194.3,TQ 1.00 N m,35.4,"1 mm TPU 95A pad, mu 0.6 (ASSUMED)",0.6,315.0,0.115,0.255,10.5
2 L,2.13,110.0,131.6,194.3,TQ 1.00 N m,35.4,"1 mm TPU 95A pad, mu 0.8 (ASSUMED, dry)",0.8,420.0,0.153,0.293,8.4
2 L,2.13,110.0,131.6,194.3,TQ 1.177 N m (S1 cap 41.7 N),41.7,PETG face (smooth/wet) mu 0.3,0.3,200.0,0.073,0.213,12.8
2 L,2.13,110.0,131.6,194.3,TQ 1.177 N m (S1 cap 41.7 N),41.7,PETG face mu 0.5,0.5,333.0,0.121,0.262,10.1
2 L,2.13,110.0,131.6,194.3,TQ 1.177 N m (S1 cap 41.7 N),41.7,"1 mm TPU 95A pad, mu 0.6 (ASSUMED)",0.6,400.0,0.145,0.286,8.8
2 L,2.13,110.0,131.6,194.3,TQ 1.177 N m (S1 cap 41.7 N),41.7,"1 mm TPU 95A pad, mu 0.8 (ASSUMED, dry)",0.8,533.0,0.194,0.334,6.1
