jaw,tq,mu_cap,no_lip,lip_below_mm,mass_kg,weight_N,clamp_per_jaw_N,F_onset_N,F_at_3mm_N,capacity_N,capacity_is_lower_bound,two_mu_N,final_slip_mm,F_end_N,variant,fail
C,0.35,0.3,True,1.2,0.65,6.376500000000001,12.3958,1.9360000000006465,2.2480000000007507,8.62450000000075,False,7.437479999999999,3.203104804296614,89.99199999997728,,
C,0.35,0.45,True,1.2,0.65,6.376500000000001,12.3958,5.848000000001953,6.120000000002044,12.496500000002044,False,11.15622,3.223167996255938,89.99199999997728,,
C,0.35,0.6,True,1.2,0.65,6.376500000000001,12.3958,9.752000000003257,10.00000000000334,16.37650000000334,False,14.874959999999998,3.24017474301444,89.99199999997728,,
C,0.5,0.3,True,1.2,0.65,6.376500000000001,17.7083,5.144000000001718,5.48000000000183,11.85650000000183,False,10.62498,3.2234848957318207,89.99199999997728,,
C,0.5,0.45,True,1.2,0.65,6.376500000000001,17.7083,10.696000000003572,10.952000000003657,17.328500000003658,False,15.937470000000001,3.2458479338370037,89.99199999997728,,
C,0.5,0.6,True,1.2,0.65,6.376500000000001,17.7083,16.208000000005413,16.416000000005482,22.792500000005482,False,21.24996,3.193329906335002,89.99199999997728,,
C,0.7,0.3,True,1.2,0.65,6.376500000000001,24.7917,9.392000000003137,9.752000000003257,16.128500000003257,False,14.87502,3.241880965040189,89.99199999997728,,
C,0.7,0.45,True,1.2,0.65,6.376500000000001,24.7917,17.056000000005696,17.3680000000058,23.7445000000058,False,22.31253,3.276315231836385,89.99199999997728,,
C,0.7,0.6,True,1.2,0.65,6.376500000000001,24.7917,24.712000000008253,24.968000000008338,31.34450000000834,False,29.75004,3.3017881684475614,89.99199999997728,,
C,0.85,0.3,True,1.2,0.65,6.376500000000001,30.1042,12.5760000000042,12.960000000004328,19.336500000004328,False,18.06252,3.2468875790439276,89.99199999997728,,
C,0.85,0.45,True,1.2,0.65,6.376500000000001,30.1042,21.83200000000729,22.176000000007406,28.552500000007406,False,27.09378,3.2616841435389174,89.99199999997728,,
C,0.85,0.6,True,1.2,0.65,6.376500000000001,30.1042,31.08000000000994,31.36800000000978,37.74450000000978,False,36.12504,3.20390442216989,89.99199999997728,,
C,1.0,0.3,True,1.2,0.65,6.376500000000001,35.4167,15.760000000005263,16.160000000005397,22.536500000005397,False,21.25002,3.2600500739752567,89.99199999997728,,
C,1.0,0.45,True,1.2,0.65,6.376500000000001,35.4167,26.608000000008886,26.904000000008985,33.280500000008985,False,31.87503,3.157310696845994,89.99199999997728,,
C,1.0,0.6,True,1.2,0.65,6.376500000000001,35.4167,37.440000000006414,37.70400000000627,44.08050000000627,False,42.50004,3.354763906102537,89.99199999997728,,
C,0.35,0.3,False,1.2,0.65,6.376500000000001,12.3958,1.9360000000006465,,96.36849999997729,True,7.437479999999999,1.3132576783363714,89.99199999997728,lip_engaged,
F,0.7,0.3,False,1.2,0.65,6.376500000000001,24.7917,,,96.3684999999768,True,14.87502,0.053847281496655075,89.9919999999768,lip_engaged,
C,0.35,0.3,False,2.5,0.65,6.376500000000001,12.3958,1.9360000000006465,,96.36849999997729,True,7.437479999999999,2.614038739260721,89.99199999997728,lip_engaged,
F,0.7,0.3,False,2.5,0.65,6.376500000000001,24.7917,,,96.36849999997635,True,14.87502,0.05384727740709305,89.99199999997634,lip_engaged,
C,0.35,0.3,False,,,,,,,,,,,,lip_engaged,rejected_closing_distance
F,0.7,0.3,False,4.0,0.65,6.376500000000001,24.7917,,,96.36849999997581,True,14.87502,0.0538477607283927,89.9919999999758,lip_engaged,
