jaw,D_set_mm,lat_mm,k_strict,n,rate_strict,k_grip,rate_grip,lo_grip,hi_grip
C,65.0,0,8,10,0.8,10,1.0,0.722,1.0
C,65.0,1,9,10,0.9,10,1.0,0.722,1.0
C,65.0,2,8,10,0.8,10,1.0,0.722,1.0
C,65.0,3,8,10,0.8,10,1.0,0.722,1.0
C,65.0,4,7,10,0.7,9,0.9,0.596,0.982
C,65.0,5,2,10,0.2,3,0.3,0.108,0.603
C,65.0,6,0,10,0.0,0,0.0,-0.0,0.278
C,65.0,8,0,10,0.0,0,0.0,-0.0,0.278
C,67.5,0,8,10,0.8,10,1.0,0.722,1.0
C,67.5,1,8,10,0.8,10,1.0,0.722,1.0
C,67.5,2,8,10,0.8,10,1.0,0.722,1.0
C,67.5,3,4,10,0.4,6,0.6,0.313,0.832
C,67.5,4,1,10,0.1,1,0.1,0.018,0.404
C,67.5,5,0,10,0.0,0,0.0,-0.0,0.278
C,67.5,6,0,10,0.0,0,0.0,-0.0,0.278
C,67.5,8,0,10,0.0,0,0.0,-0.0,0.278
C,71.0,0,8,10,0.8,10,1.0,0.722,1.0
C,71.0,1,5,10,0.5,7,0.7,0.397,0.892
C,71.0,2,2,10,0.2,3,0.3,0.108,0.603
C,71.0,3,0,10,0.0,0,0.0,-0.0,0.278
C,71.0,4,0,10,0.0,0,0.0,-0.0,0.278
C,71.0,5,0,10,0.0,0,0.0,-0.0,0.278
C,71.0,6,0,10,0.0,0,0.0,-0.0,0.278
C,71.0,8,0,10,0.0,0,0.0,-0.0,0.278
