hand,SKU,abs_e_pl_lat_mm,rows,unique_draws,k_grip,frac_grip,CI95_on_unique_draws,frac_strict,mean_D_mm,mean_lane_slack_mm
C,500 mL,0-1,84,14,84,1.0,0.78-1.00,0.702,64.8,4.1
C,500 mL,1-2,108,18,107,0.991,0.81-1.00,0.731,65.82,3.59
C,500 mL,2-3,78,13,78,1.0,0.77-1.00,0.769,66.37,3.31
C,500 mL,3-4,90,15,69,0.767,0.51-0.91,0.678,66.14,3.43
C,600 mL,0-1,84,14,84,1.0,0.78-1.00,0.619,66.02,3.49
C,600 mL,1-2,108,18,105,0.972,0.78-1.00,0.667,67.62,2.69
C,600 mL,2-3,78,13,36,0.462,0.23-0.71,0.385,68.47,2.26
C,600 mL,3-4,90,15,36,0.4,0.20-0.64,0.267,68.11,2.45
F,500 mL,0-1,84,14,81,0.964,0.73-1.00,0.643,64.8,4.1
F,500 mL,1-2,108,18,99,0.917,0.71-0.98,0.694,65.82,3.59
F,500 mL,2-3,78,13,59,0.756,0.48-0.91,0.615,66.37,3.31
F,500 mL,3-4,90,15,80,0.889,0.65-0.97,0.822,66.14,3.43
F,600 mL,0-1,84,14,70,0.833,0.57-0.95,0.548,66.02,3.49
F,600 mL,1-2,108,18,87,0.806,0.58-0.93,0.528,67.62,2.69
F,600 mL,2-3,78,13,39,0.5,0.26-0.74,0.372,68.47,2.26
F,600 mL,3-4,90,15,36,0.4,0.20-0.64,0.267,68.11,2.45
