jaw,axis,a_g_cmd,a_g_peak_planned,mu_cap,mass_kg,swing_deg,slip_mm,tilt_heading_plane_deg,tilt_closing_plane_deg,pred_atan_g_deg,pred_threshold_g,v_peak,variant
C,heading,0.05,0.05000000289070549,0.45,0.65,0.0325361634748992,0.5909197032537515,4.129735212468429e-05,0.01636397890987672,2.862405226111748,0.13807531380753138,0.27033199482048853,
C,heading,0.1,0.10000001289147842,0.45,0.65,0.029752252369947784,0.832050969792036,5.4563020171949654e-05,0.013579602227877394,5.710593137499643,0.13807531380753138,0.3765600471945796,
C,heading,0.2,0.20000045637633634,0.45,0.65,0.02713304955848118,1.1676252505691669,7.22820665501082e-05,0.010968921468213051,11.309932474020215,0.13807531380753138,0.5210362508885069,
C,heading,0.3,0.30000015170555105,0.45,0.65,5.466339756194279,1.8626668193872271,5.463828579261616,0.3930697931846808,16.69924423399362,0.13807531380753138,0.6273411835191756,
C,heading,0.4,0.4000000515517671,0.45,0.65,13.80347022603395,1.6641874301803639,13.800739448090564,1.1208673015292838,21.80140948635181,0.13807531380753138,0.7138800893322084,
C,heading,0.5,0.5000023379262104,0.45,0.65,17.69256543623138,2.562831727170373,17.687550529053556,0.47124937930513816,26.565051177077994,0.13807531380753138,0.7877691218784177,
C,closing,0.05,0.05000000289070549,0.45,0.65,0.03633138404466649,0.9706349769277401,1.6020083540697213e-05,0.021319180519499586,2.862405226111748,0.13807531380753138,0.27033199482048853,
C,closing,0.1,0.10000001289006376,0.45,0.65,0.038331762488211386,1.3794064167861841,1.877696312082596e-05,0.02331871560592164,5.710593137499643,0.13807531380753138,0.3765600471945657,
C,closing,0.2,0.20000045637633634,0.45,0.65,0.04249627853760524,1.9586459553819153,1.602111267890288e-05,0.027480054881733464,11.309932474020215,0.13807531380753138,0.5210362508885069,
C,closing,0.3,0.3000001517041364,0.45,0.65,0.4652372460735451,2.4389840338784494,0.0016544805399104764,0.48024256739199445,16.69924423399362,0.13807531380753138,0.6273411835191686,
C,closing,0.4,0.40000005155035245,0.45,0.65,0.7357841110198039,2.978260802546309,0.004377388742400836,0.7457144666656164,21.80140948635181,0.13807531380753138,0.7138800893322291,
C,closing,0.5,0.5000023379247958,0.45,0.65,1.6583902049352133,3.3370726676057667,0.02494788584928023,1.643351305395327,26.565051177077994,0.13807531380753138,0.7877691218784177,
F,heading,0.05,0.05000000289070549,0.45,0.65,5.594107580820684,0.9405337121653641,10.096861974617196,0.09106594117220995,2.862405226111748,0.13807531380753138,0.27033199482048853,
F,heading,0.1,0.10000001289147842,0.45,0.65,8.399602098953064,1.7949356346588796,12.902592364847774,0.19600586601464629,5.710593137499643,0.13807531380753138,0.3765600471945796,
F,heading,0.2,0.20000045637633634,0.45,0.65,20.544941327450957,1.8955784315898772,20.641899724140934,0.29432764523714616,11.309932474020215,0.13807531380753138,0.5210362508885069,
F,heading,0.3,0.30000015170555105,0.45,0.65,37.20790591577629,5.055292995200791,32.67217089572607,2.0504353160584103,16.69924423399362,0.13807531380753138,0.6273411835191756,
F,heading,0.4,0.4000000515517671,0.45,0.65,32.40640525271387,3.6653287536033248,29.39300618688734,1.1524766830318491,21.80140948635181,0.13807531380753138,0.7138800893322084,
F,heading,0.5,0.5000023379262104,0.45,0.65,39.97808867616504,15.433027638307843,35.45751517744741,1.715532370185775,26.565051177077994,0.13807531380753138,0.7877691218784177,
F,closing,0.05,0.05000000289070549,0.45,0.65,0.01661744045826453,0.9858805641469077,0.02142004594506249,0.014555054334309743,2.862405226111748,0.13807531380753138,0.27033199482048853,
F,closing,0.1,0.10000001289006376,0.45,0.65,0.15474431858133816,1.4019127679599808,0.04289483362478048,0.15205510527802743,5.710593137499643,0.13807531380753138,0.3765600471945657,
F,closing,0.2,0.20000045637633634,0.45,0.65,6.174392036518996,2.629672793438819,0.7698493955584931,6.155986893432611,11.309932474020215,0.13807531380753138,0.5210362508885069,
F,closing,0.3,0.3000001517041364,0.45,0.65,6.346148404088808,3.009183396424935,0.9543769201398691,6.314034430949739,16.69924423399362,0.13807531380753138,0.6273411835191686,
F,closing,0.4,0.40000005155035245,0.45,0.65,6.524314524067536,3.3108728540512247,1.120363467916502,6.466351692481842,21.80140948635181,0.13807531380753138,0.7138800893322291,
F,closing,0.5,0.5000023379247958,0.45,0.65,6.662569236712418,3.5967555005723812,1.1415884608310722,6.576111915810179,26.565051177077994,0.13807531380753138,0.7877691218784177,
C,heading,0.2,0.20000045637633634,0.3,0.65,1.8499671839598224,1.1339059239425935,1.8499360293457794,0.024682843362420482,11.309932474020215,0.13807531380753138,0.5210362508885069,mu0.3
C,heading,0.3,0.30000015170555105,0.3,0.65,9.573064443559163,2.1082073710523264,9.57191170785679,0.5308204410955948,16.69924423399362,0.13807531380753138,0.6273411835191756,mu0.3
C,heading,0.5,0.5000023379262104,0.3,0.65,22.236419741912805,16.896343200898055,22.234221034486815,0.27285166162833646,26.565051177077994,0.13807531380753138,0.7877691218784177,mu0.3
