mu,sku,D_mm,n_front,a_theory,a_eff,slid_mm,flows,t_stop_s,t_stop_theory,v_stop,v_stop_theory,tilt_final_deg,tilt_max_deg,upright_end,variant
0.04,pet_500,65.8,0,0.6351738329131701,0.634313635056686,1795.0418249075392,True,0.7620000000000006,0.7509113842900689,0.4877707623284009,0.4769592621376575,141.85448899951717,179.53622253279295,False,
0.05,pet_500,65.8,0,0.5376112349775425,0.5369955776116551,1643.6602254448276,True,0.8280000000000006,0.8162079483662543,0.43976492269648326,0.43880256311966825,147.95502914810584,179.28478563451003,False,
0.06,pet_500,65.8,0,0.44004863704191494,0.43957695899369204,1673.5587210325568,True,0.9150000000000007,0.9021622438407159,0.40169890164489863,0.3969952657927827,49.000512870195294,179.5242809568506,False,
0.07,pet_500,65.8,0,0.3424860391062872,0.34271050493823046,1496.512086464965,True,1.0369999999999966,1.0226182787913085,0.35418085054269016,0.3502324838209242,43.0593261578457,179.34926412341142,False,
0.08,pet_500,65.8,0,0.2449234411706596,0.24807915822615487,183.02785988231125,True,1.2219999999999762,1.209260344967275,0.29065675938176394,0.29617620496060393,0.004186159452999484,7.354061644709415,True,
0.09,pet_500,65.8,0,0.1473608432350321,0.15349473569438046,183.02801112380868,True,1.5659999999999383,1.558992186986539,0.23314708140772536,0.22973440327116323,0.003925986649504485,3.8442321053493353,True,
0.1,pet_500,65.8,0,0.04979824529940446,0.061988819672767786,183.028180212994,True,2.6269999999998217,2.6818097639176965,0.13960833217337407,0.1335494204699114,0.003519973520934758,1.1485745512807997,True,
0.105,pet_500,65.8,0,0.0010169463315907012,0.012779323084390346,77.16182451382613,True,-1.0,18.766616132370704,-1.0,0.01908464143218526,0.0024815242032197584,0.012978560014428342,True,
0.11,pet_500,65.8,0,-0.04776435263622319,0.000552963032578366,0.09593902284127376,False,-1.0,-1.0,-1.0,-1.0,0.006643553159660195,0.007411416555437535,True,
0.12,pet_500,65.8,0,-0.1453269505718507,0.00015757632769556367,0.0272642755238528,False,-1.0,-1.0,-1.0,-1.0,0.006642477159993897,0.007769551141126157,True,
0.15,pet_500,65.8,0,-0.4380147443787336,6.832664168436107e-05,0.011753845785333894,False,-1.0,-1.0,-1.0,-1.0,0.006638471353091283,0.008372882328747678,True,
0.04,pet_600,67.5,0,0.6351738329131701,0.634108053626837,1909.5452923880337,True,0.7590000000000006,0.7473386392450715,0.48176130460092226,0.4746899479734049,7.1923123314530715,179.30215806771295,True,
0.05,pet_600,67.5,0,0.5376112349775425,0.5367694030779372,1844.0042654916604,True,0.8240000000000006,0.812324530210369,0.4438508555369058,0.43671479388894846,157.60179735684525,179.77852178758033,False,
0.06,pet_600,67.5,0,0.44004863704191494,0.439710035077641,1659.6977545485624,True,0.9110000000000007,0.8978698656002221,0.38933252156702436,0.3951064105983851,111.9719418474847,178.12093770502955,False,
0.07,pet_600,67.5,0,0.3424860391062872,0.3422478377103175,1747.0934965477663,True,1.0319999999999971,1.017752785385679,0.3538553375626733,0.3485661202561324,74.35640229663711,179.1337007614435,False,
0.08,pet_600,67.5,0,0.2449234411706596,0.24668974913256309,181.3366647146037,True,1.2179999999999767,1.2035068313090977,0.2984097262258293,0.29476703459662074,0.0034138551081353326,9.220613046878709,True,
0.09,pet_600,67.5,0,0.1473608432350321,0.1525244320863277,181.33684640099773,True,1.5609999999999389,1.5515746917563769,0.23069056509781932,0.22864135491935472,0.0031111968546552573,4.311749491210063,True,
0.1,pet_600,67.5,0,0.04979824529940446,0.06073871248753957,181.33654945330363,True,2.6269999999998217,2.6690500392070087,0.14371936306174685,0.1329140085688157,0.004750463547819369,1.233813778580681,True,
0.105,pet_600,67.5,0,0.0010169463315907012,0.02488557772436147,81.71902615019167,True,-1.0,18.67732685509908,-1.0,0.018993839029213495,0.0029470167625468653,0.019746241850612564,True,
0.11,pet_600,67.5,0,-0.04776435263622319,0.0004999480755453309,0.08664308530825782,False,-1.0,-1.0,-1.0,-1.0,0.005488580090941515,0.006076509956527917,True,
0.12,pet_600,67.5,0,-0.1453269505718507,0.0001460569329349553,0.025339929517198545,False,-1.0,-1.0,-1.0,-1.0,0.005487079682378208,0.006403077063849759,True,
0.15,pet_600,67.5,0,-0.4380147443787336,6.83375841738943e-05,0.011740191790954313,False,-1.0,-1.0,-1.0,-1.0,0.005482667929799147,0.00691996039082371,True,
0.05,pet_600,67.5,2,0.5376112349775425,0.2722075525780337,47.27804505988315,False,-1.0,-1.0,-1.0,-1.0,0.004983022076015619,0.07362044523663193,True,queue2
0.07,pet_600,67.5,2,0.3424860391062872,0.27126500603441056,47.09864489423965,False,-1.0,-1.0,-1.0,-1.0,0.003963549143045584,0.027897334571609967,True,queue2
0.09,pet_600,67.5,2,0.1473608432350321,0.15246450044512774,47.09132472068161,False,-1.0,-1.0,-1.0,-1.0,0.003940018023205659,0.04416470926635654,True,queue2
0.05,pet_600,67.5,0,0.5376112349775425,0.5367694030779372,1995.213157538353,True,0.8240000000000006,0.812324530210369,0.4438508555369058,0.43671479388894846,36.904145760387784,179.95990237348175,False,stop_h10
0.06,pet_600,67.5,0,0.44004863704191494,0.439710035077641,2082.4348747012737,True,0.9110000000000007,0.8978698656002221,0.38933252156702436,0.3951064105983851,70.11153822482581,179.41040717377263,False,stop_h10
0.07,pet_600,67.5,0,0.3424860391062872,0.3422478377103175,1844.6916560364966,True,1.0319999999999971,1.017752785385679,0.3538553375626733,0.3485661202561324,165.7510030515464,179.45977562208756,False,stop_h10
0.05,pet_600,67.5,0,0.5376112349775425,0.5367694030779372,1844.0042654916604,True,0.8240000000000006,0.812324530210369,0.4438508555369058,0.43671479388894846,157.60179735684525,179.77852178758033,False,stop_h20
0.06,pet_600,67.5,0,0.44004863704191494,0.439710035077641,1659.6977545485624,True,0.9110000000000007,0.8978698656002221,0.38933252156702436,0.3951064105983851,111.9719418474847,178.12093770502955,False,stop_h20
0.07,pet_600,67.5,0,0.3424860391062872,0.3422478377103175,1747.0934965477663,True,1.0319999999999971,1.017752785385679,0.3538553375626733,0.3485661202561324,74.35640229663711,179.1337007614435,False,stop_h20
0.05,pet_600,67.5,0,0.5376112349775425,0.5367694030779372,1587.901831464933,True,0.8240000000000006,0.812324530210369,0.4438508555369058,0.43671479388894846,179.71010194675148,179.6443714133065,False,stop_h30
0.06,pet_600,67.5,0,0.44004863704191494,0.439710035077641,1514.010657043488,True,0.9110000000000007,0.8978698656002221,0.38933252156702436,0.3951064105983851,41.07249638219525,179.55122431734125,False,stop_h30
0.07,pet_600,67.5,0,0.3424860391062872,0.3422478377103175,181.33515177664933,True,1.0319999999999971,1.017752785385679,0.3538553375626733,0.3485661202561324,0.003997533146847789,10.5638598975709,True,stop_h30
0.05,pet_600,67.5,0,0.5376112349775425,0.5367694030779372,1816.800817125509,True,0.8240000000000006,0.812324530210369,0.4438508555369058,0.43671479388894846,108.17893530749483,177.62954547224632,False,stop_h40
0.06,pet_600,67.5,0,0.44004863704191494,0.439710035077641,181.33617815166653,True,0.9110000000000007,0.8978698656002221,0.38933252156702436,0.3951064105983851,0.002018010281467405,12.323218113836617,True,stop_h40
0.07,pet_600,67.5,0,0.3424860391062872,0.3422478377103175,181.33579402263618,True,1.0319999999999971,1.017752785385679,0.3538553375626733,0.3485661202561324,0.0031251838247871497,6.645788389389864,True,stop_h40
0.05,pet_600,67.5,0,0.5376112349775425,0.5367694030779372,181.33562238444173,True,0.8240000000000006,0.812324530210369,0.4438508555369058,0.43671479388894846,0.0014116330749672646,4.661490562384221,True,stop_h60
0.06,pet_600,67.5,0,0.44004863704191494,0.439710035077641,181.3358178828473,True,0.9110000000000007,0.8978698656002221,0.38933252156702436,0.3951064105983851,0.001204759021156291,4.334424094467372,True,stop_h60
0.07,pet_600,67.5,0,0.3424860391062872,0.3422478377103175,181.33602417540257,True,1.0319999999999971,1.017752785385679,0.3538553375626733,0.3485661202561324,0.0010496024585175748,2.8651484949464914,True,stop_h60
0.05,pet_600,67.5,0,0.5376112349775425,0.5367694030779372,181.33608329844435,True,0.8240000000000006,0.812324530210369,0.4438508555369058,0.43671479388894846,0.00047481944138566236,0.1433047024326367,True,stop_h90
0.06,pet_600,67.5,0,0.44004863704191494,0.439710035077641,181.33604372213225,True,0.9110000000000007,0.8978698656002221,0.38933252156702436,0.3951064105983851,0.0007947857701552396,0.28010767228383865,True,stop_h90
0.07,pet_600,67.5,0,0.3424860391062872,0.3422478377103175,181.33612249568415,True,1.0319999999999971,1.017752785385679,0.3538553375626733,0.3485661202561324,0.0006580617880288156,0.11016635560183609,True,stop_h90
0.05,pet_600,67.5,0,0.5376112349775425,0.5367694030779372,1605.30252578885,True,0.8240000000000006,0.812324530210369,0.4438508555369058,0.43671479388894846,35.2842907030954,179.18923053828306,False,stop_solref_0.02
0.06,pet_600,67.5,0,0.44004863704191494,0.439710035077641,1714.28116213166,True,0.9110000000000007,0.8978698656002221,0.38933252156702436,0.3951064105983851,96.44223295802328,179.67937784673555,False,stop_solref_0.02
0.07,pet_600,67.5,0,0.3424860391062872,0.3422478377103175,1431.5459138229799,True,1.0319999999999971,1.017752785385679,0.3538553375626733,0.3485661202561324,86.31947603095928,179.28988165318793,False,stop_solref_0.02
0.05,pet_600,67.5,0,0.5376112349775425,0.5367694030779372,1413.7552801379175,True,0.8240000000000006,0.812324530210369,0.4438508555369058,0.43671479388894846,131.04351356252417,179.67621276242505,False,stop_solref_0.05
0.06,pet_600,67.5,0,0.44004863704191494,0.439710035077641,1368.7025185009657,True,0.9110000000000007,0.8978698656002221,0.38933252156702436,0.3951064105983851,61.91510330025284,179.47255478360745,False,stop_solref_0.05
0.07,pet_600,67.5,0,0.3424860391062872,0.3422478377103175,1397.1422156733884,True,1.0319999999999971,1.017752785385679,0.3538553375626733,0.3485661202561324,163.40628143567716,179.903917394866,False,stop_solref_0.05
0.05,pet_600,67.5,0,0.5376112349775425,0.5367694030779372,181.49457252466468,True,0.8240000000000006,0.812324530210369,0.4438508555369058,0.43671479388894846,0.00377805855430687,5.133402519069258,True,stop_solref_0.1
0.06,pet_600,67.5,0,0.44004863704191494,0.439710035077641,1317.3519718696257,True,0.9110000000000007,0.8978698656002221,0.38933252156702436,0.3951064105983851,22.101255116885483,176.32920756628235,False,stop_solref_0.1
0.07,pet_600,67.5,0,0.3424860391062872,0.3422478377103175,1142.956232232428,True,1.0319999999999971,1.017752785385679,0.3538553375626733,0.3485661202561324,119.32702249966088,178.43190476853218,False,stop_solref_0.1
