variant,box,k_strict,n,rate_strict,lo_strict,hi_strict,k_grip,rate_grip,lo_grip,hi_grip,OK,collision,not_in_lane,off_lane_x,tipped,rejected_closing_distance
Vspec_d1.74,NOM,41,60,0.683,0.558,0.787,60,1.0,0.94,1.0,60,0,0,0,0,0
Vspec_d1.74,G4,28,60,0.467,0.346,0.591,41,0.683,0.558,0.787,41,17,2,0,0,0
Vspec_d1.74,FRONT,23,60,0.383,0.271,0.51,32,0.533,0.409,0.654,32,27,1,0,0,0
Vd2.0,NOM,40,60,0.667,0.541,0.773,60,1.0,0.94,1.0,60,0,0,0,0,0
Vd2.0,G4,30,60,0.5,0.377,0.623,43,0.717,0.592,0.815,43,17,0,0,0,0
Vd2.0,FRONT,23,60,0.383,0.271,0.51,32,0.533,0.409,0.654,32,28,0,0,0,0
Vd2.25,NOM,39,60,0.65,0.524,0.758,60,1.0,0.94,1.0,60,0,0,0,0,0
Vd2.25,G4,31,60,0.517,0.393,0.638,43,0.717,0.592,0.815,43,17,0,0,0,0
Vd2.25,FRONT,23,60,0.383,0.271,0.51,32,0.533,0.409,0.654,32,27,1,0,0,0
Vd2.5,NOM,40,60,0.667,0.541,0.773,60,1.0,0.94,1.0,60,0,0,0,0,0
Vd2.5,G4,31,60,0.517,0.393,0.638,43,0.717,0.592,0.815,43,17,0,0,0,0
Vd2.5,FRONT,23,60,0.383,0.271,0.51,32,0.533,0.409,0.654,32,27,1,0,0,0
Vopen_at_height,NOM,0,60,0.0,-0.0,0.06,0,0.0,-0.0,0.06,0,0,60,0,0,0
Vopen_at_height,G4,0,60,0.0,-0.0,0.06,0,0.0,-0.0,0.06,0,0,59,0,1,0
Vopen_at_height,FRONT,4,60,0.067,0.026,0.159,5,0.083,0.036,0.181,5,0,52,0,3,0
Vopen_retreat4,NOM,18,60,0.3,0.199,0.425,27,0.45,0.331,0.575,27,0,30,0,3,0
Vopen_retreat4,G4,13,60,0.217,0.131,0.336,17,0.283,0.185,0.408,17,7,35,0,1,0
Vopen_retreat4,FRONT,12,60,0.2,0.118,0.318,16,0.267,0.171,0.39,16,11,30,0,3,0
Vopen_retreat4_h,NOM,17,60,0.283,0.185,0.408,5,0.083,0.036,0.181,5,0,32,0,23,0
Vopen_retreat4_h,G4,6,60,0.1,0.047,0.201,4,0.067,0.026,0.159,4,0,48,1,7,0
Vopen_retreat4_h,FRONT,6,60,0.1,0.047,0.201,4,0.067,0.026,0.159,4,0,47,1,8,0
Vd2.0_retreat4,NOM,40,60,0.667,0.541,0.773,60,1.0,0.94,1.0,60,0,0,0,0,0
Vd2.0_retreat4,G4,30,60,0.5,0.377,0.623,43,0.717,0.592,0.815,43,17,0,0,0,0
Vd2.0_retreat4,FRONT,23,60,0.383,0.271,0.51,32,0.533,0.409,0.654,32,28,0,0,0,0
