suite,jaw,level,lane,pitch,rel,success,success_grip,reason,n_coll,collisions,rejected,sku,D_mm,mass_kg,cap_od_mm,ring_od_mm,ring_t_mm,neck_od_mm,free_neck_mm,approach_mm,Dc_est_first_mm,close_gap_first_mm,close_gap_mm,Dc_est_mm,Dc_true_mm,grip_force_N,regrasp_n,regrasp_shift_mm,lift_follow_mm,lift_travel_mm,off_lat_mm,off_dep_mm,ring_above_seat_mm,gamma_deg,n_route_wp,swing_carry_deg,slip_carry_mm,ins_end_by_mm,ins_end_bx_mm,lowered_mm,swing_max_deg,slip_mm,loose_gap_mm,delta_cmd_mm,delta_eff_mm,retreat_mm,t_cycle,bx,by,bz,tilt_plane_deg,tilt_vert_deg,t_stop_s,v_stop_mps,bx_pre,by_pre,tilt_pre_stop_deg,tilt_pre_max_deg,nb_disp_lane_mm,nb_disp_tote_mm,peak_j1,peak_j2,peak_j3,peak_z,peak_grip,joint_acc_peak,j3_static_m_hand,j3_static_m_bottle,j3_static_com_off_x,j3_static_com_off_y,j3_static_Mh_static,j3_static_Fz_static,j3_static_Mh_bottle_only,j3_static_hand_com_y,j3_static_hand_com_x,j3_carry_Mx,j3_carry_My,j3_carry_Mz,j3_carry_Mh,j3_carry_Fx,j3_carry_Fy,j3_carry_Fz,j3_carry_Fzmin,j3_carry_Fzmax,j3_place_Mx,j3_place_My,j3_place_Mz,j3_place_Mh,j3_place_Fx,j3_place_Fy,j3_place_Fz,j3_place_Fzmin,j3_place_Fzmax,j3_retreat_Mx,j3_retreat_My,j3_retreat_Mz,j3_retreat_Mh,j3_retreat_Fx,j3_retreat_Fy,j3_retreat_Fz,j3_retreat_Fzmin,j3_retreat_Fzmax,wall_s,_key
nominal,C,0,1,0.318,Vd2.0,True,True,,0,,False,pet_500,65.8,0.519,30.5,33.0,2.0,25.5,6.0,0.0,30.4992,1.2992,1.2992,30.4992,30.5,24.7917,0,0.0,3.1584,3.16,0.0017,-0.0045,,0,2,0.0247,0.4555,0.5657,0.3325,5.13,0.0248,0.4636,2.299,2.0,2.0,140.0,21.842,-0.1513,0.5473,0.0772,0.0033,6.0033,4.391,0.1389,-0.1513,0.5473,0.0017,5.9866,0.0004,0.0,0.3327,0.4142,0.045,40.1165,24.7917,"[3.435543764307436, 3.8050253605148576, 3.3795695506544376, 0.1500000511578392]",0.4084,0.519,0.0012,0.0628,0.5717,9.0978,0.5295,0.0105,0.0026,0.6345,0.0524,0.0249,0.6349,0.376,0.596,9.3641,8.8583,9.3641,1.5432,0.1888,0.0757,1.5451,1.2035,3.5466,17.6829,-6.4372,17.6829,0.056,0.0129,0.0013,0.057,0.0495,0.3248,4.0713,3.9416,4.0713,21.7211,b242fed8bb45c9099a9d
nominal,C,0,3,0.318,Vd2.0,True,True,,0,,False,pet_500,65.8,0.519,30.5,33.0,2.0,25.5,6.0,0.0,30.4992,1.2992,1.2992,30.4992,30.5,24.7917,0,0.0,3.1584,3.16,0.0017,-0.0045,,0,2,0.0286,0.7631,0.8006,0.2542,5.155,0.0287,0.8051,2.2989,2.0,2.0,85.0,21.431,0.0004,0.5473,0.0772,0.0017,6.0016,4.382,0.1378,0.0005,0.5473,0.0063,5.9979,0.0013,0.0,0.2601,0.3729,0.0385,40.1165,24.7917,"[3.9572199696524812, 3.800629419459245, 3.8755614436558616, 0.1500000511578392]",0.4084,0.519,0.0012,0.0628,0.5717,9.0978,0.5295,0.0105,0.0026,0.6209,0.0401,0.0161,0.6211,0.2719,0.4827,9.3641,8.8583,9.3641,1.5182,0.237,0.069,1.5193,0.9558,4.1403,17.7106,-7.644,17.7106,0.0573,0.0118,0.0012,0.0579,0.0298,0.3498,4.0708,3.9421,4.0708,15.7281,b810263653d9c360b67d
nominal,C,0,5,0.318,Vd2.0,True,True,,0,,False,pet_500,65.8,0.519,30.5,33.0,2.0,25.5,6.0,0.0,30.4992,1.2992,1.2992,30.4992,30.5,24.7917,0,0.0,3.1584,3.16,0.0017,-0.0045,,0,2,0.0303,0.6327,0.6434,0.0569,5.13,0.0305,0.6697,2.2989,2.0,2.0,125.0,22.244,0.1518,0.5473,0.0772,0.0033,6.0032,4.328,0.1402,0.1519,0.5474,0.0031,6.001,0.0005,0.0,0.414,0.1855,0.0382,40.1165,24.7917,"[3.5384755091572018, 3.80502873692512, 4.116469915604881, 0.1500000511578392]",0.4084,0.519,0.0012,0.0628,0.5717,9.0978,0.5295,0.0105,0.0026,0.6205,0.0341,0.0235,0.6209,0.323,0.4838,9.3641,8.8583,9.3641,1.4246,0.178,0.1798,1.4246,0.425,4.7395,17.3988,-3.7188,17.3988,0.059,0.0107,0.0008,0.06,0.0317,0.3746,4.0713,3.9416,4.0713,35.106,13f6f6af8d6c667cdf81
nominal,C,1,1,0.318,Vd2.0,True,True,,0,,False,pet_500,65.8,0.519,30.5,33.0,2.0,25.5,6.0,0.0,30.4992,1.2992,1.2992,30.4992,30.5,24.7917,0,0.0,3.1584,3.16,0.0017,-0.0045,,0,2,0.0271,0.4573,0.5676,0.3408,5.13,0.0273,0.4654,2.299,2.0,2.0,140.0,34.56,-0.1512,0.5473,0.3952,0.0034,6.0033,4.409,0.1364,-0.1512,0.5474,0.0088,5.9872,0.0005,0.0,0.3326,0.4145,0.045,40.1165,24.7917,"[3.435543764307436, 3.8050253605148576, 3.3795695506544376, 0.15000000919140888]",0.4084,0.519,0.0012,0.0628,0.5717,9.0978,0.5295,0.0105,0.0026,0.6345,0.0524,0.0249,0.6349,0.376,0.596,9.3641,8.8583,9.3641,1.5435,0.26,0.0948,1.5454,1.2563,3.5457,17.6922,-6.7417,17.6922,0.056,0.0129,0.0013,0.057,0.0497,0.3248,4.0712,3.9416,4.0712,128.6997,c0c073a0876b99ea5261
nominal,C,1,3,0.318,Vd2.0,True,True,,0,,False,pet_500,65.8,0.519,30.5,33.0,2.0,25.5,6.0,0.0,30.4992,1.2992,1.2992,30.4992,30.5,24.7917,0,0.0,3.1584,3.16,0.0017,-0.0045,,0,2,0.0305,0.7649,0.8025,0.2607,5.155,0.0307,0.8069,2.2989,2.0,2.0,85.0,34.149,0.0005,0.5473,0.3952,0.0025,6.0024,4.371,0.1377,0.0005,0.5473,0.0039,5.9983,0.0021,0.0,0.2601,0.3715,0.0385,40.1165,24.7917,"[3.9572199696524812, 3.800629419459245, 3.8755614436558616, 0.15000000921916445]",0.4084,0.519,0.0012,0.0628,0.5717,9.0978,0.5295,0.0105,0.0026,0.6209,0.0401,0.0161,0.6212,0.2719,0.4827,9.3641,8.8583,9.3641,1.4821,0.2341,0.0574,1.4831,0.9305,4.0495,17.3778,-5.6826,17.3778,0.0573,0.0118,0.0012,0.0579,0.0298,0.3499,4.0708,3.9421,4.0708,32.6719,72bbb95388e7dfe0e209
nominal,C,1,5,0.318,Vd2.0,True,True,,0,,False,pet_500,65.8,0.519,30.5,33.0,2.0,25.5,6.0,0.0,30.4992,1.2992,1.2992,30.4992,30.5,24.7917,0,0.0,3.1584,3.16,0.0017,-0.0045,,0,2,0.0328,0.6345,0.6452,0.0651,5.13,0.033,0.6715,2.2989,2.0,2.0,125.0,34.962,0.1518,0.5473,0.3952,0.0015,6.0014,4.392,0.1375,0.1519,0.5473,0.0034,6.001,0.0006,0.0,0.4719,0.1856,0.0382,40.1165,24.7917,"[3.5384755091572018, 3.80502873692512, 4.116469915604881, 0.15000000921916445]",0.4084,0.519,0.0012,0.0628,0.5717,9.0978,0.5295,0.0105,0.0026,0.6205,0.0342,0.0235,0.6209,0.323,0.4838,9.3641,8.8583,9.3641,1.425,0.2116,0.1797,1.425,0.384,4.7402,17.4159,-7.7688,17.4159,0.059,0.0113,0.0008,0.06,0.0326,0.3747,4.0712,3.9416,4.0712,33.9238,2d4ca80109ef79b243c1
nominal,C,0,1,0.318,Vd2.0,True,True,,0,,False,pet_600,67.5,0.65,30.5,33.0,2.0,25.5,6.0,0.0,30.5272,1.3272,1.3272,30.5272,30.5,24.7917,0,0.0,3.1534,3.16,0.002,-0.0,,0,2,0.0274,0.4555,0.5784,0.3622,5.13,0.0276,0.4643,2.3265,2.0,2.0,140.0,21.893,-0.1509,0.5464,0.0772,0.003,6.003,4.11,0.1386,-0.151,0.5465,0.0043,5.981,0.0009,0.0,0.3543,0.5781,0.0519,41.5584,24.7917,"[3.435543764307436, 3.7974405406870915, 3.3523467792284656, 0.15000001765685944]",0.4084,0.65,0.001,0.0679,0.7054,10.3829,0.6632,0.0105,0.0026,0.7847,0.0645,0.0313,0.7852,0.4388,0.6641,10.6758,10.1226,10.6758,1.8362,0.3615,0.1015,1.8393,1.7267,4.4914,20.4093,-6.3553,20.4093,0.0559,0.0128,0.0012,0.0569,0.0488,0.3238,4.0709,3.942,4.0709,22.1809,9013db589e68e5b7aff9
nominal,C,0,3,0.318,Vd2.0,True,True,,0,,False,pet_600,67.5,0.65,30.5,33.0,2.0,25.5,6.0,0.0,30.5272,1.3272,1.3272,30.5272,30.5,24.7917,0,0.0,3.1534,3.16,0.002,-0.0,,0,2,0.0326,0.7634,0.8088,0.2895,5.155,0.0328,0.8061,2.3265,2.0,2.0,85.0,21.481,0.0008,0.5464,0.0772,0.005,6.005,4.22,0.1359,0.0007,0.5464,0.0077,5.9926,0.0009,0.0,0.2743,0.5594,0.0427,41.5585,24.7917,"[3.9572199696524812, 3.796097940933496, 3.8755614436558616, 0.15000001767073723]",0.4084,0.65,0.001,0.0679,0.7054,10.3829,0.6632,0.0105,0.0026,0.767,0.0486,0.0201,0.7675,0.3024,0.5315,10.6758,10.1226,10.6758,2.0405,0.2709,0.0852,2.0584,1.1053,5.2754,20.1584,-13.102,20.1584,0.0572,0.0118,0.0012,0.0579,0.0297,0.349,4.0706,3.9423,4.0706,92.9062,0b1d6c0bd34f6a1a0b35
nominal,C,0,5,0.318,Vd2.0,True,True,,0,,False,pet_600,67.5,0.65,30.5,33.0,2.0,25.5,6.0,0.0,30.5272,1.3272,1.3272,30.5272,30.5,24.7917,0,0.0,3.1534,3.16,0.002,-0.0,,0,2,0.0336,0.6319,0.6452,0.0723,5.13,0.0338,0.6696,2.3265,2.0,2.0,125.0,22.295,0.1519,0.5464,0.0772,0.0032,6.0032,4.143,0.136,0.1518,0.5465,0.0022,6.0,0.0003,0.0,0.6042,0.2909,0.0396,41.5584,24.7917,"[3.5384755091572018, 3.7974446909783133, 4.116469915604881, 0.15000001765685944]",0.4084,0.65,0.001,0.0679,0.7054,10.3829,0.6632,0.0105,0.0026,0.7663,0.0414,0.0293,0.7669,0.3443,0.5327,10.6758,10.1226,10.6758,1.698,0.3054,0.143,1.7252,0.6778,6.2428,19.9232,-7.1719,19.9232,0.0589,0.0107,0.0008,0.0599,0.0313,0.3728,4.0709,3.942,4.0709,80.1702,8c5c7c81fe2bded31166
nominal,C,1,1,0.318,Vd2.0,True,True,,0,,False,pet_600,67.5,0.65,30.5,33.0,2.0,25.5,6.0,0.0,30.5272,1.3272,1.3272,30.5272,30.5,24.7917,0,0.0,3.1534,3.16,0.002,-0.0,,0,2,0.0276,0.4555,0.5784,0.3629,5.13,0.0278,0.4643,2.3265,2.0,2.0,140.0,34.611,-0.151,0.5464,0.3952,0.0051,6.0051,3.956,0.1424,-0.1509,0.5465,0.0022,5.981,0.0014,0.0,0.3543,0.5242,0.0483,41.5584,24.7917,"[3.435543764307436, 3.7974405407981138, 3.3523467795060213, 0.1500000032517157]",0.4084,0.65,0.001,0.0679,0.7054,10.3829,0.6632,0.0105,0.0026,0.7847,0.0645,0.0313,0.7852,0.4388,0.6641,10.6758,10.1226,10.6758,1.8361,0.2872,0.1001,1.8392,1.4382,4.3239,20.4081,-7.7401,20.4081,0.0559,0.0128,0.0013,0.0569,0.0494,0.3238,4.0709,3.942,4.0709,35.0837,b34c28f47dbec3f943f7
nominal,C,1,3,0.318,Vd2.0,True,True,,0,,False,pet_600,67.5,0.65,30.5,33.0,2.0,25.5,6.0,0.0,30.5272,1.3272,1.3272,30.5272,30.5,24.7917,0,0.0,3.1534,3.16,0.002,-0.0,,0,2,0.0327,0.7633,0.8088,0.2899,5.155,0.0329,0.8061,2.3265,2.0,2.0,85.0,34.199,0.0008,0.5464,0.3952,0.0029,6.0029,3.927,0.1415,0.0007,0.5465,0.0095,5.9926,0.0013,0.0,0.3562,0.5377,0.0403,41.5585,24.7917,"[3.9572199696524812, 3.796097940933496, 3.8755614436558616, 0.15000000322396012]",0.4084,0.65,0.001,0.0679,0.7054,10.3829,0.6632,0.0105,0.0026,0.767,0.0486,0.0201,0.7675,0.3024,0.5314,10.6758,10.1226,10.6758,2.4511,0.3589,0.0812,2.4716,1.4312,5.3129,20.1593,-15.9964,20.1593,0.0572,0.0118,0.0012,0.0579,0.0297,0.349,4.0706,3.9423,4.0706,47.8919,84d19d90bcd8126bbf62
nominal,C,1,5,0.318,Vd2.0,True,True,,0,,False,pet_600,67.5,0.65,30.5,33.0,2.0,25.5,6.0,0.0,30.5272,1.3272,1.3272,30.5272,30.5,24.7917,0,0.0,3.1534,3.16,0.002,-0.0,,0,2,0.0338,0.6318,0.6451,0.0729,5.13,0.034,0.6696,2.3265,2.0,2.0,125.0,35.013,0.1519,0.5464,0.3952,0.003,6.003,3.759,0.1395,0.1518,0.5466,0.0048,6.0,0.0004,0.0,0.6927,0.3018,0.0396,41.5584,24.7917,"[3.5384755091572018, 3.7974446909783133, 4.116469915604881, 0.15000000322396012]",0.4084,0.65,0.001,0.0679,0.7054,10.3829,0.6632,0.0105,0.0026,0.7663,0.0414,0.0293,0.7669,0.3443,0.5327,10.6758,10.1226,10.6758,1.9844,0.3148,0.1429,2.0005,0.6248,6.3437,19.9218,-8.9726,19.9218,0.0589,0.0107,0.0008,0.0599,0.0313,0.3728,4.0709,3.942,4.0709,34.1191,d3d64fd8ac97f979444a
nominal,F,0,1,0.318,Vd2.0,True,True,,0,,False,pet_500,65.8,0.519,30.5,33.0,2.0,25.5,6.0,0.0,28.9993,-0.2007,-0.2007,28.9993,30.5,24.7917,0,0.0,3.2456,4.52,0.0027,-0.0027,,0,2,0.031,0.5111,0.5876,0.4538,5.13,0.0932,0.7202,0.7929,2.0,2.0,140.0,22.619,-0.1526,0.5473,0.0772,0.0016,6.0014,5.626,0.1637,-0.1524,0.5474,0.002,5.9134,0.0004,0.0,0.3324,0.1972,0.1088,35.551,24.7917,"[3.435543764307436, 3.805040633408918, 3.379620552523832, 0.15000000123943646]",0.4068,0.519,0.0012,0.0627,0.5699,9.0821,0.5295,0.0101,0.0027,0.7586,0.0983,0.0352,0.7586,0.379,0.619,10.455,5.0235,10.455,0.768,0.1916,0.1155,0.7686,0.6752,1.3766,10.3196,3.8271,10.3196,0.5342,0.1695,0.1209,0.5589,0.697,1.1233,8.3478,1.7327,8.3478,26.8893,e5e31f737df34e1a0b6e
nominal,F,0,3,0.318,Vd2.0,True,True,,0,,False,pet_500,65.8,0.519,30.5,33.0,2.0,25.5,6.0,0.0,28.9993,-0.2007,-0.2007,28.9993,30.5,24.7917,0,0.0,3.2456,4.52,0.0027,-0.0027,,0,2,0.0195,0.8665,0.8372,0.5397,5.155,0.0887,1.0997,0.7952,2.0,2.0,85.0,22.208,-0.0013,0.5473,0.0772,0.0033,6.0032,5.64,0.1684,-0.0012,0.5473,0.002,5.9115,0.0014,0.0,0.3523,0.189,0.1053,35.551,24.7917,"[3.9572199696524812, 3.8006391527289907, 3.8755614436558616, 0.15000000123943646]",0.4068,0.519,0.0012,0.0627,0.5699,9.0821,0.5295,0.0101,0.0027,0.7586,0.0983,0.0352,0.7586,0.2729,0.492,10.455,5.0235,10.455,0.6621,0.1992,0.0853,0.6912,0.6607,1.6506,9.3393,3.786,9.3393,0.6466,0.2009,0.1265,0.6771,0.6992,1.1138,9.341,3.9266,9.341,31.2514,b98d62c0f3781a0f9883
nominal,F,0,5,0.318,Vd2.0,True,True,,0,,False,pet_500,65.8,0.519,30.5,33.0,2.0,25.5,6.0,0.0,28.9993,-0.2007,-0.2007,28.9993,30.5,24.7917,0,0.0,3.2456,4.52,0.0027,-0.0027,,0,2,0.0322,0.7542,0.6822,0.3225,5.155,0.1127,1.039,0.797,2.0,2.0,125.0,22.276,0.1501,0.5473,0.0772,0.0016,6.0014,4.907,0.1582,0.1502,0.5473,0.003,5.8916,0.0005,0.0,0.2465,0.2688,0.0513,35.551,24.7917,"[3.5384755091572018, 3.8050460909322403, 4.116469915604881, 0.15000000123943646]",0.4068,0.519,0.0012,0.0627,0.5699,9.0821,0.5295,0.0101,0.0027,0.7586,0.0983,0.0352,0.7586,0.3193,0.4884,10.455,5.0235,10.455,0.767,0.1603,0.1169,0.767,0.5979,1.9039,10.2498,3.7884,10.2498,0.4822,0.1232,0.0929,0.4976,0.5111,1.147,7.9454,3.9262,7.9454,84.0581,4109ed02075e49d44afb
nominal,F,1,1,0.318,Vd2.0,True,True,,0,,False,pet_500,65.8,0.519,30.5,33.0,2.0,25.5,6.0,0.0,28.9993,-0.2007,-0.2007,28.9993,30.5,24.7917,0,0.0,3.2456,4.52,0.0027,-0.0027,,0,2,0.031,0.5111,0.5876,0.4538,5.13,0.0933,0.7205,0.793,2.0,2.0,140.0,35.337,-0.1533,0.5473,0.3952,0.0016,6.0014,5.59,0.1686,-0.1532,0.5473,0.0142,5.9128,0.0005,0.0,0.3325,0.1972,0.1082,35.551,24.7917,"[3.435543764307436, 3.805040633408918, 3.379620552523832, 0.1500000002818691]",0.4068,0.519,0.0012,0.0627,0.5699,9.0821,0.5295,0.0101,0.0027,0.7586,0.0983,0.0352,0.7586,0.379,0.619,10.455,5.0235,10.455,0.7437,0.1919,0.1118,0.745,0.6718,1.4105,10.1675,3.7867,10.1675,0.5004,0.1871,0.1323,0.5256,0.7362,1.1033,8.5031,3.9262,8.5031,36.3311,9535790d4e19f56534b0
nominal,F,1,3,0.318,Vd2.0,True,True,,0,,False,pet_500,65.8,0.519,30.5,33.0,2.0,25.5,6.0,0.0,28.9993,-0.2007,-0.2007,28.9993,30.5,24.7917,0,0.0,3.2456,4.52,0.0027,-0.0027,,0,2,0.0195,0.8664,0.8371,0.5397,5.155,0.0888,1.1,0.7952,2.0,2.0,85.0,34.926,-0.0002,0.5473,0.3952,0.0034,6.0033,5.505,0.1606,-0.0002,0.5473,0.0062,5.9177,0.0021,0.0,0.2611,0.3364,0.0584,35.551,24.7917,"[3.9572199696524812, 3.8006391527289907, 3.8755614436558616, 0.15000000030962468]",0.4068,0.519,0.0012,0.0627,0.5699,9.0821,0.5295,0.0101,0.0027,0.7586,0.0983,0.0352,0.7586,0.2729,0.4865,10.455,5.0235,10.455,0.8644,0.1544,0.1342,0.8649,0.6898,1.6554,11.0031,3.7758,11.0031,0.6445,0.1539,0.063,0.6618,0.5758,0.9977,9.344,3.9266,9.344,92.4733,2cdc5f7ec5eb3d22a761
nominal,F,1,5,0.318,Vd2.0,True,True,,0,,False,pet_500,65.8,0.519,30.5,33.0,2.0,25.5,6.0,0.0,28.9993,-0.2007,-0.2007,28.9993,30.5,24.7917,0,0.0,3.2456,4.52,0.0027,-0.0027,,0,2,0.0322,0.7541,0.6822,0.3224,5.155,0.1138,1.0424,0.797,2.0,2.0,125.0,34.994,0.152,0.5473,0.3952,0.0033,6.0032,4.922,0.1628,0.1522,0.5473,0.0054,5.8927,0.0006,0.0,0.4995,0.154,0.094,35.551,24.7917,"[3.5384755091572018, 3.8050460909322403, 4.116469915604881, 0.1500000002818691]",0.4068,0.519,0.0012,0.0627,0.5699,9.0821,0.5295,0.0101,0.0027,0.7586,0.0983,0.0352,0.7586,0.3193,0.4884,10.455,5.0235,10.455,0.6969,0.1968,0.0936,0.6971,0.6511,1.7725,9.7481,3.7695,9.7481,0.6451,0.1961,0.1202,0.6743,0.6366,1.1715,9.3177,3.9262,9.3177,41.0915,2fb688fe25e406f602fe
nominal,F,0,1,0.318,Vd2.0,True,True,,0,,False,pet_600,67.5,0.65,30.5,33.0,2.0,25.5,6.0,0.0,28.9993,-0.2007,-0.2007,28.9993,30.5,24.7917,0,0.0,3.2404,4.52,0.0001,0.0,,0,2,0.0471,0.5115,0.6106,0.4612,5.155,0.1138,0.8308,0.7929,2.0,2.0,140.0,22.675,-0.1508,0.5464,0.0772,0.0044,6.0044,5.476,0.1743,-0.1508,0.5465,0.0126,5.8862,0.0009,0.0,0.3541,0.2334,0.1076,37.1058,24.7917,"[3.435543764307436, 3.797442816255714, 3.352364644326755, 0.15000006918508557]",0.4068,0.65,0.001,0.0679,0.7036,10.3672,0.6632,0.0101,0.0027,0.9265,0.1035,0.0379,0.9266,0.4476,0.6903,12.2161,5.2301,12.2161,0.9865,0.2209,0.1021,0.9879,0.7431,1.8814,12.3352,3.761,12.3352,0.7962,0.2237,0.1193,0.8266,0.7535,1.0912,10.6523,3.9265,10.6523,13.7285,810740422b89f76935f1
nominal,F,0,3,0.318,Vd2.0,True,True,,0,,False,pet_600,67.5,0.65,30.5,33.0,2.0,25.5,6.0,0.0,28.9993,-0.2007,-0.2007,28.9993,30.5,24.7917,0,0.0,3.2404,4.52,0.0001,0.0,,0,2,0.023,0.8704,0.8617,0.5565,5.18,0.1087,1.2189,0.7964,2.0,2.0,85.0,22.263,-0.0001,0.5464,0.0772,0.0041,6.0041,5.476,0.1744,0.0002,0.5466,0.0175,5.8913,0.0009,0.0,0.3644,0.2133,0.1002,37.1058,24.7917,"[3.9572199696524812, 3.7960981004725447, 3.8755614436558616, 0.15000006918508557]",0.4068,0.65,0.001,0.0679,0.7036,10.3672,0.6632,0.0101,0.0027,0.9265,0.0867,0.0328,0.9266,0.3037,0.5541,12.2161,5.2301,12.2161,1.0181,0.2173,0.1095,1.0194,0.7235,2.1462,12.5075,3.7606,12.5075,0.7939,0.2194,0.1015,0.8231,0.7007,1.0652,10.6493,3.9268,10.6493,33.6409,1d31195d5cc536bf2d5b
nominal,F,0,5,0.318,Vd2.0,True,True,,0,,False,pet_600,67.5,0.65,30.5,33.0,2.0,25.5,6.0,0.0,28.9993,-0.2007,-0.2007,28.9993,30.5,24.7917,0,0.0,3.2404,4.52,0.0001,0.0,,0,2,0.0391,0.7587,0.698,0.3256,5.155,0.0999,1.0638,0.7988,2.0,2.0,125.0,22.327,0.1512,0.5464,0.0772,0.003,6.003,5.014,0.2071,0.1514,0.5466,0.0152,7.64,0.0003,0.0,0.453,0.1659,0.1072,37.1058,24.7917,"[3.5384755091572018, 3.7974429361042894, 4.116469915604881, 0.15000006918508557]",0.4068,0.65,0.001,0.0679,0.7036,10.3672,0.6632,0.0101,0.0027,0.9265,0.1035,0.0379,0.9266,0.3445,0.5288,12.2161,5.2301,12.2161,0.8121,0.2335,0.0791,0.8443,0.6999,2.5208,10.6647,3.7672,10.6647,0.8148,0.2348,0.1109,0.8404,0.6838,1.0541,10.893,3.9248,10.893,26.1424,2fe0c280668435fb037f
nominal,F,1,1,0.318,Vd2.0,True,True,,0,,False,pet_600,67.5,0.65,30.5,33.0,2.0,25.5,6.0,0.0,28.9993,-0.2007,-0.2007,28.9993,30.5,24.7917,0,0.0,3.2404,4.52,0.0001,0.0,,0,2,0.0471,0.5115,0.6106,0.4612,5.155,0.114,0.8311,0.7929,2.0,2.0,140.0,35.393,-0.1512,0.5464,0.3952,0.0029,6.0029,5.507,0.1711,-0.151,0.5466,0.0046,5.886,0.0014,0.0,0.354,0.2442,0.1084,37.1058,24.7917,"[3.435543764307436, 3.7974428160891804, 3.352364644271244, 0.1500000124665668]",0.4068,0.65,0.001,0.0679,0.7036,10.3672,0.6632,0.0101,0.0027,0.9265,0.1035,0.0379,0.9266,0.4476,0.6903,12.2161,5.2301,12.2161,0.9812,0.2211,0.1185,0.9829,0.7423,1.894,12.3183,3.761,12.3183,0.796,0.2239,0.1139,0.8265,0.7794,1.0403,10.6623,3.9265,10.6623,41.3915,2c16af2f18e5ce689ab8
nominal,F,1,3,0.318,Vd2.0,True,True,,0,,False,pet_600,67.5,0.65,30.5,33.0,2.0,25.5,6.0,0.0,28.9993,-0.2007,-0.2007,28.9993,30.5,24.7917,0,0.0,3.2404,4.52,0.0001,0.0,,0,2,0.023,0.8705,0.8619,0.5565,5.18,0.1086,1.2179,0.7964,2.0,2.0,85.0,34.981,0.0004,0.5464,0.3952,0.003,6.003,5.464,0.1723,0.0006,0.5466,0.0154,5.8913,0.0014,0.0,0.3637,0.2129,0.0997,37.1058,24.7917,"[3.9572199696524812, 3.7960981004725447, 3.8755614436558616, 0.1500000124665668]",0.4068,0.65,0.001,0.0679,0.7036,10.3672,0.6632,0.0101,0.0027,0.9265,0.0867,0.0328,0.9266,0.3037,0.5565,12.2161,5.2301,12.2161,1.0248,0.2164,0.1132,1.0262,0.7337,2.1593,12.572,3.7602,12.572,0.7941,0.2185,0.0988,0.823,0.6992,1.0536,10.6412,3.9268,10.6412,55.0118,df529e74c3cc25bd1514
nominal,F,1,5,0.318,Vd2.0,True,True,,0,,False,pet_600,67.5,0.65,30.5,33.0,2.0,25.5,6.0,0.0,28.9993,-0.2007,-0.2007,28.9993,30.5,24.7917,0,0.0,3.2404,4.52,0.0001,0.0,,0,2,0.0391,0.7588,0.6981,0.3256,5.155,0.1,1.0642,0.7988,2.0,2.0,125.0,35.045,0.1498,0.5464,0.3952,0.0032,6.0032,4.959,0.22,0.1493,0.5466,0.0066,7.6398,0.0004,0.0,0.453,0.1659,0.1072,37.1058,24.7917,"[3.5384755091572018, 3.7974429362153117, 4.116469915604881, 0.1500000124665668]",0.4068,0.65,0.001,0.0679,0.7036,10.3672,0.6632,0.0101,0.0027,0.9265,0.1035,0.0379,0.9266,0.3443,0.5311,12.2161,5.2301,12.2161,0.8121,0.2335,0.0791,0.8443,0.6999,2.5208,10.6647,3.7672,10.6647,0.8148,0.2348,0.1109,0.8404,0.6838,1.0541,10.893,3.3492,10.893,112.6612,bebe66476f04322b4d3e
