mode,case,payload_kg,I_J3_kgm2,T_peak_alpha2_Nm,T_peak_alpha5_Nm,T_peak_alpha10_Nm,T_hold_lateral_0p3g_Nm,T_tip_accel_0p3g_swing_alpha28_Nm
PET,500 mL,0.519,0.00684,0.034,0.054,0.088,0.172,0.191
PET,600 mL,0.65,0.00835,0.037,0.062,0.103,0.212,0.234
PET,1 L,1.072,0.01338,0.047,0.087,0.154,0.341,0.375
PET,1.5 L,1.605,0.0199,0.06,0.119,0.219,0.504,0.557
PET,2 L (stretch),2.13,0.02692,0.074,0.155,0.289,0.665,0.754
CAN,355 mL can,0.382,0.01095,0.042,0.075,0.129,0.268,0.307
CAN,355 slim can,0.382,0.01089,0.042,0.074,0.129,0.268,0.305
CAN,473 mL can,0.507,0.01237,0.045,0.082,0.144,0.307,0.346
CAN,473 mL can (hand 0.336 kg task value),0.507,0.01086,0.042,0.074,0.129,0.273,0.304
